/* SPDX-License-Identifier: GPL-2.0 */
/*
 * Register addresses and programming sequences for the VB1940 image sensor.
 *
 * Tables are mechanically derived from the s56 reference data
 * (s56_mode_tbls.h); each source entry's leading I2C-address byte is
 * dropped because every write here goes to the sensor's own slave
 * address. {TABLE_WAIT_MS, _, ms} becomes {VB1940_REG_DELAY, ms} and
 * {0x00, TABLE_END, 0x00} becomes {VB1940_REG_END, 0x00}.
 *
 * Intended to be included by vb1940.c only.
 */
#ifndef __VB1940_REGS_H__
#define __VB1940_REGS_H__

#include <linux/types.h>

/* Sensor register addresses (from s56_ctrl.c / s56_mode_tbls.h) */
#define VB1940_REG_STREAM_START		0x0516
#define VB1940_REG_STREAM_STOP		0x0517
#define VB1940_REG_ANALOG_GAIN		0x0ca1
#define VB1940_REG_EXPOSURE_LOW		0x0ca2
#define VB1940_REG_EXPOSURE_HIGH	0x0ca3

/* Register entry abstractions used by mode tables */
#define VB1940_REG_DELAY		0xfffe
#define VB1940_REG_END			0xffff

struct vb1940_reg {
	u16 addr;
	u8  val;
};

/*
 * Stream control sequences. The original s56 tables write to S56_0_ADDR /
 * S56_1_ADDR (0x20 / 0x22); in this driver every write goes to the I2C
 * client's own slave address so the source address byte is dropped.
 */
static const struct vb1940_reg vb1940_stream_start[] = {
	{ VB1940_REG_STREAM_START, 0x01 },
	{ VB1940_REG_END, 0x00 },
};

static const struct vb1940_reg vb1940_stream_stop[] = {
	{ VB1940_REG_STREAM_STOP, 0x01 },
	{ VB1940_REG_END, 0x00 },
};

/* Master mode: free-running. Apply on a sensor designated as master. */
static const struct vb1940_reg __maybe_unused vb1940_master_config[] = {
	{ 0x0ac6, 0x00 },
	{ VB1940_REG_END, 0x00 },
};

/* Slave mode: externally synchronised. Apply on a sensor designated as slave. */
static const struct vb1940_reg __maybe_unused vb1940_slave_config[] = {
	{ 0x0ac6, 0x01 },
	{ 0x0ad5, 0x05 },
	{ 0x0b49, 0x02 },
	{ 0x0b91, 0x02 },
	{ 0x0bd9, 0x02 },
	{ 0x0c21, 0x02 },
	{ VB1940_REG_END, 0x00 },
};

/*
 * Full sensor initialisation / mode programming sequence for
 * 2560x1984 RAW10 @ 30 fps, extracted verbatim from the s56 reference
 * table (s56_0_mode_2560x1984_raw10_30fps[] in s56_mode_tbls.h).
 * Serializer/deserializer entries are intentionally excluded; they are
 * handled by the GMSL2 serdes drivers.
 */
static const struct vb1940_reg vb1940_2560x1984_30fps_regs[] = {
    { VB1940_REG_DELAY, 100 },
    { 0x0734, 0x40 },
    { 0x0735, 0x78 },
    { 0x0736, 0x7d },
    { 0x0737, 0x01 },
    { 0x0514, 0x01 },
    { VB1940_REG_DELAY, 100 },
    { 0x1aa8, 0x30 },
    { 0x1aa9, 0x81 },
    { 0x1aaa, 0xaa },
    { 0x1aab, 0x83 },
    { 0x1aac, 0x01 },
    { 0x1aad, 0x01 },
    { 0x1aae, 0x94 },
    { 0x1aaf, 0x40 },
    { 0x1ab0, 0x79 },
    { 0x1ab1, 0xd1 },
    { 0x1ab2, 0xee },
    { 0x1ab3, 0x6c },
    { 0x1ab4, 0xcc },
    { 0x1ab5, 0x71 },
    { 0x1ab6, 0xba },
    { 0x1ab7, 0xf7 },
    { 0x1ab8, 0x6c },
    { 0x1ab9, 0x1c },
    { 0x1aba, 0x33 },
    { 0x1abb, 0x43 },
    { 0x1abc, 0x26 },
    { 0x1abd, 0xa4 },
    { 0x1abe, 0x00 },
    { 0x1abf, 0xe2 },
    { 0x1ac0, 0x79 },
    { 0x1ac1, 0xa1 },
    { 0x1ac2, 0x77 },
    { 0x1ac3, 0x39 },
    { 0x1ac4, 0x47 },
    { 0x1ac5, 0x42 },
    { 0x1ac6, 0x36 },
    { 0x1ac7, 0x84 },
    { 0x1ac8, 0x43 },
    { 0x1ac9, 0xb1 },
    { 0x1aca, 0x29 },
    { 0x1acb, 0x3e },
    { 0x1acc, 0x70 },
    { 0x1acd, 0xd8 },
    { 0x1ace, 0xe2 },
    { 0x1acf, 0x5b },
    { 0x1ad0, 0x18 },
    { 0x1ad1, 0x45 },
    { 0x1ad2, 0xd0 },
    { 0x1ad3, 0x9b },
    { 0x1ad4, 0xae },
    { 0x1ad5, 0xe9 },
    { 0x1ad6, 0xf3 },
    { 0x1ad7, 0x2c },
    { 0x1ad8, 0x13 },
    { 0x1ad9, 0xaa },
    { 0x1ada, 0x4a },
    { 0x1adb, 0xd5 },
    { 0x1adc, 0xcb },
    { 0x1add, 0xa5 },
    { 0x1ade, 0x05 },
    { 0x1adf, 0xb1 },
    { 0x1ae0, 0x9f },
    { 0x1ae1, 0x77 },
    { 0x1ae2, 0xdb },
    { 0x1ae3, 0x1d },
    { 0x1ae4, 0x42 },
    { 0x1ae5, 0x72 },
    { 0x1ae6, 0xca },
    { 0x1ae7, 0x67 },
    { 0x1ae8, 0x7a },
    { 0x1ae9, 0x0f },
    { 0x1aea, 0x51 },
    { 0x1aeb, 0x7f },
    { 0x1aec, 0xe0 },
    { 0x1aed, 0xb0 },
    { 0x1aee, 0xbd },
    { 0x1aef, 0xda },
    { 0x1af0, 0x8a },
    { 0x1af1, 0x04 },
    { 0x1af2, 0x53 },
    { 0x1af3, 0x39 },
    { 0x1af4, 0x34 },
    { 0x1af5, 0x30 },
    { 0x1af6, 0x8b },
    { 0x1af7, 0x10 },
    { 0x1af8, 0xbd },
    { 0x1af9, 0x9e },
    { 0x1afa, 0xb0 },
    { 0x1afb, 0x96 },
    { 0x1afc, 0xc4 },
    { 0x1afd, 0xc3 },
    { 0x1afe, 0x75 },
    { 0x1aff, 0x2f },
    { 0x1b00, 0x2f },
    { 0x1b01, 0x75 },
    { 0x1b02, 0xdd },
    { 0x1b03, 0xae },
    { 0x1b04, 0xc0 },
    { 0x1b05, 0xb6 },
    { 0x1b06, 0x79 },
    { 0x1b07, 0xe6 },
    { 0x1b08, 0x84 },
    { 0x1b09, 0x01 },
    { 0x1b0a, 0xad },
    { 0x1b0b, 0x87 },
    { 0x1b0c, 0x20 },
    { 0x1b0d, 0x7b },
    { 0x1b0e, 0x35 },
    { 0x1b0f, 0xa5 },
    { 0x1b10, 0x9e },
    { 0x1b11, 0x74 },
    { 0x1b12, 0x5d },
    { 0x1b13, 0x5f },
    { 0x1b14, 0x78 },
    { 0x1b15, 0x62 },
    { 0x1b16, 0xe3 },
    { 0x1b17, 0xdb },
    { 0x1b18, 0xe3 },
    { 0x1b19, 0x14 },
    { 0x1b1a, 0xf3 },
    { 0x1b1b, 0xa9 },
    { 0x1b1c, 0x00 },
    { 0x1b1d, 0x2e },
    { 0x1b1e, 0xa6 },
    { 0x1b1f, 0x1f },
    { 0x1b20, 0x61 },
    { 0x1b21, 0xe5 },
    { 0x1b22, 0x22 },
    { 0x1b23, 0x7c },
    { 0x1b24, 0xd0 },
    { 0x1b25, 0xc5 },
    { 0x1b26, 0xfa },
    { 0x1b27, 0x2b },
    { 0x1b28, 0xf7 },
    { 0x1b29, 0x21 },
    { 0x1b2a, 0x35 },
    { 0x1b2b, 0xcd },
    { 0x1b2c, 0x68 },
    { 0x1b2d, 0x85 },
    { 0x1b2e, 0x01 },
    { 0x1b2f, 0x00 },
    { 0x1b30, 0x82 },
    { 0x1b31, 0x01 },
    { 0x1b32, 0xdb },
    { 0x1b33, 0x30 },
    { 0x1b34, 0x20 },
    { 0x1b35, 0x04 },
    { 0x1b36, 0x04 },
    { 0x1b37, 0x65 },
    { 0x1b38, 0x74 },
    { 0x1b39, 0x74 },
    { 0x1b3a, 0x6d },
    { 0x1b3b, 0x31 },
    { 0x1b3c, 0x18 },
    { 0x1b3d, 0x04 },
    { 0x1b3e, 0x04 },
    { 0x1b3f, 0x64 },
    { 0x1b40, 0x62 },
    { 0x1b41, 0x67 },
    { 0x1b42, 0x72 },
    { 0x1b43, 0x04 },
    { 0x1b44, 0x04 },
    { 0x1b45, 0x6f },
    { 0x1b46, 0x6c },
    { 0x1b47, 0x62 },
    { 0x1b48, 0x74 },
    { 0x1b49, 0x04 },
    { 0x1b4a, 0x04 },
    { 0x1b4b, 0x70 },
    { 0x1b4c, 0x72 },
    { 0x1b4d, 0x6f },
    { 0x1b4e, 0x76 },
    { 0x1b4f, 0x04 },
    { 0x1b50, 0x04 },
    { 0x1b51, 0x76 },
    { 0x1b52, 0x74 },
    { 0x1b53, 0x72 },
    { 0x1b54, 0x70 },
    { 0x1b55, 0x30 },
    { 0x1b56, 0x44 },
    { 0x1b57, 0x02 },
    { 0x1b58, 0x20 },
    { 0x1b59, 0x01 },
    { 0x1b5a, 0xcd },
    { 0x1b5b, 0xb2 },
    { 0x1b5c, 0x1c },
    { 0x1b5d, 0xda },
    { 0x1b5e, 0x11 },
    { 0x1b5f, 0xa2 },
    { 0x1b60, 0x68 },
    { 0x1b61, 0x3d },
    { 0x1b62, 0x9a },
    { 0x1b63, 0xbf },
    { 0x1b64, 0x02 },
    { 0x1b65, 0x35 },
    { 0x1b66, 0x5c },
    { 0x1b67, 0x67 },
    { 0x1b68, 0x5d },
    { 0x1b69, 0x9f },
    { 0x1b6a, 0x81 },
    { 0x1b6b, 0xad },
    { 0x1b6c, 0x71 },
    { 0x1b6d, 0x9e },
    { 0x1b6e, 0x57 },
    { 0x1b6f, 0x87 },
    { 0x1b70, 0xaa },
    { 0x1b71, 0x62 },
    { 0x1b72, 0x4b },
    { 0x1b73, 0x53 },
    { 0x1b74, 0xb3 },
    { 0x1b75, 0x44 },
    { 0x1b76, 0xe9 },
    { 0x1b77, 0xbd },
    { 0x1b78, 0xf9 },
    { 0x1b79, 0x02 },
    { 0x1b7a, 0x20 },
    { 0x1b7b, 0x1c },
    { 0x1b7c, 0xe3 },
    { 0x1b7d, 0x11 },
    { 0x1b7e, 0x36 },
    { 0x1b7f, 0x79 },
    { 0x1b80, 0x55 },
    { 0x1b81, 0xca },
    { 0x1b82, 0xa3 },
    { 0x1b83, 0x9b },
    { 0x1b84, 0xec },
    { 0x1b85, 0x38 },
    { 0x1b86, 0x0f },
    { 0x1b87, 0x66 },
    { 0x1b88, 0xa6 },
    { 0x1b89, 0x77 },
    { 0x1b8a, 0x3c },
    { 0x1b8b, 0xd1 },
    { 0x1b8c, 0x66 },
    { 0x1b8d, 0x14 },
    { 0x1b8e, 0x08 },
    { 0x1b8f, 0xb1 },
    { 0x1b90, 0xff },
    { 0x1b91, 0xaf },
    { 0x1b92, 0xd1 },
    { 0x1b93, 0x9f },
    { 0x1b94, 0x55 },
    { 0x1b95, 0x49 },
    { 0x1b96, 0x78 },
    { 0x1b97, 0x16 },
    { 0x1b98, 0x6e },
    { 0x1b99, 0x37 },
    { 0x1b9a, 0x92 },
    { 0x1b9b, 0x30 },
    { 0x1b9c, 0x81 },
    { 0x1b9d, 0x8c },
    { 0x1b9e, 0x83 },
    { 0x1b9f, 0x01 },
    { 0x1ba0, 0x01 },
    { 0x1ba1, 0x8a },
    { 0x1ba2, 0x04 },
    { 0x1ba3, 0x53 },
    { 0x1ba4, 0x39 },
    { 0x1ba5, 0x34 },
    { 0x1ba6, 0x30 },
    { 0x1ba7, 0x8b },
    { 0x1ba8, 0x10 },
    { 0x1ba9, 0xbd },
    { 0x1baa, 0x9e },
    { 0x1bab, 0xb0 },
    { 0x1bac, 0x96 },
    { 0x1bad, 0xc4 },
    { 0x1bae, 0xc3 },
    { 0x1baf, 0x75 },
    { 0x1bb0, 0x2f },
    { 0x1bb1, 0x2f },
    { 0x1bb2, 0x75 },
    { 0x1bb3, 0xdd },
    { 0x1bb4, 0xae },
    { 0x1bb5, 0xc0 },
    { 0x1bb6, 0xb6 },
    { 0x1bb7, 0x79 },
    { 0x1bb8, 0xe6 },
    { 0x1bb9, 0x81 },
    { 0x1bba, 0x10 },
    { 0x1bbb, 0x00 },
    { 0x1bbc, 0x00 },
    { 0x1bbd, 0x00 },
    { 0x1bbe, 0x00 },
    { 0x1bbf, 0x00 },
    { 0x1bc0, 0x00 },
    { 0x1bc1, 0x00 },
    { 0x1bc2, 0x00 },
    { 0x1bc3, 0x00 },
    { 0x1bc4, 0x00 },
    { 0x1bc5, 0x00 },
    { 0x1bc6, 0x00 },
    { 0x1bc7, 0x00 },
    { 0x1bc8, 0x00 },
    { 0x1bc9, 0x00 },
    { 0x1bca, 0x00 },
    { 0x1bcb, 0x84 },
    { 0x1bcc, 0x01 },
    { 0x1bcd, 0xad },
    { 0x1bce, 0x87 },
    { 0x1bcf, 0x20 },
    { 0x1bd0, 0x7b },
    { 0x1bd1, 0x35 },
    { 0x1bd2, 0xa5 },
    { 0x1bd3, 0x9e },
    { 0x1bd4, 0x74 },
    { 0x1bd5, 0x5d },
    { 0x1bd6, 0x5f },
    { 0x1bd7, 0x78 },
    { 0x1bd8, 0x62 },
    { 0x1bd9, 0xe3 },
    { 0x1bda, 0xdb },
    { 0x1bdb, 0xe3 },
    { 0x1bdc, 0x14 },
    { 0x1bdd, 0xf3 },
    { 0x1bde, 0xa9 },
    { 0x1bdf, 0x00 },
    { 0x1be0, 0x2e },
    { 0x1be1, 0xa6 },
    { 0x1be2, 0x1f },
    { 0x1be3, 0x61 },
    { 0x1be4, 0xe5 },
    { 0x1be5, 0x22 },
    { 0x1be6, 0x7c },
    { 0x1be7, 0xd0 },
    { 0x1be8, 0xc5 },
    { 0x1be9, 0xfa },
    { 0x1bea, 0x2b },
    { 0x1beb, 0xf7 },
    { 0x1bec, 0x21 },
    { 0x1bed, 0x35 },
    { 0x1bee, 0xcd },
    { 0x1bef, 0x68 },
    { 0x1bf0, 0x92 },
    { 0x1bf1, 0x10 },
    { 0x1bf2, 0xa1 },
    { 0x1bf3, 0xa7 },
    { 0x1bf4, 0xa4 },
    { 0x1bf5, 0x66 },
    { 0x1bf6, 0x77 },
    { 0x1bf7, 0x57 },
    { 0x1bf8, 0xb2 },
    { 0x1bf9, 0x70 },
    { 0x1bfa, 0x05 },
    { 0x1bfb, 0xa0 },
    { 0x1bfc, 0x42 },
    { 0x1bfd, 0x86 },
    { 0x1bfe, 0x00 },
    { 0x1bff, 0xd6 },
    { 0x1c00, 0xd0 },
    { 0x1c01, 0x59 },
    { 0x1c02, 0x85 },
    { 0x1c03, 0x01 },
    { 0x1c04, 0x00 },
    { 0x1c05, 0x82 },
    { 0x1c06, 0x01 },
    { 0x1c07, 0xdb },
    { 0x1c08, 0x30 },
    { 0x1c09, 0x20 },
    { 0x1c0a, 0x04 },
    { 0x1c0b, 0x04 },
    { 0x1c0c, 0x65 },
    { 0x1c0d, 0x74 },
    { 0x1c0e, 0x74 },
    { 0x1c0f, 0x6d },
    { 0x1c10, 0x31 },
    { 0x1c11, 0x18 },
    { 0x1c12, 0x04 },
    { 0x1c13, 0x04 },
    { 0x1c14, 0x64 },
    { 0x1c15, 0x62 },
    { 0x1c16, 0x67 },
    { 0x1c17, 0x72 },
    { 0x1c18, 0x04 },
    { 0x1c19, 0x04 },
    { 0x1c1a, 0x6f },
    { 0x1c1b, 0x6c },
    { 0x1c1c, 0x62 },
    { 0x1c1d, 0x74 },
    { 0x1c1e, 0x04 },
    { 0x1c1f, 0x04 },
    { 0x1c20, 0x70 },
    { 0x1c21, 0x72 },
    { 0x1c22, 0x6f },
    { 0x1c23, 0x76 },
    { 0x1c24, 0x04 },
    { 0x1c25, 0x04 },
    { 0x1c26, 0x76 },
    { 0x1c27, 0x74 },
    { 0x1c28, 0x72 },
    { 0x1c29, 0x70 },
    { 0x1c2a, 0x30 },
    { 0x1c2b, 0x45 },
    { 0x1c2c, 0x02 },
    { 0x1c2d, 0x20 },
    { 0x1c2e, 0x17 },
    { 0x1c2f, 0x5f },
    { 0x1c30, 0x50 },
    { 0x1c31, 0xbf },
    { 0x1c32, 0x79 },
    { 0x1c33, 0x41 },
    { 0x1c34, 0xd6 },
    { 0x1c35, 0x55 },
    { 0x1c36, 0x60 },
    { 0x1c37, 0xcb },
    { 0x1c38, 0xf5 },
    { 0x1c39, 0x9d },
    { 0x1c3a, 0xbf },
    { 0x1c3b, 0x50 },
    { 0x1c3c, 0xf9 },
    { 0x1c3d, 0xc3 },
    { 0x1c3e, 0xfd },
    { 0x1c3f, 0xee },
    { 0x1c40, 0x9c },
    { 0x1c41, 0x3c },
    { 0x1c42, 0x3c },
    { 0x1c43, 0xa1 },
    { 0x1c44, 0x02 },
    { 0x1c45, 0x1c },
    { 0x1c46, 0xf9 },
    { 0x1c47, 0x33 },
    { 0x1c48, 0x52 },
    { 0x1c49, 0x14 },
    { 0x1c4a, 0x1d },
    { 0x1c4b, 0xbf },
    { 0x1c4c, 0xd8 },
    { 0x1c4d, 0x67 },
    { 0x1c4e, 0x02 },
    { 0x1c4f, 0x21 },
    { 0x1c50, 0x00 },
    { 0x1c51, 0xc0 },
    { 0x1c52, 0x7c },
    { 0x1c53, 0xd2 },
    { 0x1c54, 0x6f },
    { 0x1c55, 0x05 },
    { 0x1c56, 0xe7 },
    { 0x1c57, 0x71 },
    { 0x1c58, 0x20 },
    { 0x1c59, 0xaa },
    { 0x1c5a, 0xdb },
    { 0x1c5b, 0xfa },
    { 0x1c5c, 0x5b },
    { 0x1c5d, 0x85 },
    { 0x1c5e, 0xd8 },
    { 0x1c5f, 0xbd },
    { 0x1c60, 0x92 },
    { 0x1c61, 0xcd },
    { 0x1c62, 0xd1 },
    { 0x1c63, 0x08 },
    { 0x1c64, 0x76 },
    { 0x1c65, 0x7e },
    { 0x1c66, 0x1f },
    { 0x1c67, 0x1c },
    { 0x1c68, 0xd6 },
    { 0x1c69, 0xa2 },
    { 0x1c6a, 0x03 },
    { 0x1c6b, 0xb6 },
    { 0x1c6c, 0xac },
    { 0x1c6d, 0xff },
    { 0x1c6e, 0xb8 },
    { 0x1c6f, 0xfa },
    { 0x1c70, 0xdd },
    { 0x0515, 0x01 },
    { 0x2000, 0xec },
    { 0x2001, 0xec },
    { 0x2002, 0xfc },
    { 0x2003, 0x0f },
    { 0x2004, 0x7b },
    { 0x2005, 0x88 },
    { 0x2006, 0xe6 },
    { 0x2007, 0x4e },
    { 0x2008, 0x47 },
    { 0x2009, 0x75 },
    { 0x200a, 0x98 },
    { 0x200b, 0x15 },
    { 0x200c, 0x48 },
    { 0x200d, 0xcf },
    { 0x200e, 0xe0 },
    { 0x200f, 0x4a },
    { 0x2010, 0xad },
    { 0x2011, 0xd6 },
    { 0x2012, 0x5a },
    { 0x2013, 0xaa },
    { 0x2014, 0xa4 },
    { 0x2015, 0x29 },
    { 0x2016, 0x7f },
    { 0x2017, 0x20 },
    { 0x2018, 0x72 },
    { 0x2019, 0x0a },
    { 0x201a, 0x62 },
    { 0x201b, 0xa9 },
    { 0x201c, 0x75 },
    { 0x201d, 0xd0 },
    { 0x201e, 0x15 },
    { 0x201f, 0xe7 },
    { 0x2020, 0xd2 },
    { 0x2021, 0x51 },
    { 0x2022, 0x89 },
    { 0x2023, 0xca },
    { 0x2024, 0x31 },
    { 0x2025, 0x59 },
    { 0x2026, 0x7d },
    { 0x2027, 0x88 },
    { 0x2028, 0x9c },
    { 0x2029, 0x9a },
    { 0x202a, 0x5a },
    { 0x202b, 0x18 },
    { 0x202c, 0x0c },
    { 0x202d, 0xb2 },
    { 0x202e, 0xa7 },
    { 0x202f, 0xee },
    { 0x2030, 0xfb },
    { 0x2031, 0x70 },
    { 0x2032, 0xbe },
    { 0x2033, 0xc1 },
    { 0x2034, 0x77 },
    { 0x2035, 0x3c },
    { 0x2036, 0x8a },
    { 0x2037, 0xab },
    { 0x2038, 0x69 },
    { 0x2039, 0xd0 },
    { 0x203a, 0x5b },
    { 0x203b, 0x72 },
    { 0x203c, 0xcd },
    { 0x203d, 0xb9 },
    { 0x203e, 0xf9 },
    { 0x203f, 0x84 },
    { 0x2040, 0xae },
    { 0x2041, 0xca },
    { 0x2042, 0x25 },
    { 0x2043, 0x09 },
    { 0x2044, 0x6d },
    { 0x2045, 0x83 },
    { 0x2046, 0x03 },
    { 0x2047, 0xb5 },
    { 0x2048, 0x95 },
    { 0x2049, 0x42 },
    { 0x204a, 0xc0 },
    { 0x204b, 0x6a },
    { 0x204c, 0x94 },
    { 0x204d, 0xd9 },
    { 0x204e, 0xf2 },
    { 0x204f, 0xb4 },
    { 0x2050, 0x1e },
    { 0x2051, 0x07 },
    { 0x2052, 0xa2 },
    { 0x2053, 0xcc },
    { 0x2054, 0x36 },
    { 0x2055, 0xff },
    { 0x2056, 0xf5 },
    { 0x2057, 0x27 },
    { 0x2058, 0x05 },
    { 0x2059, 0x0d },
    { 0x205a, 0x43 },
    { 0x205b, 0xed },
    { 0x205c, 0x8b },
    { 0x205d, 0x8d },
    { 0x205e, 0x71 },
    { 0x205f, 0x59 },
    { 0x2060, 0xde },
    { 0x2061, 0x6d },
    { 0x2062, 0x60 },
    { 0x2063, 0x72 },
    { 0x2064, 0xd3 },
    { 0x2065, 0xdf },
    { 0x2066, 0x30 },
    { 0x2067, 0x95 },
    { 0x2068, 0x26 },
    { 0x2069, 0xc9 },
    { 0x206a, 0x14 },
    { 0x206b, 0x99 },
    { 0x206c, 0x34 },
    { 0x206d, 0x2e },
    { 0x206e, 0x76 },
    { 0x206f, 0x55 },
    { 0x2070, 0x15 },
    { 0x2071, 0xf9 },
    { 0x2072, 0x33 },
    { 0x2073, 0x25 },
    { 0x2074, 0x61 },
    { 0x2075, 0x8f },
    { 0x2076, 0xc4 },
    { 0x2077, 0xf4 },
    { 0x2078, 0xdc },
    { 0x2079, 0x13 },
    { 0x207a, 0xfa },
    { 0x207b, 0xec },
    { 0x207c, 0x5b },
    { 0x207d, 0xbd },
    { 0x207e, 0x3f },
    { 0x207f, 0xdd },
    { 0x2080, 0xa3 },
    { 0x2081, 0x22 },
    { 0x2082, 0x11 },
    { 0x2083, 0xc1 },
    { 0x2084, 0x34 },
    { 0x2085, 0x67 },
    { 0x2086, 0x9b },
    { 0x2087, 0x29 },
    { 0x2088, 0x80 },
    { 0x2089, 0x2a },
    { 0x208a, 0x08 },
    { 0x208b, 0x62 },
    { 0x208c, 0x55 },
    { 0x208d, 0xc8 },
    { 0x208e, 0x92 },
    { 0x208f, 0xe1 },
    { 0x2090, 0xb5 },
    { 0x2091, 0xb9 },
    { 0x2092, 0x57 },
    { 0x2093, 0x52 },
    { 0x2094, 0x63 },
    { 0x2095, 0x26 },
    { 0x2096, 0xbd },
    { 0x2097, 0xf9 },
    { 0x2098, 0x54 },
    { 0x2099, 0x9c },
    { 0x209a, 0x2f },
    { 0x209b, 0x81 },
    { 0x209c, 0x6e },
    { 0x209d, 0x72 },
    { 0x209e, 0x27 },
    { 0x209f, 0x8a },
    { 0x20a0, 0xf6 },
    { 0x20a1, 0x59 },
    { 0x20a2, 0x71 },
    { 0x20a3, 0x17 },
    { 0x20a4, 0x59 },
    { 0x20a5, 0x18 },
    { 0x20a6, 0x82 },
    { 0x20a7, 0x98 },
    { 0x20a8, 0x07 },
    { 0x20a9, 0xa4 },
    { 0x20aa, 0x31 },
    { 0x20ab, 0x58 },
    { 0x20ac, 0xcc },
    { 0x20ad, 0x5e },
    { 0x20ae, 0x9a },
    { 0x20af, 0x3e },
    { 0x20b0, 0x8a },
    { 0x20b1, 0xac },
    { 0x20b2, 0x84 },
    { 0x20b3, 0x3b },
    { 0x20b4, 0x0d },
    { 0x20b5, 0xa5 },
    { 0x20b6, 0x9d },
    { 0x20b7, 0xf4 },
    { 0x20b8, 0xcc },
    { 0x20b9, 0x39 },
    { 0x20ba, 0x0c },
    { 0x20bb, 0x50 },
    { 0x20bc, 0xca },
    { 0x20bd, 0x81 },
    { 0x20be, 0x3e },
    { 0x20bf, 0x17 },
    { 0x20c0, 0x9b },
    { 0x20c1, 0xf0 },
    { 0x20c2, 0xac },
    { 0x20c3, 0x08 },
    { 0x20c4, 0x41 },
    { 0x20c5, 0x83 },
    { 0x20c6, 0xf8 },
    { 0x20c7, 0xca },
    { 0x20c8, 0xaa },
    { 0x20c9, 0xc6 },
    { 0x20ca, 0x1d },
    { 0x20cb, 0xfd },
    { 0x20cc, 0xda },
    { 0x20cd, 0x12 },
    { 0x20ce, 0xe7 },
    { 0x20cf, 0xa1 },
    { 0x20d0, 0x8c },
    { 0x20d1, 0x7d },
    { 0x20d2, 0xdb },
    { 0x20d3, 0x5c },
    { 0x20d4, 0xf0 },
    { 0x20d5, 0x28 },
    { 0x20d6, 0x17 },
    { 0x20d7, 0x68 },
    { 0x20d8, 0xe5 },
    { 0x20d9, 0x99 },
    { 0x20da, 0xce },
    { 0x20db, 0xfa },
    { 0x20dc, 0x37 },
    { 0x20dd, 0xa1 },
    { 0x20de, 0x2b },
    { 0x20df, 0x4e },
    { 0x20e0, 0x26 },
    { 0x20e1, 0x9c },
    { 0x20e2, 0x38 },
    { 0x20e3, 0xa7 },
    { 0x20e4, 0x76 },
    { 0x20e5, 0xa4 },
    { 0x20e6, 0xd2 },
    { 0x20e7, 0x17 },
    { 0x20e8, 0xc6 },
    { 0x20e9, 0x61 },
    { 0x20ea, 0x2d },
    { 0x20eb, 0x1d },
    { 0x20ec, 0x1a },
    { 0x20ed, 0x0e },
    { 0x20ee, 0xd0 },
    { 0x20ef, 0x24 },
    { 0x20f0, 0xd0 },
    { 0x20f1, 0x71 },
    { 0x20f2, 0xad },
    { 0x20f3, 0x0a },
    { 0x20f4, 0x35 },
    { 0x20f5, 0xad },
    { 0x20f6, 0xd9 },
    { 0x20f7, 0x08 },
    { 0x20f8, 0x53 },
    { 0x20f9, 0xd7 },
    { 0x20fa, 0x98 },
    { 0x20fb, 0x9d },
    { 0x20fc, 0x39 },
    { 0x20fd, 0xa4 },
    { 0x20fe, 0x71 },
    { 0x20ff, 0x2f },
    { 0x2100, 0xe3 },
    { 0x2101, 0x02 },
    { 0x2102, 0x63 },
    { 0x2103, 0xff },
    { 0x2104, 0x9b },
    { 0x2105, 0xdd },
    { 0x2106, 0xdf },
    { 0x2107, 0x13 },
    { 0x2108, 0xa6 },
    { 0x2109, 0xce },
    { 0x210a, 0xee },
    { 0x210b, 0xff },
    { 0x210c, 0xc2 },
    { 0x210d, 0xb7 },
    { 0x210e, 0xb3 },
    { 0x210f, 0x54 },
    { 0x2110, 0x1d },
    { 0x2111, 0x25 },
    { 0x2112, 0x07 },
    { 0x2113, 0x1c },
    { 0x2114, 0x25 },
    { 0x2115, 0x02 },
    { 0x2116, 0x13 },
    { 0x2117, 0x9b },
    { 0x2118, 0x95 },
    { 0x2119, 0xf6 },
    { 0x211a, 0x0b },
    { 0x211b, 0x7e },
    { 0x211c, 0x7a },
    { 0x211d, 0xd3 },
    { 0x211e, 0x98 },
    { 0x211f, 0x2d },
    { 0x2120, 0x88 },
    { 0x2121, 0x92 },
    { 0x2122, 0xa5 },
    { 0x2123, 0xb1 },
    { 0x2124, 0x48 },
    { 0x2125, 0x3e },
    { 0x2126, 0xab },
    { 0x2127, 0x66 },
    { 0x2128, 0xbe },
    { 0x2129, 0x23 },
    { 0x212a, 0x58 },
    { 0x212b, 0x95 },
    { 0x212c, 0x45 },
    { 0x212d, 0x4a },
    { 0x212e, 0xf6 },
    { 0x212f, 0xf1 },
    { 0x2130, 0xd7 },
    { 0x2131, 0xb2 },
    { 0x2132, 0x34 },
    { 0x2133, 0xda },
    { 0x2134, 0x44 },
    { 0x2135, 0x8a },
    { 0x2136, 0x71 },
    { 0x2137, 0x16 },
    { 0x2138, 0xbb },
    { 0x2139, 0xb8 },
    { 0x213a, 0x5f },
    { 0x213b, 0x6a },
    { 0x213c, 0x03 },
    { 0x213d, 0x72 },
    { 0x213e, 0x08 },
    { 0x213f, 0x7e },
    { 0x2140, 0xf6 },
    { 0x2141, 0x6a },
    { 0x2142, 0xfb },
    { 0x2143, 0xaf },
    { 0x2144, 0xed },
    { 0x2145, 0x47 },
    { 0x2146, 0x86 },
    { 0x2147, 0x8a },
    { 0x2148, 0x23 },
    { 0x2149, 0x2f },
    { 0x214a, 0x53 },
    { 0x214b, 0xe0 },
    { 0x214c, 0x66 },
    { 0x214d, 0x83 },
    { 0x214e, 0x74 },
    { 0x214f, 0x67 },
    { 0x2150, 0xbe },
    { 0x2151, 0x65 },
    { 0x2152, 0xcc },
    { 0x2153, 0x4e },
    { 0x2154, 0xa0 },
    { 0x2155, 0xc0 },
    { 0x2156, 0x52 },
    { 0x2157, 0xf5 },
    { 0x2158, 0x91 },
    { 0x2159, 0x68 },
    { 0x215a, 0x32 },
    { 0x215b, 0x32 },
    { 0x215c, 0xb1 },
    { 0x215d, 0xa3 },
    { 0x215e, 0xaf },
    { 0x215f, 0x58 },
    { 0x2160, 0xbd },
    { 0x2161, 0x1f },
    { 0x2162, 0x00 },
    { 0x2163, 0xf6 },
    { 0x2164, 0x38 },
    { 0x2165, 0xd3 },
    { 0x2166, 0x32 },
    { 0x2167, 0x2b },
    { 0x2168, 0x20 },
    { 0x2169, 0x79 },
    { 0x216a, 0xe3 },
    { 0x216b, 0xeb },
    { 0x216c, 0x41 },
    { 0x216d, 0xb5 },
    { 0x216e, 0x79 },
    { 0x216f, 0x95 },
    { 0x2170, 0xab },
    { 0x2171, 0x83 },
    { 0x2172, 0x9f },
    { 0x2173, 0x3f },
    { 0x2174, 0x87 },
    { 0x2175, 0x4f },
    { 0x2176, 0xe0 },
    { 0x2177, 0x4a },
    { 0x2178, 0x86 },
    { 0x2179, 0xaa },
    { 0x217a, 0x7d },
    { 0x217b, 0x1e },
    { 0x217c, 0x9f },
    { 0x217d, 0x67 },
    { 0x217e, 0x52 },
    { 0x217f, 0xc2 },
    { 0x2180, 0x19 },
    { 0x2181, 0x18 },
    { 0x2182, 0x30 },
    { 0x2183, 0x5b },
    { 0x2184, 0x17 },
    { 0x2185, 0x3b },
    { 0x2186, 0x69 },
    { 0x2187, 0x49 },
    { 0x2188, 0x56 },
    { 0x2189, 0x45 },
    { 0x218a, 0x55 },
    { 0x218b, 0x22 },
    { 0x218c, 0x58 },
    { 0x218d, 0xa9 },
    { 0x218e, 0x8d },
    { 0x218f, 0x4f },
    { 0x2190, 0x6c },
    { 0x2191, 0xae },
    { 0x2192, 0x7b },
    { 0x2193, 0x3f },
    { 0x2194, 0x2c },
    { 0x2195, 0x42 },
    { 0x2196, 0xcf },
    { 0x2197, 0x03 },
    { 0x2198, 0xc3 },
    { 0x2199, 0xaf },
    { 0x219a, 0x41 },
    { 0x219b, 0x3c },
    { 0x219c, 0xe0 },
    { 0x219d, 0x58 },
    { 0x219e, 0xf4 },
    { 0x219f, 0xda },
    { 0x21a0, 0x7e },
    { 0x21a1, 0xcb },
    { 0x21a2, 0xfb },
    { 0x21a3, 0x25 },
    { 0x21a4, 0xa3 },
    { 0x21a5, 0xb4 },
    { 0x21a6, 0xda },
    { 0x21a7, 0x0b },
    { 0x21a8, 0xd0 },
    { 0x21a9, 0xca },
    { 0x21aa, 0x29 },
    { 0x21ab, 0xbc },
    { 0x21ac, 0xdc },
    { 0x21ad, 0x45 },
    { 0x21ae, 0xb6 },
    { 0x21af, 0xc3 },
    { 0x21b0, 0x25 },
    { 0x21b1, 0xb4 },
    { 0x21b2, 0x90 },
    { 0x21b3, 0x1f },
    { 0x21b4, 0xec },
    { 0x21b5, 0x05 },
    { 0x21b6, 0xf8 },
    { 0x21b7, 0x8d },
    { 0x21b8, 0xed },
    { 0x21b9, 0xda },
    { 0x21ba, 0x10 },
    { 0x21bb, 0x86 },
    { 0x21bc, 0xaa },
    { 0x21bd, 0xe2 },
    { 0x21be, 0xe5 },
    { 0x21bf, 0xe7 },
    { 0x21c0, 0x07 },
    { 0x21c1, 0x9a },
    { 0x21c2, 0x59 },
    { 0x21c3, 0x42 },
    { 0x21c4, 0x34 },
    { 0x21c5, 0x56 },
    { 0x21c6, 0x41 },
    { 0x21c7, 0x45 },
    { 0x21c8, 0xfa },
    { 0x21c9, 0x3d },
    { 0x21ca, 0x4b },
    { 0x21cb, 0xfb },
    { 0x21cc, 0xce },
    { 0x21cd, 0x68 },
    { 0x21ce, 0x5e },
    { 0x21cf, 0xd9 },
    { 0x21d0, 0xe6 },
    { 0x21d1, 0x6f },
    { 0x21d2, 0x3a },
    { 0x21d3, 0x08 },
    { 0x21d4, 0x20 },
    { 0x21d5, 0xbd },
    { 0x21d6, 0xcf },
    { 0x21d7, 0xb5 },
    { 0x21d8, 0xed },
    { 0x21d9, 0x3e },
    { 0x21da, 0xf4 },
    { 0x21db, 0x87 },
    { 0x21dc, 0x20 },
    { 0x21dd, 0xab },
    { 0x21de, 0x75 },
    { 0x21df, 0xf6 },
    { 0x21e0, 0xff },
    { 0x21e1, 0xaa },
    { 0x21e2, 0x78 },
    { 0x21e3, 0x08 },
    { 0x21e4, 0x7e },
    { 0x21e5, 0x6f },
    { 0x21e6, 0x7c },
    { 0x21e7, 0xdf },
    { 0x21e8, 0xbf },
    { 0x21e9, 0x70 },
    { 0x21ea, 0xe9 },
    { 0x21eb, 0x62 },
    { 0x21ec, 0x74 },
    { 0x21ed, 0xf6 },
    { 0x21ee, 0x5f },
    { 0x21ef, 0xe8 },
    { 0x21f0, 0x31 },
    { 0x21f1, 0x6b },
    { 0x21f2, 0xc2 },
    { 0x21f3, 0xea },
    { 0x21f4, 0x17 },
    { 0x21f5, 0x61 },
    { 0x21f6, 0x8c },
    { 0x21f7, 0x74 },
    { 0x21f8, 0x57 },
    { 0x21f9, 0xd6 },
    { 0x21fa, 0xcd },
    { 0x21fb, 0x3a },
    { 0x21fc, 0x29 },
    { 0x21fd, 0x04 },
    { 0x21fe, 0xed },
    { 0x21ff, 0x9f },
    { 0x2200, 0xa7 },
    { 0x2201, 0xb1 },
    { 0x2202, 0x21 },
    { 0x2203, 0x0f },
    { 0x2204, 0x76 },
    { 0x2205, 0xf2 },
    { 0x2206, 0xec },
    { 0x2207, 0x99 },
    { 0x2208, 0xa7 },
    { 0x2209, 0x00 },
    { 0x220a, 0xce },
    { 0x220b, 0xbc },
    { 0x220c, 0xa8 },
    { 0x220d, 0x6d },
    { 0x220e, 0x89 },
    { 0x220f, 0x14 },
    { 0x2210, 0x17 },
    { 0x2211, 0x72 },
    { 0x2212, 0x0a },
    { 0x2213, 0x1f },
    { 0x2214, 0xde },
    { 0x2215, 0x7f },
    { 0x2216, 0x5e },
    { 0x2217, 0x6f },
    { 0x2218, 0x0f },
    { 0x2219, 0xe5 },
    { 0x221a, 0x46 },
    { 0x221b, 0x50 },
    { 0x221c, 0xcd },
    { 0x221d, 0xb8 },
    { 0x221e, 0xec },
    { 0x221f, 0xb3 },
    { 0x2220, 0x1a },
    { 0x2221, 0x3d },
    { 0x2222, 0x09 },
    { 0x2223, 0xb6 },
    { 0x2224, 0x9e },
    { 0x2225, 0xa8 },
    { 0x2226, 0x17 },
    { 0x2227, 0x85 },
    { 0x2228, 0x69 },
    { 0x2229, 0xe8 },
    { 0x222a, 0xb2 },
    { 0x222b, 0x57 },
    { 0x222c, 0x1e },
    { 0x222d, 0x4e },
    { 0x222e, 0xe7 },
    { 0x222f, 0xcb },
    { 0x2230, 0xc2 },
    { 0x2231, 0xb6 },
    { 0x2232, 0xd1 },
    { 0x2233, 0xac },
    { 0x2234, 0x5d },
    { 0x2235, 0x6e },
    { 0x2236, 0x76 },
    { 0x2237, 0xc9 },
    { 0x2238, 0x55 },
    { 0x2239, 0x20 },
    { 0x223a, 0xd8 },
    { 0x223b, 0x4b },
    { 0x223c, 0x03 },
    { 0x223d, 0xc9 },
    { 0x223e, 0xfc },
    { 0x223f, 0x57 },
    { 0x2240, 0x37 },
    { 0x2241, 0x21 },
    { 0x2242, 0xbe },
    { 0x2243, 0xe8 },
    { 0x2244, 0xe4 },
    { 0x2245, 0xe9 },
    { 0x2246, 0xf7 },
    { 0x2247, 0xe7 },
    { 0x2248, 0xe8 },
    { 0x2249, 0xc7 },
    { 0x224a, 0x7f },
    { 0x224b, 0x3e },
    { 0x224c, 0xe5 },
    { 0x224d, 0xb7 },
    { 0x224e, 0x21 },
    { 0x224f, 0xfd },
    { 0x2250, 0x34 },
    { 0x2251, 0xe2 },
    { 0x2252, 0x51 },
    { 0x2253, 0x7f },
    { 0x2254, 0x26 },
    { 0x2255, 0xad },
    { 0x2256, 0x00 },
    { 0x2257, 0x2f },
    { 0x2258, 0x76 },
    { 0x2259, 0x2d },
    { 0x225a, 0x0a },
    { 0x225b, 0x6c },
    { 0x225c, 0x6c },
    { 0x225d, 0x6c },
    { 0x225e, 0x3d },
    { 0x225f, 0x42 },
    { 0x2260, 0x6f },
    { 0x2261, 0xee },
    { 0x2262, 0x0b },
    { 0x2263, 0xd3 },
    { 0x2264, 0xfd },
    { 0x2265, 0x62 },
    { 0x2266, 0xf3 },
    { 0x2267, 0xa8 },
    { 0x2268, 0x72 },
    { 0x2269, 0x39 },
    { 0x226a, 0x0a },
    { 0x226b, 0x7e },
    { 0x226c, 0x8a },
    { 0x226d, 0xb5 },
    { 0x226e, 0xe1 },
    { 0x226f, 0x0a },
    { 0x2270, 0xbc },
    { 0x2271, 0x08 },
    { 0x2272, 0xbd },
    { 0x2273, 0x40 },
    { 0x2274, 0xdb },
    { 0x2275, 0x1d },
    { 0x2276, 0xc7 },
    { 0x2277, 0x62 },
    { 0x2278, 0xa4 },
    { 0x2279, 0x8e },
    { 0x227a, 0x10 },
    { 0x227b, 0xf5 },
    { 0x227c, 0x1c },
    { 0x227d, 0x80 },
    { 0x227e, 0x4e },
    { 0x227f, 0x54 },
    { 0x2280, 0x40 },
    { 0x2281, 0x1f },
    { 0x2282, 0x4f },
    { 0x2283, 0x22 },
    { 0x2284, 0x7b },
    { 0x2285, 0x10 },
    { 0x2286, 0xab },
    { 0x2287, 0x5a },
    { 0x2288, 0x12 },
    { 0x2289, 0x1e },
    { 0x228a, 0x2d },
    { 0x228b, 0x62 },
    { 0x228c, 0xd3 },
    { 0x228d, 0x2e },
    { 0x228e, 0x61 },
    { 0x228f, 0x73 },
    { 0x2290, 0x4f },
    { 0x2291, 0x0a },
    { 0x2292, 0x21 },
    { 0x2293, 0x78 },
    { 0x2294, 0xb9 },
    { 0x2295, 0x33 },
    { 0x2296, 0x0d },
    { 0x2297, 0xa9 },
    { 0x2298, 0x96 },
    { 0x2299, 0x02 },
    { 0x229a, 0x0c },
    { 0x229b, 0x00 },
    { 0x229c, 0x65 },
    { 0x229d, 0x47 },
    { 0x229e, 0xc0 },
    { 0x229f, 0xf5 },
    { 0x22a0, 0x1b },
    { 0x22a1, 0xf9 },
    { 0x22a2, 0x42 },
    { 0x22a3, 0xda },
    { 0x22a4, 0xd1 },
    { 0x22a5, 0xf0 },
    { 0x22a6, 0x64 },
    { 0x22a7, 0x18 },
    { 0x22a8, 0xdd },
    { 0x22a9, 0x93 },
    { 0x22aa, 0x61 },
    { 0x22ab, 0xe6 },
    { 0x22ac, 0x07 },
    { 0x22ad, 0xa8 },
    { 0x22ae, 0x0b },
    { 0x22af, 0xfb },
    { 0x22b0, 0xae },
    { 0x22b1, 0xa9 },
    { 0x22b2, 0x76 },
    { 0x22b3, 0x1d },
    { 0x22b4, 0xcc },
    { 0x22b5, 0x3b },
    { 0x22b6, 0xb7 },
    { 0x22b7, 0x2f },
    { 0x22b8, 0xe1 },
    { 0x22b9, 0xc3 },
    { 0x22ba, 0x8d },
    { 0x22bb, 0x52 },
    { 0x22bc, 0xaa },
    { 0x22bd, 0xc3 },
    { 0x22be, 0xdc },
    { 0x22bf, 0x4e },
    { 0x22c0, 0xad },
    { 0x22c1, 0x79 },
    { 0x22c2, 0x2f },
    { 0x22c3, 0x30 },
    { 0x22c4, 0x2a },
    { 0x22c5, 0xb2 },
    { 0x22c6, 0xa2 },
    { 0x22c7, 0x26 },
    { 0x22c8, 0xdf },
    { 0x22c9, 0x91 },
    { 0x22ca, 0x06 },
    { 0x22cb, 0xa8 },
    { 0x22cc, 0xb0 },
    { 0x22cd, 0xdf },
    { 0x22ce, 0x61 },
    { 0x22cf, 0xd8 },
    { 0x22d0, 0x7b },
    { 0x22d1, 0x63 },
    { 0x22d2, 0x99 },
    { 0x22d3, 0x1f },
    { 0x22d4, 0xe6 },
    { 0x22d5, 0x77 },
    { 0x22d6, 0x38 },
    { 0x22d7, 0xbb },
    { 0x22d8, 0xe4 },
    { 0x22d9, 0x4a },
    { 0x22da, 0x6e },
    { 0x22db, 0x30 },
    { 0x22dc, 0x33 },
    { 0x22dd, 0xb1 },
    { 0x22de, 0x5f },
    { 0x22df, 0xaa },
    { 0x22e0, 0x27 },
    { 0x22e1, 0x11 },
    { 0x22e2, 0xc5 },
    { 0x22e3, 0xf8 },
    { 0x22e4, 0x32 },
    { 0x22e5, 0xca },
    { 0x22e6, 0xdf },
    { 0x22e7, 0x60 },
    { 0x22e8, 0x8d },
    { 0x22e9, 0x31 },
    { 0x22ea, 0x8f },
    { 0x22eb, 0xfc },
    { 0x22ec, 0x5a },
    { 0x22ed, 0x9b },
    { 0x22ee, 0x62 },
    { 0x22ef, 0x84 },
    { 0x22f0, 0x31 },
    { 0x22f1, 0x96 },
    { 0x22f2, 0x4f },
    { 0x22f3, 0xf0 },
    { 0x22f4, 0x2a },
    { 0x22f5, 0x61 },
    { 0x22f6, 0x07 },
    { 0x22f7, 0x2f },
    { 0x22f8, 0x34 },
    { 0x22f9, 0x8c },
    { 0x22fa, 0xb9 },
    { 0x22fb, 0x8f },
    { 0x22fc, 0x61 },
    { 0x22fd, 0xbd },
    { 0x22fe, 0x27 },
    { 0x22ff, 0xb5 },
    { 0x2300, 0xc0 },
    { 0x2301, 0x95 },
    { 0x2302, 0x7b },
    { 0x2303, 0xd8 },
    { 0x2304, 0xa0 },
    { 0x2305, 0x7c },
    { 0x2306, 0x37 },
    { 0x2307, 0xed },
    { 0x2308, 0x32 },
    { 0x2309, 0x87 },
    { 0x230a, 0x0c },
    { 0x230b, 0xa5 },
    { 0x230c, 0xf9 },
    { 0x230d, 0x16 },
    { 0x230e, 0x05 },
    { 0x230f, 0x91 },
    { 0x2310, 0x97 },
    { 0x2311, 0x19 },
    { 0x2312, 0x36 },
    { 0x2313, 0xa0 },
    { 0x2314, 0xa1 },
    { 0x2315, 0x62 },
    { 0x2316, 0x06 },
    { 0x2317, 0x6d },
    { 0x2318, 0xf2 },
    { 0x2319, 0x13 },
    { 0x231a, 0x01 },
    { 0x231b, 0xeb },
    { 0x231c, 0xb7 },
    { 0x231d, 0x42 },
    { 0x231e, 0x96 },
    { 0x231f, 0x28 },
    { 0x2320, 0xc4 },
    { 0x2321, 0x42 },
    { 0x2322, 0x4b },
    { 0x2323, 0xb7 },
    { 0x2324, 0x1b },
    { 0x2325, 0xcc },
    { 0x2326, 0x22 },
    { 0x2327, 0x60 },
    { 0x2328, 0x00 },
    { 0x2329, 0x48 },
    { 0x232a, 0x94 },
    { 0x232b, 0x90 },
    { 0x232c, 0xf7 },
    { 0x232d, 0x61 },
    { 0x232e, 0xb2 },
    { 0x232f, 0x06 },
    { 0x2330, 0x5e },
    { 0x2331, 0x59 },
    { 0x2332, 0xfe },
    { 0x2333, 0x52 },
    { 0x2334, 0x0e },
    { 0x2335, 0xd8 },
    { 0x2336, 0xa6 },
    { 0x2337, 0x89 },
    { 0x2338, 0x23 },
    { 0x2339, 0x5a },
    { 0x233a, 0xa2 },
    { 0x233b, 0xde },
    { 0x233c, 0xb9 },
    { 0x233d, 0x85 },
    { 0x233e, 0xc5 },
    { 0x233f, 0xfc },
    { 0x2340, 0x82 },
    { 0x2341, 0x8a },
    { 0x2342, 0x81 },
    { 0x2343, 0x26 },
    { 0x2344, 0xa1 },
    { 0x2345, 0xa2 },
    { 0x2346, 0x38 },
    { 0x2347, 0x39 },
    { 0x2348, 0xf4 },
    { 0x2349, 0x0e },
    { 0x234a, 0x53 },
    { 0x234b, 0xd5 },
    { 0x234c, 0x7a },
    { 0x234d, 0x4d },
    { 0x234e, 0xa8 },
    { 0x234f, 0x98 },
    { 0x2350, 0x44 },
    { 0x2351, 0xdf },
    { 0x2352, 0xb1 },
    { 0x2353, 0xfe },
    { 0x2354, 0xa3 },
    { 0x2355, 0x08 },
    { 0x2356, 0x5d },
    { 0x2357, 0xd0 },
    { 0x2358, 0x7c },
    { 0x2359, 0xcf },
    { 0x235a, 0x01 },
    { 0x235b, 0xb0 },
    { 0x235c, 0xb5 },
    { 0x235d, 0x7f },
    { 0x235e, 0x49 },
    { 0x235f, 0x1c },
    { 0x2360, 0xd2 },
    { 0x2361, 0xd1 },
    { 0x2362, 0x6a },
    { 0x2363, 0x19 },
    { 0x2364, 0x43 },
    { 0x2365, 0x5d },
    { 0x2366, 0xc6 },
    { 0x2367, 0x1e },
    { 0x2368, 0x6c },
    { 0x2369, 0x99 },
    { 0x236a, 0xbd },
    { 0x236b, 0x58 },
    { 0x236c, 0xc9 },
    { 0x236d, 0x5d },
    { 0x236e, 0x83 },
    { 0x236f, 0x38 },
    { 0x2370, 0xbd },
    { 0x2371, 0xc4 },
    { 0x2372, 0xad },
    { 0x2373, 0xc8 },
    { 0x2374, 0x4d },
    { 0x2375, 0x64 },
    { 0x2376, 0xf7 },
    { 0x2377, 0x0d },
    { 0x2378, 0x63 },
    { 0x2379, 0x1d },
    { 0x237a, 0x8b },
    { 0x237b, 0x81 },
    { 0x237c, 0x64 },
    { 0x237d, 0x0a },
    { 0x237e, 0xac },
    { 0x237f, 0x91 },
    { 0x2380, 0x8b },
    { 0x2381, 0xb6 },
    { 0x2382, 0x09 },
    { 0x2383, 0xbd },
    { 0x2384, 0xeb },
    { 0x2385, 0x3b },
    { 0x2386, 0x0d },
    { 0x2387, 0x8e },
    { 0x2388, 0xa8 },
    { 0x2389, 0x97 },
    { 0x238a, 0x71 },
    { 0x238b, 0xf3 },
    { 0x238c, 0xde },
    { 0x238d, 0x2e },
    { 0x238e, 0x89 },
    { 0x238f, 0xf5 },
    { 0x2390, 0xbd },
    { 0x2391, 0x72 },
    { 0x2392, 0xa2 },
    { 0x2393, 0x30 },
    { 0x2394, 0x14 },
    { 0x2395, 0x9a },
    { 0x2396, 0xed },
    { 0x2397, 0x99 },
    { 0x2398, 0x39 },
    { 0x2399, 0xcc },
    { 0x239a, 0x7e },
    { 0x239b, 0x24 },
    { 0x239c, 0x46 },
    { 0x239d, 0x1d },
    { 0x239e, 0xeb },
    { 0x239f, 0xa8 },
    { 0x23a0, 0x14 },
    { 0x23a1, 0xc5 },
    { 0x23a2, 0x8b },
    { 0x23a3, 0x76 },
    { 0x23a4, 0xee },
    { 0x23a5, 0x98 },
    { 0x23a6, 0xbf },
    { 0x23a7, 0x1c },
    { 0x23a8, 0x34 },
    { 0x23a9, 0xe8 },
    { 0x23aa, 0xa1 },
    { 0x23ab, 0x5a },
    { 0x23ac, 0x81 },
    { 0x23ad, 0x90 },
    { 0x23ae, 0x28 },
    { 0x23af, 0x75 },
    { 0x23b0, 0xcc },
    { 0x23b1, 0x3a },
    { 0x23b2, 0xbc },
    { 0x23b3, 0xc1 },
    { 0x23b4, 0xa2 },
    { 0x23b5, 0x61 },
    { 0x23b6, 0x54 },
    { 0x23b7, 0x5e },
    { 0x23b8, 0xbc },
    { 0x23b9, 0x6f },
    { 0x23ba, 0xb8 },
    { 0x23bb, 0x94 },
    { 0x23bc, 0x0c },
    { 0x23bd, 0x4d },
    { 0x23be, 0x79 },
    { 0x23bf, 0xe3 },
    { 0x23c0, 0x86 },
    { 0x23c1, 0xec },
    { 0x23c2, 0x14 },
    { 0x23c3, 0x0c },
    { 0x23c4, 0xa6 },
    { 0x23c5, 0x61 },
    { 0x23c6, 0xc7 },
    { 0x23c7, 0xb1 },
    { 0x23c8, 0x32 },
    { 0x23c9, 0x0c },
    { 0x23ca, 0xa1 },
    { 0x23cb, 0x0d },
    { 0x23cc, 0x19 },
    { 0x23cd, 0x5a },
    { 0x23ce, 0xa0 },
    { 0x23cf, 0x41 },
    { 0x23d0, 0xb8 },
    { 0x23d1, 0x97 },
    { 0x23d2, 0x72 },
    { 0x23d3, 0x45 },
    { 0x23d4, 0xdd },
    { 0x23d5, 0x8e },
    { 0x23d6, 0x21 },
    { 0x23d7, 0xfb },
    { 0x23d8, 0xf9 },
    { 0x23d9, 0x2f },
    { 0x23da, 0x49 },
    { 0x23db, 0x5a },
    { 0x23dc, 0x1c },
    { 0x23dd, 0x9b },
    { 0x23de, 0xee },
    { 0x23df, 0xf5 },
    { 0x23e0, 0x53 },
    { 0x23e1, 0x5d },
    { 0x23e2, 0xad },
    { 0x23e3, 0x79 },
    { 0x23e4, 0x56 },
    { 0x23e5, 0xa9 },
    { 0x23e6, 0x9a },
    { 0x23e7, 0x9f },
    { 0x23e8, 0x1c },
    { 0x23e9, 0x19 },
    { 0x23ea, 0xf4 },
    { 0x23eb, 0x07 },
    { 0x23ec, 0xd2 },
    { 0x23ed, 0xde },
    { 0x23ee, 0xb9 },
    { 0x23ef, 0x9f },
    { 0x23f0, 0x19 },
    { 0x23f1, 0x71 },
    { 0x23f2, 0x28 },
    { 0x23f3, 0x2f },
    { 0x23f4, 0x06 },
    { 0x23f5, 0x3a },
    { 0x23f6, 0xfd },
    { 0x23f7, 0x39 },
    { 0x23f8, 0x88 },
    { 0x23f9, 0xf0 },
    { 0x23fa, 0xc4 },
    { 0x23fb, 0x2f },
    { 0x23fc, 0x29 },
    { 0x23fd, 0x67 },
    { 0x23fe, 0xa1 },
    { 0x23ff, 0xa3 },
    { 0x2400, 0x66 },
    { 0x2401, 0x50 },
    { 0x2402, 0xe4 },
    { 0x2403, 0xcf },
    { 0x2404, 0x80 },
    { 0x2405, 0x58 },
    { 0x2406, 0x9c },
    { 0x2407, 0x95 },
    { 0x2408, 0x3d },
    { 0x2409, 0xe9 },
    { 0x240a, 0xf3 },
    { 0x240b, 0x7a },
    { 0x240c, 0xb3 },
    { 0x240d, 0x8e },
    { 0x240e, 0xce },
    { 0x240f, 0x6e },
    { 0x2410, 0x78 },
    { 0x2411, 0x1e },
    { 0x2412, 0x2a },
    { 0x2413, 0x69 },
    { 0x2414, 0x84 },
    { 0x2415, 0x63 },
    { 0x2416, 0x8c },
    { 0x2417, 0x96 },
    { 0x2418, 0x72 },
    { 0x2419, 0xe5 },
    { 0x241a, 0xe6 },
    { 0x241b, 0xec },
    { 0x241c, 0x53 },
    { 0x241d, 0xf2 },
    { 0x241e, 0xe0 },
    { 0x241f, 0x28 },
    { 0x2420, 0x5b },
    { 0x2421, 0x10 },
    { 0x2422, 0xcc },
    { 0x2423, 0xd1 },
    { 0x2424, 0xd4 },
    { 0x2425, 0xd1 },
    { 0x2426, 0x86 },
    { 0x2427, 0x42 },
    { 0x2428, 0x48 },
    { 0x2429, 0x43 },
    { 0x242a, 0xbb },
    { 0x242b, 0xff },
    { 0x242c, 0xd1 },
    { 0x242d, 0x65 },
    { 0x242e, 0xb5 },
    { 0x242f, 0x63 },
    { 0x2430, 0xfe },
    { 0x2431, 0x8d },
    { 0x2432, 0xc7 },
    { 0x2433, 0xfb },
    { 0x2434, 0x50 },
    { 0x2435, 0x59 },
    { 0x2436, 0x61 },
    { 0x2437, 0x18 },
    { 0x2438, 0x7b },
    { 0x2439, 0xa9 },
    { 0x243a, 0x2d },
    { 0x243b, 0xed },
    { 0x243c, 0x31 },
    { 0x243d, 0x9d },
    { 0x243e, 0x70 },
    { 0x243f, 0x16 },
    { 0x2440, 0x28 },
    { 0x2441, 0xd5 },
    { 0x2442, 0xac },
    { 0x2443, 0xc6 },
    { 0x2444, 0x9a },
    { 0x2445, 0x75 },
    { 0x2446, 0x90 },
    { 0x2447, 0x56 },
    { 0x2448, 0x5d },
    { 0x2449, 0x13 },
    { 0x244a, 0x3e },
    { 0x244b, 0x85 },
    { 0x244c, 0xe5 },
    { 0x244d, 0x2b },
    { 0x244e, 0x8b },
    { 0x244f, 0x85 },
    { 0x2450, 0x56 },
    { 0x2451, 0x01 },
    { 0x2452, 0x54 },
    { 0x2453, 0x45 },
    { 0x2454, 0x07 },
    { 0x2455, 0xd6 },
    { 0x2456, 0xdb },
    { 0x2457, 0xdb },
    { 0x2458, 0x57 },
    { 0x2459, 0x13 },
    { 0x245a, 0xa1 },
    { 0x245b, 0xd3 },
    { 0x245c, 0xa3 },
    { 0x245d, 0x55 },
    { 0x245e, 0x8b },
    { 0x245f, 0xbc },
    { 0x2460, 0x3c },
    { 0x2461, 0xda },
    { 0x2462, 0x42 },
    { 0x2463, 0xef },
    { 0x2464, 0x3f },
    { 0x2465, 0xd7 },
    { 0x2466, 0xc3 },
    { 0x2467, 0x13 },
    { 0x2468, 0xde },
    { 0x2469, 0xbc },
    { 0x246a, 0x71 },
    { 0x246b, 0xa5 },
    { 0x246c, 0xf7 },
    { 0x246d, 0x75 },
    { 0x246e, 0x7c },
    { 0x246f, 0x36 },
    { 0x2470, 0xa6 },
    { 0x2471, 0xea },
    { 0x2472, 0x87 },
    { 0x2473, 0xf3 },
    { 0x2474, 0xf4 },
    { 0x2475, 0xaf },
    { 0x2476, 0x8c },
    { 0x2477, 0xff },
    { 0x2478, 0xdb },
    { 0x2479, 0xf3 },
    { 0x247a, 0xb7 },
    { 0x247b, 0x47 },
    { 0x247c, 0x77 },
    { 0x247d, 0xae },
    { 0x247e, 0x89 },
    { 0x247f, 0x5f },
    { 0x2480, 0x98 },
    { 0x2481, 0x7e },
    { 0x2482, 0x5b },
    { 0x2483, 0x0f },
    { 0x2484, 0x15 },
    { 0x2485, 0x57 },
    { 0x2486, 0x84 },
    { 0x2487, 0x6f },
    { 0x2488, 0x2e },
    { 0x2489, 0xa9 },
    { 0x248a, 0x2a },
    { 0x248b, 0xfb },
    { 0x248c, 0x8c },
    { 0x248d, 0x75 },
    { 0x248e, 0xff },
    { 0x248f, 0x84 },
    { 0x2490, 0x48 },
    { 0x2491, 0xf6 },
    { 0x2492, 0x90 },
    { 0x2493, 0x3a },
    { 0x2494, 0xdf },
    { 0x2495, 0xe9 },
    { 0x2496, 0x89 },
    { 0x2497, 0x10 },
    { 0x2498, 0x84 },
    { 0x2499, 0x44 },
    { 0x249a, 0x5c },
    { 0x249b, 0xcb },
    { 0x249c, 0xc6 },
    { 0x249d, 0x6c },
    { 0x249e, 0x02 },
    { 0x249f, 0x08 },
    { 0x24a0, 0xd7 },
    { 0x24a1, 0x25 },
    { 0x24a2, 0x6e },
    { 0x24a3, 0xf4 },
    { 0x24a4, 0x13 },
    { 0x24a5, 0xd2 },
    { 0x24a6, 0x19 },
    { 0x24a7, 0x41 },
    { 0x24a8, 0x1c },
    { 0x24a9, 0xb9 },
    { 0x24aa, 0xb0 },
    { 0x24ab, 0x6d },
    { 0x24ac, 0xfb },
    { 0x24ad, 0x04 },
    { 0x24ae, 0x00 },
    { 0x24af, 0xf1 },
    { 0x24b0, 0x6e },
    { 0x24b1, 0x63 },
    { 0x24b2, 0x53 },
    { 0x24b3, 0x27 },
    { 0x24b4, 0x98 },
    { 0x24b5, 0x5c },
    { 0x24b6, 0xb7 },
    { 0x24b7, 0x9a },
    { 0x24b8, 0xc8 },
    { 0x24b9, 0xc7 },
    { 0x24ba, 0xbf },
    { 0x24bb, 0x2f },
    { 0x24bc, 0xf9 },
    { 0x24bd, 0x08 },
    { 0x24be, 0x3d },
    { 0x24bf, 0xc7 },
    { 0x24c0, 0xd4 },
    { 0x24c1, 0x0a },
    { 0x24c2, 0x89 },
    { 0x24c3, 0x21 },
    { 0x24c4, 0x68 },
    { 0x24c5, 0x38 },
    { 0x24c6, 0xcd },
    { 0x24c7, 0x8e },
    { 0x24c8, 0x95 },
    { 0x24c9, 0x1e },
    { 0x24ca, 0xd7 },
    { 0x24cb, 0x00 },
    { 0x24cc, 0xba },
    { 0x24cd, 0x9a },
    { 0x24ce, 0x78 },
    { 0x24cf, 0xa4 },
    { 0x24d0, 0x57 },
    { 0x24d1, 0xa1 },
    { 0x24d2, 0xb4 },
    { 0x24d3, 0x1d },
    { 0x24d4, 0xb3 },
    { 0x24d5, 0xac },
    { 0x24d6, 0x64 },
    { 0x24d7, 0x41 },
    { 0x24d8, 0x3e },
    { 0x24d9, 0x3d },
    { 0x24da, 0x72 },
    { 0x24db, 0x95 },
    { 0x24dc, 0x29 },
    { 0x24dd, 0x2f },
    { 0x24de, 0xb8 },
    { 0x24df, 0xb6 },
    { 0x24e0, 0x56 },
    { 0x24e1, 0xee },
    { 0x24e2, 0x09 },
    { 0x24e3, 0x5a },
    { 0x24e4, 0xb9 },
    { 0x24e5, 0x8a },
    { 0x24e6, 0xac },
    { 0x24e7, 0x22 },
    { 0x24e8, 0xbc },
    { 0x24e9, 0x03 },
    { 0x24ea, 0xfd },
    { 0x24eb, 0x17 },
    { 0x24ec, 0xa5 },
    { 0x24ed, 0xae },
    { 0x24ee, 0x1c },
    { 0x24ef, 0xb4 },
    { 0x24f0, 0x5b },
    { 0x24f1, 0x50 },
    { 0x24f2, 0xe8 },
    { 0x24f3, 0xd2 },
    { 0x24f4, 0x65 },
    { 0x24f5, 0xa1 },
    { 0x24f6, 0x07 },
    { 0x24f7, 0xbf },
    { 0x24f8, 0x47 },
    { 0x24f9, 0xcc },
    { 0x24fa, 0xf5 },
    { 0x24fb, 0x90 },
    { 0x24fc, 0x43 },
    { 0x24fd, 0xb9 },
    { 0x24fe, 0x09 },
    { 0x24ff, 0xa3 },
    { 0x2500, 0x3c },
    { 0x2501, 0xc4 },
    { 0x2502, 0x55 },
    { 0x2503, 0xc3 },
    { 0x2504, 0x96 },
    { 0x2505, 0x33 },
    { 0x2506, 0x09 },
    { 0x2507, 0x87 },
    { 0x2508, 0xf2 },
    { 0x2509, 0x1e },
    { 0x250a, 0x4b },
    { 0x250b, 0x5c },
    { 0x250c, 0x23 },
    { 0x250d, 0xf0 },
    { 0x250e, 0x99 },
    { 0x250f, 0x89 },
    { 0x2510, 0x40 },
    { 0x2511, 0x5e },
    { 0x2512, 0xe6 },
    { 0x2513, 0xc7 },
    { 0x2514, 0x1f },
    { 0x2515, 0x6f },
    { 0x2516, 0xce },
    { 0x2517, 0x90 },
    { 0x2518, 0xbf },
    { 0x2519, 0xfe },
    { 0x251a, 0x58 },
    { 0x251b, 0xb0 },
    { 0x251c, 0x7b },
    { 0x251d, 0x1b },
    { 0x251e, 0x19 },
    { 0x251f, 0xf6 },
    { 0x2520, 0x1a },
    { 0x2521, 0xb7 },
    { 0x2522, 0xa9 },
    { 0x2523, 0x20 },
    { 0x2524, 0xba },
    { 0x2525, 0x9f },
    { 0x2526, 0xbd },
    { 0x2527, 0x06 },
    { 0x2528, 0x07 },
    { 0x2529, 0x28 },
    { 0x252a, 0xcf },
    { 0x252b, 0x6c },
    { 0x252c, 0x18 },
    { 0x252d, 0xdc },
    { 0x252e, 0x91 },
    { 0x252f, 0xc8 },
    { 0x2530, 0x48 },
    { 0x2531, 0x99 },
    { 0x2532, 0xc0 },
    { 0x2533, 0x7f },
    { 0x2534, 0xbf },
    { 0x2535, 0x36 },
    { 0x2536, 0xc0 },
    { 0x2537, 0x38 },
    { 0x2538, 0xc8 },
    { 0x2539, 0x66 },
    { 0x253a, 0x3a },
    { 0x253b, 0x21 },
    { 0x253c, 0xb4 },
    { 0x253d, 0x72 },
    { 0x253e, 0xd6 },
    { 0x253f, 0xf7 },
    { 0x2540, 0xd9 },
    { 0x2541, 0xb2 },
    { 0x2542, 0x90 },
    { 0x2543, 0xca },
    { 0x2544, 0x0c },
    { 0x2545, 0xea },
    { 0x2546, 0xa4 },
    { 0x2547, 0x78 },
    { 0x2548, 0x35 },
    { 0x2549, 0xd7 },
    { 0x254a, 0xab },
    { 0x254b, 0xd2 },
    { 0x254c, 0xc9 },
    { 0x254d, 0x86 },
    { 0x254e, 0xe4 },
    { 0x254f, 0xd8 },
    { 0x2550, 0x9a },
    { 0x2551, 0x6d },
    { 0x2552, 0xfb },
    { 0x2553, 0x65 },
    { 0x2554, 0x73 },
    { 0x2555, 0xd3 },
    { 0x2556, 0xda },
    { 0x2557, 0xa8 },
    { 0x2558, 0xce },
    { 0x2559, 0xdd },
    { 0x255a, 0x70 },
    { 0x255b, 0xf2 },
    { 0x255c, 0x74 },
    { 0x255d, 0xd8 },
    { 0x255e, 0x7f },
    { 0x255f, 0x2b },
    { 0x2560, 0xe7 },
    { 0x2561, 0x26 },
    { 0x2562, 0xee },
    { 0x2563, 0x3b },
    { 0x2564, 0x7f },
    { 0x2565, 0x7f },
    { 0x2566, 0xfb },
    { 0x2567, 0xe6 },
    { 0x2568, 0x55 },
    { 0x2569, 0x46 },
    { 0x256a, 0x33 },
    { 0x256b, 0xb5 },
    { 0x256c, 0xaf },
    { 0x256d, 0x9b },
    { 0x256e, 0x56 },
    { 0x256f, 0xdd },
    { 0x2570, 0xec },
    { 0x2571, 0xd6 },
    { 0x2572, 0x43 },
    { 0x2573, 0x1d },
    { 0x2574, 0xed },
    { 0x2575, 0x44 },
    { 0x2576, 0xf0 },
    { 0x2577, 0x37 },
    { 0x2578, 0x5a },
    { 0x2579, 0xbd },
    { 0x257a, 0x81 },
    { 0x257b, 0x6f },
    { 0x257c, 0xe4 },
    { 0x257d, 0xc1 },
    { 0x257e, 0x12 },
    { 0x257f, 0xf7 },
    { 0x2580, 0xa6 },
    { 0x2581, 0xee },
    { 0x2582, 0x91 },
    { 0x2583, 0x7a },
    { 0x2584, 0xb3 },
    { 0x2585, 0x04 },
    { 0x2586, 0x03 },
    { 0x2587, 0xa1 },
    { 0x2588, 0xd6 },
    { 0x2589, 0xeb },
    { 0x258a, 0x5c },
    { 0x258b, 0x29 },
    { 0x258c, 0x6f },
    { 0x258d, 0xf6 },
    { 0x258e, 0xb2 },
    { 0x258f, 0x98 },
    { 0x2590, 0xa8 },
    { 0x2591, 0x27 },
    { 0x2592, 0x7f },
    { 0x2593, 0x9e },
    { 0x2594, 0xc2 },
    { 0x2595, 0x7a },
    { 0x2596, 0x4b },
    { 0x2597, 0xd5 },
    { 0x2598, 0xb5 },
    { 0x2599, 0x8c },
    { 0x259a, 0x22 },
    { 0x259b, 0xcb },
    { 0x259c, 0x6a },
    { 0x259d, 0x27 },
    { 0x259e, 0x72 },
    { 0x259f, 0x6b },
    { 0x25a0, 0x76 },
    { 0x25a1, 0xcd },
    { 0x25a2, 0xc4 },
    { 0x25a3, 0xcf },
    { 0x25a4, 0x35 },
    { 0x25a5, 0x24 },
    { 0x25a6, 0x90 },
    { 0x25a7, 0x2c },
    { 0x25a8, 0xde },
    { 0x25a9, 0x54 },
    { 0x25aa, 0x62 },
    { 0x25ab, 0x83 },
    { 0x25ac, 0x0e },
    { 0x25ad, 0x01 },
    { 0x25ae, 0x3d },
    { 0x25af, 0x12 },
    { 0x25b0, 0xa7 },
    { 0x25b1, 0x95 },
    { 0x25b2, 0x8d },
    { 0x25b3, 0x39 },
    { 0x25b4, 0x67 },
    { 0x25b5, 0xdc },
    { 0x25b6, 0x35 },
    { 0x25b7, 0xdb },
    { 0x25b8, 0x76 },
    { 0x25b9, 0x12 },
    { 0x25ba, 0x72 },
    { 0x25bb, 0x05 },
    { 0x25bc, 0x3d },
    { 0x25bd, 0x9d },
    { 0x25be, 0x99 },
    { 0x25bf, 0x93 },
    { 0x25c0, 0x02 },
    { 0x25c1, 0x63 },
    { 0x25c2, 0x2d },
    { 0x25c3, 0x3a },
    { 0x25c4, 0x77 },
    { 0x25c5, 0x1b },
    { 0x25c6, 0xf9 },
    { 0x25c7, 0x3a },
    { 0x25c8, 0xc6 },
    { 0x25c9, 0x51 },
    { 0x25ca, 0xf2 },
    { 0x25cb, 0xa6 },
    { 0x25cc, 0xa4 },
    { 0x25cd, 0x2d },
    { 0x25ce, 0xb7 },
    { 0x25cf, 0xf0 },
    { 0x25d0, 0xfa },
    { 0x25d1, 0x03 },
    { 0x25d2, 0x31 },
    { 0x25d3, 0xe0 },
    { 0x25d4, 0xd1 },
    { 0x25d5, 0x74 },
    { 0x25d6, 0xc2 },
    { 0x25d7, 0xe2 },
    { 0x25d8, 0x63 },
    { 0x25d9, 0x34 },
    { 0x25da, 0xdc },
    { 0x25db, 0x37 },
    { 0x25dc, 0x94 },
    { 0x25dd, 0x97 },
    { 0x25de, 0x70 },
    { 0x25df, 0x73 },
    { 0x25e0, 0xfb },
    { 0x25e1, 0x42 },
    { 0x25e2, 0x1d },
    { 0x25e3, 0xea },
    { 0x25e4, 0x91 },
    { 0x25e5, 0x35 },
    { 0x25e6, 0x06 },
    { 0x25e7, 0x1f },
    { 0x25e8, 0x1e },
    { 0x25e9, 0x71 },
    { 0x25ea, 0xc5 },
    { 0x25eb, 0x67 },
    { 0x25ec, 0xa4 },
    { 0x25ed, 0xc3 },
    { 0x25ee, 0x98 },
    { 0x25ef, 0xdf },
    { 0x25f0, 0xd5 },
    { 0x25f1, 0x88 },
    { 0x25f2, 0xf6 },
    { 0x25f3, 0x82 },
    { 0x25f4, 0xaa },
    { 0x25f5, 0xd5 },
    { 0x25f6, 0xfd },
    { 0x25f7, 0xc7 },
    { 0x25f8, 0xea },
    { 0x25f9, 0xd6 },
    { 0x25fa, 0x61 },
    { 0x25fb, 0x25 },
    { 0x25fc, 0x99 },
    { 0x25fd, 0x65 },
    { 0x25fe, 0x91 },
    { 0x25ff, 0x1e },
    { 0x2600, 0x68 },
    { 0x2601, 0x01 },
    { 0x2602, 0xb7 },
    { 0x2603, 0xbd },
    { 0x2604, 0xed },
    { 0x2605, 0x18 },
    { 0x2606, 0x2e },
    { 0x2607, 0xb6 },
    { 0x2608, 0x82 },
    { 0x2609, 0x02 },
    { 0x260a, 0x1a },
    { 0x260b, 0x1f },
    { 0x260c, 0xa1 },
    { 0x260d, 0xd3 },
    { 0x260e, 0x51 },
    { 0x260f, 0xcd },
    { 0x2610, 0x3c },
    { 0x2611, 0x67 },
    { 0x2612, 0x4c },
    { 0x2613, 0x4e },
    { 0x2614, 0x33 },
    { 0x2615, 0x02 },
    { 0x2616, 0x04 },
    { 0x2617, 0x83 },
    { 0x2618, 0x2a },
    { 0x2619, 0x42 },
    { 0x261a, 0x86 },
    { 0x261b, 0xce },
    { 0x261c, 0x02 },
    { 0x261d, 0x75 },
    { 0x261e, 0x0c },
    { 0x261f, 0x77 },
    { 0x2620, 0x7f },
    { 0x2621, 0x79 },
    { 0x2622, 0xad },
    { 0x2623, 0x2f },
    { 0x2624, 0xd9 },
    { 0x2625, 0x66 },
    { 0x2626, 0xe8 },
    { 0x2627, 0x98 },
    { 0x2628, 0x13 },
    { 0x2629, 0x1e },
    { 0x262a, 0x52 },
    { 0x262b, 0x3c },
    { 0x262c, 0x7d },
    { 0x262d, 0x82 },
    { 0x262e, 0x36 },
    { 0x262f, 0xf3 },
    { 0x2630, 0x52 },
    { 0x2631, 0x7a },
    { 0x2632, 0x80 },
    { 0x2633, 0x58 },
    { 0x2634, 0xba },
    { 0x2635, 0x96 },
    { 0x2636, 0xe2 },
    { 0x2637, 0xab },
    { 0x2638, 0x53 },
    { 0x2639, 0xfb },
    { 0x263a, 0x8a },
    { 0x263b, 0x74 },
    { 0x263c, 0x32 },
    { 0x263d, 0xd0 },
    { 0x263e, 0x17 },
    { 0x263f, 0x15 },
    { 0x2640, 0x6c },
    { 0x2641, 0xf2 },
    { 0x2642, 0xa1 },
    { 0x2643, 0x1d },
    { 0x2644, 0x24 },
    { 0x2645, 0xb2 },
    { 0x2646, 0x51 },
    { 0x2647, 0x5f },
    { 0x2648, 0xa4 },
    { 0x2649, 0x39 },
    { 0x264a, 0xdd },
    { 0x264b, 0xb3 },
    { 0x264c, 0x6f },
    { 0x264d, 0x2b },
    { 0x264e, 0x4a },
    { 0x264f, 0x5b },
    { 0x2650, 0x75 },
    { 0x2651, 0x4d },
    { 0x2652, 0xe4 },
    { 0x2653, 0x6b },
    { 0x2654, 0xa0 },
    { 0x2655, 0xa4 },
    { 0x2656, 0xf5 },
    { 0x2657, 0xf2 },
    { 0x2658, 0xa3 },
    { 0x2659, 0xa6 },
    { 0x265a, 0x35 },
    { 0x265b, 0x6c },
    { 0x265c, 0x34 },
    { 0x265d, 0x68 },
    { 0x265e, 0x47 },
    { 0x265f, 0x4b },
    { 0x2660, 0x41 },
    { 0x2661, 0xe0 },
    { 0x2662, 0xb5 },
    { 0x2663, 0x37 },
    { 0x2664, 0x23 },
    { 0x2665, 0x94 },
    { 0x2666, 0x17 },
    { 0x2667, 0x54 },
    { 0x2668, 0xa9 },
    { 0x2669, 0x2c },
    { 0x266a, 0x82 },
    { 0x266b, 0x87 },
    { 0x266c, 0x34 },
    { 0x266d, 0x92 },
    { 0x266e, 0x9a },
    { 0x266f, 0xb2 },
    { 0x2670, 0xad },
    { 0x2671, 0xed },
    { 0x2672, 0x4b },
    { 0x2673, 0x48 },
    { 0x2674, 0x2d },
    { 0x2675, 0xd2 },
    { 0x2676, 0x15 },
    { 0x2677, 0x5a },
    { 0x2678, 0xad },
    { 0x2679, 0x1c },
    { 0x267a, 0x8f },
    { 0x267b, 0x81 },
    { 0x267c, 0xff },
    { 0x267d, 0xc6 },
    { 0x267e, 0x73 },
    { 0x267f, 0xa6 },
    { 0x2680, 0xf0 },
    { 0x2681, 0x45 },
    { 0x2682, 0x65 },
    { 0x2683, 0xc4 },
    { 0x2684, 0x72 },
    { 0x2685, 0x6e },
    { 0x2686, 0xec },
    { 0x2687, 0xc9 },
    { 0x2688, 0xce },
    { 0x2689, 0xb8 },
    { 0x268a, 0xbe },
    { 0x268b, 0xb5 },
    { 0x268c, 0x75 },
    { 0x268d, 0xb7 },
    { 0x268e, 0x91 },
    { 0x268f, 0x2c },
    { 0x2690, 0x25 },
    { 0x2691, 0x7f },
    { 0x2692, 0x3f },
    { 0x2693, 0xfc },
    { 0x2694, 0xd7 },
    { 0x2695, 0x9d },
    { 0x2696, 0x8d },
    { 0x2697, 0x73 },
    { 0x2698, 0xbd },
    { 0x2699, 0x15 },
    { 0x269a, 0x8d },
    { 0x269b, 0x2a },
    { 0x269c, 0xee },
    { 0x269d, 0x78 },
    { 0x269e, 0xbc },
    { 0x269f, 0x6f },
    { 0x26a0, 0xf8 },
    { 0x26a1, 0xd2 },
    { 0x26a2, 0x32 },
    { 0x26a3, 0xce },
    { 0x26a4, 0x12 },
    { 0x26a5, 0x12 },
    { 0x26a6, 0x85 },
    { 0x26a7, 0x3f },
    { 0x26a8, 0xe8 },
    { 0x26a9, 0x55 },
    { 0x26aa, 0x01 },
    { 0x26ab, 0x6c },
    { 0x26ac, 0x5e },
    { 0x26ad, 0xff },
    { 0x26ae, 0x20 },
    { 0x26af, 0x87 },
    { 0x26b0, 0x1d },
    { 0x26b1, 0xc7 },
    { 0x26b2, 0x26 },
    { 0x26b3, 0x84 },
    { 0x26b4, 0x10 },
    { 0x26b5, 0x43 },
    { 0x26b6, 0xeb },
    { 0x26b7, 0x6f },
    { 0x26b8, 0xca },
    { 0x26b9, 0x23 },
    { 0x26ba, 0xab },
    { 0x26bb, 0x75 },
    { 0x26bc, 0x90 },
    { 0x26bd, 0x28 },
    { 0x26be, 0xbf },
    { 0x26bf, 0x43 },
    { 0x26c0, 0x97 },
    { 0x26c1, 0x68 },
    { 0x26c2, 0x9f },
    { 0x26c3, 0x48 },
    { 0x26c4, 0x57 },
    { 0x26c5, 0x8f },
    { 0x26c6, 0xb8 },
    { 0x26c7, 0xf4 },
    { 0x26c8, 0x4b },
    { 0x26c9, 0xe8 },
    { 0x26ca, 0xa7 },
    { 0x26cb, 0x40 },
    { 0x26cc, 0xe0 },
    { 0x26cd, 0x16 },
    { 0x26ce, 0x77 },
    { 0x26cf, 0x7b },
    { 0x26d0, 0xb9 },
    { 0x26d1, 0x96 },
    { 0x26d2, 0xa0 },
    { 0x26d3, 0xc8 },
    { 0x26d4, 0xcd },
    { 0x26d5, 0xe1 },
    { 0x26d6, 0x52 },
    { 0x26d7, 0xae },
    { 0x26d8, 0x71 },
    { 0x26d9, 0x2b },
    { 0x26da, 0x27 },
    { 0x26db, 0xe5 },
    { 0x26dc, 0x8b },
    { 0x26dd, 0x0e },
    { 0x26de, 0xac },
    { 0x26df, 0xa3 },
    { 0x26e0, 0xd8 },
    { 0x26e1, 0x7b },
    { 0x26e2, 0xd2 },
    { 0x26e3, 0xbb },
    { 0x26e4, 0xed },
    { 0x26e5, 0xb0 },
    { 0x26e6, 0xbc },
    { 0x26e7, 0xea },
    { 0x26e8, 0x95 },
    { 0x26e9, 0x52 },
    { 0x26ea, 0xc7 },
    { 0x26eb, 0xc7 },
    { 0x26ec, 0x15 },
    { 0x26ed, 0xcc },
    { 0x26ee, 0x10 },
    { 0x26ef, 0x0e },
    { 0x26f0, 0x30 },
    { 0x26f1, 0x5e },
    { 0x26f2, 0xbe },
    { 0x26f3, 0x6f },
    { 0x26f4, 0x3e },
    { 0x26f5, 0x8d },
    { 0x26f6, 0xd2 },
    { 0x26f7, 0x52 },
    { 0x26f8, 0x80 },
    { 0x26f9, 0x13 },
    { 0x26fa, 0x7c },
    { 0x26fb, 0xae },
    { 0x26fc, 0x9a },
    { 0x26fd, 0xa4 },
    { 0x26fe, 0xf3 },
    { 0x26ff, 0x98 },
    { 0x2700, 0xbc },
    { 0x2701, 0xe9 },
    { 0x2702, 0x94 },
    { 0x2703, 0x18 },
    { 0x2704, 0x57 },
    { 0x2705, 0x6d },
    { 0x2706, 0x2a },
    { 0x2707, 0xf3 },
    { 0x2708, 0xaf },
    { 0x2709, 0x9e },
    { 0x270a, 0xed },
    { 0x270b, 0xce },
    { 0x270c, 0x1a },
    { 0x270d, 0xc0 },
    { 0x270e, 0x2e },
    { 0x270f, 0x06 },
    { 0x2710, 0xcf },
    { 0x2711, 0x02 },
    { 0x2712, 0xcf },
    { 0x2713, 0xb9 },
    { 0x2714, 0x6a },
    { 0x2715, 0xca },
    { 0x2716, 0xf2 },
    { 0x2717, 0x33 },
    { 0x2718, 0x82 },
    { 0x2719, 0x64 },
    { 0x271a, 0xb3 },
    { 0x271b, 0x81 },
    { 0x271c, 0x99 },
    { 0x271d, 0x4e },
    { 0x271e, 0xae },
    { 0x271f, 0xd7 },
    { 0x2720, 0x68 },
    { 0x2721, 0xd6 },
    { 0x2722, 0x21 },
    { 0x2723, 0x19 },
    { 0x2724, 0xfc },
    { 0x2725, 0xbe },
    { 0x2726, 0x67 },
    { 0x2727, 0xe0 },
    { 0x2728, 0x33 },
    { 0x2729, 0x2f },
    { 0x272a, 0xcc },
    { 0x272b, 0xb1 },
    { 0x272c, 0xbf },
    { 0x272d, 0x9e },
    { 0x272e, 0x53 },
    { 0x272f, 0xa2 },
    { 0x2730, 0xbb },
    { 0x2731, 0x7f },
    { 0x2732, 0x99 },
    { 0x2733, 0xb8 },
    { 0x2734, 0xfd },
    { 0x2735, 0x3e },
    { 0x2736, 0xad },
    { 0x2737, 0x01 },
    { 0x2738, 0x14 },
    { 0x2739, 0x81 },
    { 0x273a, 0x60 },
    { 0x273b, 0xaf },
    { 0x273c, 0xc0 },
    { 0x273d, 0x32 },
    { 0x273e, 0x91 },
    { 0x273f, 0x19 },
    { 0x2740, 0xe0 },
    { 0x2741, 0x1c },
    { 0x2742, 0xf6 },
    { 0x2743, 0xb6 },
    { 0x2744, 0x4b },
    { 0x2745, 0x0a },
    { 0x2746, 0x46 },
    { 0x2747, 0xdd },
    { 0x2748, 0xf9 },
    { 0x2749, 0x14 },
    { 0x274a, 0x86 },
    { 0x274b, 0xde },
    { 0x274c, 0x19 },
    { 0x274d, 0x33 },
    { 0x274e, 0x2e },
    { 0x274f, 0xf7 },
    { 0x2750, 0xd7 },
    { 0x2751, 0x8a },
    { 0x2752, 0xf3 },
    { 0x2753, 0x2f },
    { 0x2754, 0xdc },
    { 0x2755, 0x5b },
    { 0x2756, 0x0a },
    { 0x2757, 0xb3 },
    { 0x2758, 0x1d },
    { 0x2759, 0x84 },
    { 0x275a, 0x5c },
    { 0x275b, 0x11 },
    { 0x275c, 0x2f },
    { 0x275d, 0x72 },
    { 0x275e, 0x78 },
    { 0x275f, 0x98 },
    { 0x2760, 0x11 },
    { 0x2761, 0xac },
    { 0x2762, 0x75 },
    { 0x2763, 0xfa },
    { 0x2764, 0xae },
    { 0x2765, 0x27 },
    { 0x2766, 0x16 },
    { 0x2767, 0x27 },
    { 0x2768, 0xaa },
    { 0x2769, 0x7f },
    { 0x276a, 0xee },
    { 0x276b, 0xef },
    { 0x276c, 0x82 },
    { 0x276d, 0xbf },
    { 0x276e, 0xd4 },
    { 0x276f, 0x56 },
    { 0x2770, 0x44 },
    { 0x2771, 0xf5 },
    { 0x2772, 0x01 },
    { 0x2773, 0x10 },
    { 0x2774, 0x22 },
    { 0x2775, 0xdb },
    { 0x2776, 0xfa },
    { 0x2777, 0xe7 },
    { 0x2778, 0x79 },
    { 0x2779, 0x57 },
    { 0x277a, 0xa9 },
    { 0x277b, 0x0a },
    { 0x277c, 0xa7 },
    { 0x277d, 0x2a },
    { 0x277e, 0x61 },
    { 0x277f, 0x4c },
    { 0x2780, 0x08 },
    { 0x2781, 0x7f },
    { 0x2782, 0xd4 },
    { 0x2783, 0x4e },
    { 0x2784, 0xad },
    { 0x2785, 0x1a },
    { 0x2786, 0xa5 },
    { 0x2787, 0x9e },
    { 0x2788, 0x32 },
    { 0x2789, 0xab },
    { 0x278a, 0x13 },
    { 0x278b, 0xef },
    { 0x278c, 0xc8 },
    { 0x278d, 0x9d },
    { 0x278e, 0xfc },
    { 0x278f, 0xb7 },
    { 0x2790, 0xfd },
    { 0x2791, 0xab },
    { 0x2792, 0xf4 },
    { 0x2793, 0xc0 },
    { 0x2794, 0xf1 },
    { 0x2795, 0x40 },
    { 0x2796, 0x5c },
    { 0x2797, 0x40 },
    { 0x2798, 0x83 },
    { 0x2799, 0x6f },
    { 0x279a, 0x87 },
    { 0x279b, 0x0d },
    { 0x279c, 0xee },
    { 0x279d, 0x01 },
    { 0x279e, 0xe0 },
    { 0x279f, 0x5e },
    { 0x27a0, 0xdd },
    { 0x27a1, 0xf5 },
    { 0x27a2, 0x5c },
    { 0x27a3, 0xc3 },
    { 0x27a4, 0xe4 },
    { 0x27a5, 0xb6 },
    { 0x27a6, 0x14 },
    { 0x27a7, 0xd0 },
    { 0x27a8, 0x21 },
    { 0x27a9, 0xfb },
    { 0x27aa, 0x04 },
    { 0x27ab, 0x63 },
    { 0x27ac, 0x6e },
    { 0x27ad, 0x29 },
    { 0x27ae, 0xb8 },
    { 0x27af, 0x3a },
    { 0x27b0, 0xb1 },
    { 0x27b1, 0xfa },
    { 0x27b2, 0x2e },
    { 0x27b3, 0x05 },
    { 0x27b4, 0xd0 },
    { 0x27b5, 0xe7 },
    { 0x27b6, 0xda },
    { 0x27b7, 0x6f },
    { 0x27b8, 0x45 },
    { 0x27b9, 0x1c },
    { 0x27ba, 0x64 },
    { 0x27bb, 0xbd },
    { 0x27bc, 0x73 },
    { 0x27bd, 0xcc },
    { 0x27be, 0x1d },
    { 0x27bf, 0xda },
    { 0x27c0, 0xfc },
    { 0x27c1, 0x08 },
    { 0x27c2, 0x76 },
    { 0x27c3, 0xb5 },
    { 0x27c4, 0x5f },
    { 0x27c5, 0x1e },
    { 0x27c6, 0x04 },
    { 0x27c7, 0x46 },
    { 0x27c8, 0x7a },
    { 0x27c9, 0xb8 },
    { 0x27ca, 0xc6 },
    { 0x27cb, 0x59 },
    { 0x27cc, 0x3a },
    { 0x27cd, 0x7d },
    { 0x27ce, 0x0f },
    { 0x27cf, 0x77 },
    { 0x27d0, 0x80 },
    { 0x27d1, 0x16 },
    { 0x27d2, 0x8f },
    { 0x27d3, 0x16 },
    { 0x27d4, 0xa6 },
    { 0x27d5, 0xbd },
    { 0x27d6, 0x69 },
    { 0x27d7, 0xdb },
    { 0x27d8, 0xd9 },
    { 0x27d9, 0x91 },
    { 0x27da, 0x25 },
    { 0x27db, 0xce },
    { 0x27dc, 0x89 },
    { 0x27dd, 0xf4 },
    { 0x27de, 0xf1 },
    { 0x27df, 0x48 },
    { 0x27e0, 0x3c },
    { 0x27e1, 0xac },
    { 0x27e2, 0x27 },
    { 0x27e3, 0x37 },
    { 0x27e4, 0xa0 },
    { 0x27e5, 0xdd },
    { 0x27e6, 0x2d },
    { 0x27e7, 0x8b },
    { 0x27e8, 0x4e },
    { 0x27e9, 0xe2 },
    { 0x27ea, 0xef },
    { 0x27eb, 0xcc },
    { 0x27ec, 0xa1 },
    { 0x27ed, 0x8c },
    { 0x27ee, 0x44 },
    { 0x27ef, 0x6d },
    { 0x27f0, 0x2d },
    { 0x27f1, 0xb8 },
    { 0x27f2, 0xfd },
    { 0x27f3, 0xd1 },
    { 0x27f4, 0xbb },
    { 0x27f5, 0x61 },
    { 0x27f6, 0x3a },
    { 0x27f7, 0x7d },
    { 0x27f8, 0xfc },
    { 0x27f9, 0x83 },
    { 0x27fa, 0xe4 },
    { 0x27fb, 0x7d },
    { 0x27fc, 0xa5 },
    { 0x27fd, 0xe8 },
    { 0x27fe, 0xf1 },
    { 0x27ff, 0x1d },
    { 0x2800, 0xda },
    { 0x2801, 0x13 },
    { 0x2802, 0x73 },
    { 0x2803, 0x67 },
    { 0x2804, 0xe4 },
    { 0x2805, 0xd6 },
    { 0x2806, 0xea },
    { 0x2807, 0x9b },
    { 0x2808, 0xdf },
    { 0x2809, 0xde },
    { 0x280a, 0x15 },
    { 0x280b, 0xfd },
    { 0x280c, 0x83 },
    { 0x280d, 0x52 },
    { 0x280e, 0x2d },
    { 0x280f, 0x68 },
    { 0x2810, 0x1a },
    { 0x2811, 0x3e },
    { 0x2812, 0x5d },
    { 0x2813, 0x6b },
    { 0x2814, 0x6c },
    { 0x2815, 0xb0 },
    { 0x2816, 0x92 },
    { 0x2817, 0x9a },
    { 0x2818, 0x10 },
    { 0x2819, 0xc9 },
    { 0x281a, 0x9e },
    { 0x281b, 0xd1 },
    { 0x281c, 0x2e },
    { 0x281d, 0xc2 },
    { 0x281e, 0x95 },
    { 0x281f, 0xa8 },
    { 0x2820, 0x57 },
    { 0x2821, 0x44 },
    { 0x2822, 0xe2 },
    { 0x2823, 0xb7 },
    { 0x2824, 0x3a },
    { 0x2825, 0x19 },
    { 0x2826, 0xa5 },
    { 0x2827, 0x28 },
    { 0x2828, 0x57 },
    { 0x2829, 0xbe },
    { 0x282a, 0x52 },
    { 0x282b, 0x0e },
    { 0x282c, 0x53 },
    { 0x282d, 0xa4 },
    { 0x282e, 0x0e },
    { 0x282f, 0x62 },
    { 0x2830, 0xe7 },
    { 0x2831, 0xd1 },
    { 0x2832, 0x81 },
    { 0x2833, 0x7b },
    { 0x2834, 0x91 },
    { 0x2835, 0x79 },
    { 0x2836, 0x74 },
    { 0x2837, 0x39 },
    { 0x2838, 0x96 },
    { 0x2839, 0x01 },
    { 0x283a, 0xa2 },
    { 0x283b, 0x52 },
    { 0x283c, 0xda },
    { 0x283d, 0x43 },
    { 0x283e, 0xe0 },
    { 0x283f, 0x1f },
    { 0x2840, 0xc8 },
    { 0x2841, 0x39 },
    { 0x2842, 0x73 },
    { 0x2843, 0x2f },
    { 0x2844, 0xa0 },
    { 0x2845, 0x83 },
    { 0x2846, 0xfd },
    { 0x2847, 0x02 },
    { 0x2848, 0xa8 },
    { 0x2849, 0x51 },
    { 0x284a, 0x96 },
    { 0x284b, 0x62 },
    { 0x284c, 0x6f },
    { 0x284d, 0x5d },
    { 0x284e, 0x90 },
    { 0x284f, 0xa1 },
    { 0x2850, 0x10 },
    { 0x2851, 0xda },
    { 0x2852, 0xb4 },
    { 0x2853, 0x4a },
    { 0x2854, 0x72 },
    { 0x2855, 0x21 },
    { 0x2856, 0x65 },
    { 0x2857, 0x05 },
    { 0x2858, 0x13 },
    { 0x2859, 0xf7 },
    { 0x285a, 0x47 },
    { 0x285b, 0xb1 },
    { 0x285c, 0xb9 },
    { 0x285d, 0xac },
    { 0x285e, 0xce },
    { 0x285f, 0xa5 },
    { 0x2860, 0xfa },
    { 0x2861, 0x3e },
    { 0x2862, 0xd1 },
    { 0x2863, 0xde },
    { 0x2864, 0x55 },
    { 0x2865, 0x36 },
    { 0x2866, 0x90 },
    { 0x2867, 0x25 },
    { 0x2868, 0x00 },
    { 0x2869, 0x06 },
    { 0x286a, 0x2e },
    { 0x286b, 0x3f },
    { 0x286c, 0x8b },
    { 0x286d, 0x37 },
    { 0x286e, 0xd3 },
    { 0x286f, 0x30 },
    { 0x2870, 0xdc },
    { 0x2871, 0x38 },
    { 0x2872, 0x98 },
    { 0x2873, 0xf0 },
    { 0x2874, 0x3a },
    { 0x2875, 0xb4 },
    { 0x2876, 0xef },
    { 0x2877, 0x46 },
    { 0x2878, 0x07 },
    { 0x2879, 0xcc },
    { 0x287a, 0xa2 },
    { 0x287b, 0x69 },
    { 0x287c, 0x09 },
    { 0x287d, 0x4f },
    { 0x287e, 0x95 },
    { 0x287f, 0xd9 },
    { 0x2880, 0xd5 },
    { 0x2881, 0x42 },
    { 0x2882, 0xcf },
    { 0x2883, 0x21 },
    { 0x2884, 0xbf },
    { 0x2885, 0x87 },
    { 0x2886, 0xe7 },
    { 0x2887, 0x4c },
    { 0x2888, 0x9f },
    { 0x2889, 0xe6 },
    { 0x288a, 0x75 },
    { 0x288b, 0x74 },
    { 0x288c, 0xef },
    { 0x288d, 0xd7 },
    { 0x288e, 0xa6 },
    { 0x288f, 0xc0 },
    { 0x2890, 0x29 },
    { 0x2891, 0x74 },
    { 0x2892, 0xde },
    { 0x2893, 0x28 },
    { 0x2894, 0xc5 },
    { 0x2895, 0xf4 },
    { 0x2896, 0x01 },
    { 0x2897, 0xf6 },
    { 0x2898, 0xdc },
    { 0x2899, 0xa4 },
    { 0x289a, 0x0b },
    { 0x289b, 0x62 },
    { 0x289c, 0x0f },
    { 0x289d, 0xef },
    { 0x289e, 0xeb },
    { 0x289f, 0x16 },
    { 0x28a0, 0x8c },
    { 0x28a1, 0x16 },
    { 0x28a2, 0xff },
    { 0x28a3, 0x99 },
    { 0x28a4, 0xe9 },
    { 0x28a5, 0xff },
    { 0x28a6, 0x92 },
    { 0x28a7, 0x0c },
    { 0x28a8, 0xd1 },
    { 0x28a9, 0xc4 },
    { 0x28aa, 0xc8 },
    { 0x28ab, 0x27 },
    { 0x28ac, 0x2b },
    { 0x28ad, 0xa5 },
    { 0x28ae, 0x75 },
    { 0x28af, 0xff },
    { 0x28b0, 0xbe },
    { 0x28b1, 0x2f },
    { 0x28b2, 0x82 },
    { 0x28b3, 0xbd },
    { 0x28b4, 0xd3 },
    { 0x28b5, 0x36 },
    { 0x28b6, 0x50 },
    { 0x28b7, 0x75 },
    { 0x28b8, 0xa5 },
    { 0x28b9, 0x9f },
    { 0x28ba, 0x0e },
    { 0x28bb, 0x59 },
    { 0x28bc, 0x13 },
    { 0x28bd, 0x4f },
    { 0x28be, 0x95 },
    { 0x28bf, 0x89 },
    { 0x28c0, 0x60 },
    { 0x28c1, 0x6a },
    { 0x28c2, 0x05 },
    { 0x28c3, 0x56 },
    { 0x28c4, 0x9f },
    { 0x28c5, 0x01 },
    { 0x28c6, 0x27 },
    { 0x28c7, 0xfe },
    { 0x28c8, 0x75 },
    { 0x28c9, 0x5b },
    { 0x28ca, 0xb5 },
    { 0x28cb, 0xe3 },
    { 0x28cc, 0xa9 },
    { 0x28cd, 0x7b },
    { 0x28ce, 0xb9 },
    { 0x28cf, 0x32 },
    { 0x28d0, 0xc3 },
    { 0x28d1, 0x87 },
    { 0x28d2, 0xe7 },
    { 0x28d3, 0x91 },
    { 0x28d4, 0x15 },
    { 0x28d5, 0x2d },
    { 0x28d6, 0x68 },
    { 0x28d7, 0x35 },
    { 0x28d8, 0x03 },
    { 0x28d9, 0xe5 },
    { 0x28da, 0x95 },
    { 0x28db, 0x42 },
    { 0x28dc, 0xa6 },
    { 0x28dd, 0xac },
    { 0x28de, 0xff },
    { 0x28df, 0x85 },
    { 0x28e0, 0x4f },
    { 0x28e1, 0xc2 },
    { 0x28e2, 0x8b },
    { 0x28e3, 0xb7 },
    { 0x28e4, 0x49 },
    { 0x28e5, 0x8d },
    { 0x28e6, 0x8e },
    { 0x28e7, 0xd0 },
    { 0x28e8, 0x1d },
    { 0x28e9, 0x2f },
    { 0x28ea, 0x3a },
    { 0x28eb, 0x26 },
    { 0x28ec, 0x00 },
    { 0x28ed, 0xd3 },
    { 0x28ee, 0x03 },
    { 0x28ef, 0x73 },
    { 0x28f0, 0x4f },
    { 0x28f1, 0x49 },
    { 0x28f2, 0x53 },
    { 0x28f3, 0xe1 },
    { 0x28f4, 0x67 },
    { 0x28f5, 0x70 },
    { 0x28f6, 0xeb },
    { 0x28f7, 0x70 },
    { 0x28f8, 0x09 },
    { 0x28f9, 0xb8 },
    { 0x28fa, 0x72 },
    { 0x28fb, 0xd3 },
    { 0x28fc, 0x0a },
    { 0x28fd, 0x94 },
    { 0x28fe, 0x4f },
    { 0x28ff, 0x09 },
    { 0x2900, 0xa9 },
    { 0x2901, 0x32 },
    { 0x2902, 0xbd },
    { 0x2903, 0x52 },
    { 0x2904, 0x54 },
    { 0x2905, 0x79 },
    { 0x2906, 0x8f },
    { 0x2907, 0x32 },
    { 0x2908, 0xd6 },
    { 0x2909, 0x6d },
    { 0x290a, 0x0d },
    { 0x290b, 0x41 },
    { 0x290c, 0xcb },
    { 0x290d, 0xe5 },
    { 0x290e, 0xa6 },
    { 0x290f, 0x6a },
    { 0x2910, 0x59 },
    { 0x2911, 0x83 },
    { 0x2912, 0x67 },
    { 0x2913, 0x7a },
    { 0x2914, 0x54 },
    { 0x2915, 0x97 },
    { 0x2916, 0xa1 },
    { 0x2917, 0x03 },
    { 0x2918, 0x44 },
    { 0x2919, 0x15 },
    { 0x291a, 0x63 },
    { 0x291b, 0x7c },
    { 0x291c, 0x25 },
    { 0x291d, 0x4c },
    { 0x291e, 0x99 },
    { 0x291f, 0x9c },
    { 0x2920, 0x85 },
    { 0x2921, 0x4d },
    { 0x2922, 0xd7 },
    { 0x2923, 0x96 },
    { 0x2924, 0x55 },
    { 0x2925, 0xa7 },
    { 0x2926, 0x5b },
    { 0x2927, 0x38 },
    { 0x2928, 0x5c },
    { 0x2929, 0x5f },
    { 0x292a, 0x10 },
    { 0x292b, 0xf7 },
    { 0x292c, 0x80 },
    { 0x292d, 0x18 },
    { 0x292e, 0x11 },
    { 0x292f, 0xe3 },
    { 0x2930, 0x25 },
    { 0x2931, 0x9c },
    { 0x2932, 0x74 },
    { 0x2933, 0x97 },
    { 0x2934, 0x2a },
    { 0x2935, 0x7e },
    { 0x2936, 0x99 },
    { 0x2937, 0xc1 },
    { 0x2938, 0x80 },
    { 0x2939, 0x08 },
    { 0x293a, 0xe4 },
    { 0x293b, 0xa0 },
    { 0x293c, 0xc2 },
    { 0x293d, 0xbe },
    { 0x293e, 0xbd },
    { 0x293f, 0x5c },
    { 0x2940, 0x08 },
    { 0x2941, 0xee },
    { 0x2942, 0xbd },
    { 0x2943, 0x8b },
    { 0x2944, 0xe6 },
    { 0x2945, 0x89 },
    { 0x2946, 0x64 },
    { 0x2947, 0x31 },
    { 0x2948, 0xc9 },
    { 0x2949, 0xae },
    { 0x294a, 0x8c },
    { 0x294b, 0x18 },
    { 0x294c, 0x7c },
    { 0x294d, 0x4a },
    { 0x294e, 0xe5 },
    { 0x294f, 0xf5 },
    { 0x2950, 0x40 },
    { 0x2951, 0xac },
    { 0x2952, 0xed },
    { 0x2953, 0x07 },
    { 0x2954, 0x72 },
    { 0x2955, 0x3d },
    { 0x2956, 0xab },
    { 0x2957, 0xe3 },
    { 0x2958, 0xbc },
    { 0x2959, 0x26 },
    { 0x295a, 0x6a },
    { 0x295b, 0x2b },
    { 0x295c, 0x2e },
    { 0x295d, 0xba },
    { 0x295e, 0xa2 },
    { 0x295f, 0xff },
    { 0x2960, 0xb8 },
    { 0x2961, 0xc1 },
    { 0x2962, 0xda },
    { 0x2963, 0x6f },
    { 0x2964, 0x55 },
    { 0x2965, 0xbe },
    { 0x2966, 0x71 },
    { 0x2967, 0xa5 },
    { 0x2968, 0xca },
    { 0x2969, 0x61 },
    { 0x296a, 0xff },
    { 0x296b, 0xc0 },
    { 0x296c, 0x7b },
    { 0x296d, 0xd6 },
    { 0x296e, 0x64 },
    { 0x296f, 0x31 },
    { 0x2970, 0x3f },
    { 0x2971, 0x35 },
    { 0x2972, 0x05 },
    { 0x2973, 0xab },
    { 0x2974, 0xc9 },
    { 0x2975, 0xe1 },
    { 0x2976, 0x8c },
    { 0x2977, 0x3c },
    { 0x2978, 0xf9 },
    { 0x2979, 0x65 },
    { 0x297a, 0x31 },
    { 0x297b, 0x89 },
    { 0x297c, 0x6b },
    { 0x297d, 0x1c },
    { 0x297e, 0x5c },
    { 0x297f, 0x6e },
    { 0x2980, 0x21 },
    { 0x2981, 0x16 },
    { 0x2982, 0x6b },
    { 0x2983, 0x70 },
    { 0x2984, 0x26 },
    { 0x2985, 0x65 },
    { 0x2986, 0xbf },
    { 0x2987, 0x75 },
    { 0x2988, 0xe2 },
    { 0x2989, 0x30 },
    { 0x298a, 0xc1 },
    { 0x298b, 0x08 },
    { 0x298c, 0xb8 },
    { 0x298d, 0x4d },
    { 0x298e, 0x71 },
    { 0x298f, 0x84 },
    { 0x2990, 0xab },
    { 0x2991, 0x6a },
    { 0x2992, 0xac },
    { 0x2993, 0x18 },
    { 0x2994, 0xe6 },
    { 0x2995, 0x8e },
    { 0x2996, 0x1c },
    { 0x2997, 0x0d },
    { 0x2998, 0xd1 },
    { 0x2999, 0x07 },
    { 0x299a, 0x67 },
    { 0x299b, 0x9b },
    { 0x299c, 0xcd },
    { 0x299d, 0xba },
    { 0x299e, 0x7a },
    { 0x299f, 0x9e },
    { 0x29a0, 0xbb },
    { 0x29a1, 0xe0 },
    { 0x29a2, 0xcf },
    { 0x29a3, 0x5a },
    { 0x29a4, 0xeb },
    { 0x29a5, 0xf8 },
    { 0x29a6, 0x2e },
    { 0x29a7, 0x53 },
    { 0x29a8, 0x85 },
    { 0x29a9, 0xc6 },
    { 0x29aa, 0x0d },
    { 0x29ab, 0x57 },
    { 0x29ac, 0xcf },
    { 0x29ad, 0xe5 },
    { 0x29ae, 0x7a },
    { 0x29af, 0xd9 },
    { 0x29b0, 0xa2 },
    { 0x29b1, 0x61 },
    { 0x29b2, 0x01 },
    { 0x29b3, 0x05 },
    { 0x29b4, 0x7d },
    { 0x29b5, 0x4e },
    { 0x29b6, 0xa1 },
    { 0x29b7, 0xd2 },
    { 0x29b8, 0xe1 },
    { 0x29b9, 0x34 },
    { 0x29ba, 0xdf },
    { 0x29bb, 0x58 },
    { 0x29bc, 0x46 },
    { 0x29bd, 0x12 },
    { 0x29be, 0x12 },
    { 0x29bf, 0xd3 },
    { 0x29c0, 0x9f },
    { 0x29c1, 0xd9 },
    { 0x29c2, 0xc4 },
    { 0x29c3, 0x8f },
    { 0x29c4, 0xd3 },
    { 0x29c5, 0x54 },
    { 0x29c6, 0x1b },
    { 0x29c7, 0x1a },
    { 0x29c8, 0x7d },
    { 0x29c9, 0x1f },
    { 0x29ca, 0xa4 },
    { 0x29cb, 0x3b },
    { 0x29cc, 0x7c },
    { 0x29cd, 0x2a },
    { 0x29ce, 0xfa },
    { 0x29cf, 0x21 },
    { 0x29d0, 0x92 },
    { 0x29d1, 0x43 },
    { 0x29d2, 0x02 },
    { 0x29d3, 0x44 },
    { 0x29d4, 0x3c },
    { 0x29d5, 0x4c },
    { 0x29d6, 0x8d },
    { 0x29d7, 0xa3 },
    { 0x29d8, 0xa0 },
    { 0x29d9, 0x06 },
    { 0x29da, 0x17 },
    { 0x29db, 0x2a },
    { 0x29dc, 0x7b },
    { 0x29dd, 0xbe },
    { 0x29de, 0xb6 },
    { 0x29df, 0xb3 },
    { 0x29e0, 0x9f },
    { 0x29e1, 0xf7 },
    { 0x29e2, 0x61 },
    { 0x29e3, 0x69 },
    { 0x29e4, 0x49 },
    { 0x29e5, 0xa9 },
    { 0x29e6, 0x47 },
    { 0x29e7, 0x16 },
    { 0x29e8, 0x15 },
    { 0x29e9, 0x4d },
    { 0x29ea, 0x4f },
    { 0x29eb, 0x1e },
    { 0x29ec, 0x35 },
    { 0x29ed, 0x18 },
    { 0x29ee, 0x3e },
    { 0x29ef, 0xe0 },
    { 0x29f0, 0xe6 },
    { 0x29f1, 0x4c },
    { 0x29f2, 0x34 },
    { 0x29f3, 0x99 },
    { 0x29f4, 0x75 },
    { 0x29f5, 0x88 },
    { 0x29f6, 0xf5 },
    { 0x29f7, 0x9e },
    { 0x29f8, 0x6c },
    { 0x29f9, 0xb9 },
    { 0x29fa, 0x4e },
    { 0x29fb, 0x04 },
    { 0x29fc, 0x40 },
    { 0x29fd, 0x3f },
    { 0x29fe, 0x29 },
    { 0x29ff, 0x94 },
    { 0x2a00, 0x50 },
    { 0x2a01, 0xc0 },
    { 0x2a02, 0x68 },
    { 0x2a03, 0x2d },
    { 0x2a04, 0x35 },
    { 0x2a05, 0xe9 },
    { 0x2a06, 0xde },
    { 0x2a07, 0x8c },
    { 0x2a08, 0x79 },
    { 0x2a09, 0x45 },
    { 0x2a0a, 0x72 },
    { 0x2a0b, 0x77 },
    { 0x2a0c, 0xd2 },
    { 0x2a0d, 0x76 },
    { 0x2a0e, 0x0e },
    { 0x2a0f, 0x71 },
    { 0x2a10, 0x38 },
    { 0x2a11, 0xe6 },
    { 0x2a12, 0xaa },
    { 0x2a13, 0x2f },
    { 0x2a14, 0x7a },
    { 0x2a15, 0x48 },
    { 0x2a16, 0xd0 },
    { 0x2a17, 0x07 },
    { 0x2a18, 0xb0 },
    { 0x2a19, 0x18 },
    { 0x2a1a, 0xae },
    { 0x2a1b, 0x5d },
    { 0x2a1c, 0xd7 },
    { 0x2a1d, 0x83 },
    { 0x2a1e, 0xb6 },
    { 0x2a1f, 0x2c },
    { 0x2a20, 0x3a },
    { 0x2a21, 0x54 },
    { 0x2a22, 0x98 },
    { 0x2a23, 0x06 },
    { 0x2a24, 0x43 },
    { 0x2a25, 0x6a },
    { 0x2a26, 0x2e },
    { 0x2a27, 0xbb },
    { 0x2a28, 0x76 },
    { 0x2a29, 0xba },
    { 0x2a2a, 0xd1 },
    { 0x2a2b, 0x14 },
    { 0x2a2c, 0xc1 },
    { 0x2a2d, 0xf0 },
    { 0x2a2e, 0x3c },
    { 0x2a2f, 0x1d },
    { 0x2a30, 0x3e },
    { 0x2a31, 0xa8 },
    { 0x2a32, 0x86 },
    { 0x2a33, 0xf0 },
    { 0x2a34, 0x01 },
    { 0x2a35, 0x44 },
    { 0x2a36, 0xa3 },
    { 0x2a37, 0x52 },
    { 0x2a38, 0x8e },
    { 0x2a39, 0xf2 },
    { 0x2a3a, 0x56 },
    { 0x2a3b, 0x27 },
    { 0x2a3c, 0x0c },
    { 0x2a3d, 0x69 },
    { 0x2a3e, 0xe8 },
    { 0x2a3f, 0xa1 },
    { 0x2a40, 0x66 },
    { 0x2a41, 0x4c },
    { 0x2a42, 0x3b },
    { 0x2a43, 0x84 },
    { 0x2a44, 0xa4 },
    { 0x2a45, 0x38 },
    { 0x2a46, 0xb7 },
    { 0x2a47, 0xb7 },
    { 0x2a48, 0xf9 },
    { 0x2a49, 0x19 },
    { 0x2a4a, 0x76 },
    { 0x2a4b, 0x32 },
    { 0x2a4c, 0x96 },
    { 0x2a4d, 0x8d },
    { 0x2a4e, 0x3e },
    { 0x2a4f, 0x0e },
    { 0x2a50, 0x53 },
    { 0x2a51, 0x3f },
    { 0x2a52, 0xed },
    { 0x2a53, 0xa2 },
    { 0x2a54, 0x83 },
    { 0x2a55, 0xcc },
    { 0x2a56, 0x3f },
    { 0x2a57, 0xa0 },
    { 0x2a58, 0x80 },
    { 0x2a59, 0x34 },
    { 0x2a5a, 0xa9 },
    { 0x2a5b, 0x12 },
    { 0x2a5c, 0x14 },
    { 0x2a5d, 0x8c },
    { 0x2a5e, 0x65 },
    { 0x2a5f, 0xf2 },
    { 0x2a60, 0xdc },
    { 0x2a61, 0x8e },
    { 0x2a62, 0x58 },
    { 0x2a63, 0x4c },
    { 0x2a64, 0x99 },
    { 0x2a65, 0x05 },
    { 0x2a66, 0x58 },
    { 0x2a67, 0xed },
    { 0x2a68, 0x72 },
    { 0x2a69, 0x30 },
    { 0x2a6a, 0xb0 },
    { 0x2a6b, 0xb9 },
    { 0x2a6c, 0x74 },
    { 0x2a6d, 0x90 },
    { 0x2a6e, 0x8b },
    { 0x2a6f, 0x31 },
    { 0x2a70, 0x88 },
    { 0x2a71, 0x58 },
    { 0x2a72, 0x8f },
    { 0x2a73, 0x66 },
    { 0x2a74, 0x0a },
    { 0x2a75, 0x35 },
    { 0x2a76, 0xa7 },
    { 0x2a77, 0x83 },
    { 0x2a78, 0xd0 },
    { 0x2a79, 0x89 },
    { 0x2a7a, 0x35 },
    { 0x2a7b, 0x34 },
    { 0x2a7c, 0x94 },
    { 0x2a7d, 0xd2 },
    { 0x2a7e, 0x08 },
    { 0x2a7f, 0x6e },
    { 0x2a80, 0xf9 },
    { 0x2a81, 0xed },
    { 0x2a82, 0x4e },
    { 0x2a83, 0x34 },
    { 0x2a84, 0x11 },
    { 0x2a85, 0x9b },
    { 0x2a86, 0x32 },
    { 0x2a87, 0x6f },
    { 0x2a88, 0x36 },
    { 0x2a89, 0x5b },
    { 0x2a8a, 0x75 },
    { 0x2a8b, 0xf1 },
    { 0x2a8c, 0xc2 },
    { 0x2a8d, 0x17 },
    { 0x2a8e, 0x8b },
    { 0x2a8f, 0x10 },
    { 0x2a90, 0xed },
    { 0x2a91, 0x78 },
    { 0x2a92, 0xb5 },
    { 0x2a93, 0x5a },
    { 0x2a94, 0x71 },
    { 0x2a95, 0x7f },
    { 0x2a96, 0x61 },
    { 0x2a97, 0x8d },
    { 0x2a98, 0x18 },
    { 0x2a99, 0x7e },
    { 0x2a9a, 0x58 },
    { 0x2a9b, 0x89 },
    { 0x2a9c, 0xcf },
    { 0x2a9d, 0x83 },
    { 0x2a9e, 0xa9 },
    { 0x2a9f, 0xc4 },
    { 0x2aa0, 0xe5 },
    { 0x2aa1, 0x01 },
    { 0x2aa2, 0x41 },
    { 0x2aa3, 0x6a },
    { 0x2aa4, 0x52 },
    { 0x2aa5, 0x0c },
    { 0x2aa6, 0x51 },
    { 0x2aa7, 0x7b },
    { 0x2aa8, 0x85 },
    { 0x2aa9, 0x47 },
    { 0x2aaa, 0xb0 },
    { 0x2aab, 0x84 },
    { 0x2aac, 0x92 },
    { 0x2aad, 0x5f },
    { 0x2aae, 0x3c },
    { 0x2aaf, 0x3a },
    { 0x2ab0, 0x89 },
    { 0x2ab1, 0xa1 },
    { 0x2ab2, 0x03 },
    { 0x2ab3, 0xbc },
    { 0x2ab4, 0xd0 },
    { 0x2ab5, 0x2f },
    { 0x2ab6, 0x62 },
    { 0x2ab7, 0xc5 },
    { 0x2ab8, 0x68 },
    { 0x2ab9, 0x27 },
    { 0x2aba, 0xe3 },
    { 0x2abb, 0x0b },
    { 0x2abc, 0xee },
    { 0x2abd, 0x98 },
    { 0x2abe, 0x72 },
    { 0x2abf, 0xe6 },
    { 0x2ac0, 0xba },
    { 0x2ac1, 0x68 },
    { 0x2ac2, 0x9b },
    { 0x2ac3, 0x8a },
    { 0x2ac4, 0xa8 },
    { 0x2ac5, 0x1d },
    { 0x2ac6, 0xee },
    { 0x2ac7, 0xbb },
    { 0x2ac8, 0x0e },
    { 0x2ac9, 0x28 },
    { 0x2aca, 0xde },
    { 0x2acb, 0xf8 },
    { 0x2acc, 0xf5 },
    { 0x2acd, 0xd6 },
    { 0x2ace, 0xde },
    { 0x2acf, 0x66 },
    { 0x2ad0, 0x91 },
    { 0x2ad1, 0x64 },
    { 0x2ad2, 0x82 },
    { 0x2ad3, 0x66 },
    { 0x2ad4, 0x86 },
    { 0x2ad5, 0x9e },
    { 0x2ad6, 0x4e },
    { 0x2ad7, 0xb8 },
    { 0x2ad8, 0x9b },
    { 0x2ad9, 0x4f },
    { 0x2ada, 0xeb },
    { 0x2adb, 0x32 },
    { 0x2adc, 0x57 },
    { 0x2add, 0x9d },
    { 0x2ade, 0x46 },
    { 0x2adf, 0xb6 },
    { 0x2ae0, 0x59 },
    { 0x2ae1, 0xdd },
    { 0x2ae2, 0xd8 },
    { 0x2ae3, 0xf5 },
    { 0x2ae4, 0xb3 },
    { 0x2ae5, 0xed },
    { 0x2ae6, 0x39 },
    { 0x2ae7, 0x91 },
    { 0x2ae8, 0x5a },
    { 0x2ae9, 0x8b },
    { 0x2aea, 0xe1 },
    { 0x2aeb, 0x0a },
    { 0x2aec, 0xe6 },
    { 0x2aed, 0x41 },
    { 0x2aee, 0xe2 },
    { 0x2aef, 0x5b },
    { 0x2af0, 0x19 },
    { 0x2af1, 0x85 },
    { 0x2af2, 0xbc },
    { 0x2af3, 0xeb },
    { 0x2af4, 0x05 },
    { 0x2af5, 0x29 },
    { 0x2af6, 0x4b },
    { 0x2af7, 0xff },
    { 0x2af8, 0x4d },
    { 0x2af9, 0x16 },
    { 0x2afa, 0xe6 },
    { 0x2afb, 0x94 },
    { 0x2afc, 0xb9 },
    { 0x2afd, 0x5b },
    { 0x2afe, 0x62 },
    { 0x2aff, 0x40 },
    { 0x2b00, 0x5d },
    { 0x2b01, 0xfe },
    { 0x2b02, 0x9c },
    { 0x2b03, 0xf7 },
    { 0x2b04, 0x61 },
    { 0x2b05, 0xd7 },
    { 0x2b06, 0xc3 },
    { 0x2b07, 0xd8 },
    { 0x2b08, 0x47 },
    { 0x2b09, 0x90 },
    { 0x2b0a, 0x31 },
    { 0x2b0b, 0xe2 },
    { 0x2b0c, 0x95 },
    { 0x2b0d, 0x91 },
    { 0x2b0e, 0x3f },
    { 0x2b0f, 0x56 },
    { 0x2b10, 0x9b },
    { 0x2b11, 0x43 },
    { 0x2b12, 0xd5 },
    { 0x2b13, 0x59 },
    { 0x2b14, 0xef },
    { 0x2b15, 0xa8 },
    { 0x2b16, 0xce },
    { 0x2b17, 0xbf },
    { 0x2b18, 0x2b },
    { 0x2b19, 0x3e },
    { 0x2b1a, 0xef },
    { 0x2b1b, 0x47 },
    { 0x2b1c, 0x78 },
    { 0x2b1d, 0x03 },
    { 0x2b1e, 0x95 },
    { 0x2b1f, 0x20 },
    { 0x2b20, 0xfb },
    { 0x2b21, 0x0e },
    { 0x2b22, 0xa6 },
    { 0x2b23, 0x80 },
    { 0x2b24, 0x35 },
    { 0x2b25, 0xab },
    { 0x2b26, 0xa0 },
    { 0x2b27, 0x78 },
    { 0x2b28, 0x9a },
    { 0x2b29, 0x9b },
    { 0x2b2a, 0x51 },
    { 0x2b2b, 0xdf },
    { 0x2b2c, 0x48 },
    { 0x2b2d, 0x3c },
    { 0x2b2e, 0xf3 },
    { 0x2b2f, 0xc8 },
    { 0x2b30, 0x4d },
    { 0x2b31, 0x23 },
    { 0x2b32, 0x6f },
    { 0x2b33, 0x99 },
    { 0x2b34, 0xc0 },
    { 0x2b35, 0x6e },
    { 0x2b36, 0xaf },
    { 0x2b37, 0x0b },
    { 0x2b38, 0xd5 },
    { 0x2b39, 0x4b },
    { 0x2b3a, 0x78 },
    { 0x2b3b, 0x64 },
    { 0x2b3c, 0x0b },
    { 0x2b3d, 0x9f },
    { 0x2b3e, 0x60 },
    { 0x2b3f, 0x70 },
    { 0x2b40, 0x56 },
    { 0x2b41, 0xac },
    { 0x2b42, 0x22 },
    { 0x2b43, 0xf5 },
    { 0x2b44, 0x84 },
    { 0x2b45, 0xcf },
    { 0x2b46, 0xcc },
    { 0x2b47, 0x23 },
    { 0x2b48, 0xa6 },
    { 0x2b49, 0xde },
    { 0x2b4a, 0xe9 },
    { 0x2b4b, 0xeb },
    { 0x2b4c, 0x4e },
    { 0x2b4d, 0x2a },
    { 0x2b4e, 0x8f },
    { 0x2b4f, 0x3f },
    { 0x2b50, 0xb2 },
    { 0x2b51, 0xa0 },
    { 0x2b52, 0x04 },
    { 0x2b53, 0x9c },
    { 0x2b54, 0x83 },
    { 0x2b55, 0x92 },
    { 0x2b56, 0xe8 },
    { 0x2b57, 0xec },
    { 0x2b58, 0xba },
    { 0x2b59, 0x3b },
    { 0x2b5a, 0x08 },
    { 0x2b5b, 0xd3 },
    { 0x2b5c, 0x28 },
    { 0x2b5d, 0xf4 },
    { 0x2b5e, 0x29 },
    { 0x2b5f, 0x6a },
    { 0x2b60, 0x16 },
    { 0x2b61, 0xab },
    { 0x2b62, 0x85 },
    { 0x2b63, 0x5c },
    { 0x2b64, 0xe9 },
    { 0x2b65, 0x6b },
    { 0x2b66, 0xe3 },
    { 0x2b67, 0xff },
    { 0x2b68, 0x55 },
    { 0x2b69, 0xd8 },
    { 0x2b6a, 0xf1 },
    { 0x2b6b, 0x79 },
    { 0x2b6c, 0xd2 },
    { 0x2b6d, 0x9b },
    { 0x2b6e, 0xd2 },
    { 0x2b6f, 0xe9 },
    { 0x2b70, 0xe1 },
    { 0x2b71, 0xb1 },
    { 0x2b72, 0x36 },
    { 0x2b73, 0x85 },
    { 0x2b74, 0x98 },
    { 0x2b75, 0x34 },
    { 0x2b76, 0x60 },
    { 0x2b77, 0xab },
    { 0x2b78, 0x8e },
    { 0x2b79, 0x16 },
    { 0x2b7a, 0x44 },
    { 0x2b7b, 0x8d },
    { 0x2b7c, 0xdb },
    { 0x2b7d, 0x51 },
    { 0x2b7e, 0xf8 },
    { 0x2b7f, 0xfa },
    { 0x2b80, 0xf6 },
    { 0x2b81, 0x90 },
    { 0x2b82, 0x75 },
    { 0x2b83, 0xb7 },
    { 0x2b84, 0x9e },
    { 0x2b85, 0xef },
    { 0x2b86, 0x74 },
    { 0x2b87, 0xaf },
    { 0x2b88, 0xc7 },
    { 0x2b89, 0xa6 },
    { 0x2b8a, 0xe2 },
    { 0x2b8b, 0x77 },
    { 0x2b8c, 0x7b },
    { 0x2b8d, 0x5e },
    { 0x2b8e, 0x8d },
    { 0x2b8f, 0xbc },
    { 0x2b90, 0xb0 },
    { 0x2b91, 0x90 },
    { 0x2b92, 0xbd },
    { 0x2b93, 0xf9 },
    { 0x2b94, 0x26 },
    { 0x2b95, 0x39 },
    { 0x2b96, 0x37 },
    { 0x2b97, 0xc7 },
    { 0x2b98, 0x16 },
    { 0x2b99, 0x64 },
    { 0x2b9a, 0x86 },
    { 0x2b9b, 0x93 },
    { 0x2b9c, 0xd0 },
    { 0x2b9d, 0x7e },
    { 0x2b9e, 0x28 },
    { 0x2b9f, 0xc5 },
    { 0x2ba0, 0x71 },
    { 0x2ba1, 0x23 },
    { 0x2ba2, 0xf6 },
    { 0x2ba3, 0xa6 },
    { 0x2ba4, 0x86 },
    { 0x2ba5, 0x8c },
    { 0x2ba6, 0x08 },
    { 0x2ba7, 0x94 },
    { 0x2ba8, 0xad },
    { 0x2ba9, 0xe4 },
    { 0x2baa, 0x7d },
    { 0x2bab, 0xed },
    { 0x2bac, 0xbe },
    { 0x2bad, 0xa0 },
    { 0x2bae, 0xa9 },
    { 0x2baf, 0x1d },
    { 0x2bb0, 0x85 },
    { 0x2bb1, 0x5d },
    { 0x2bb2, 0x2f },
    { 0x2bb3, 0x7d },
    { 0x2bb4, 0xec },
    { 0x2bb5, 0xa7 },
    { 0x2bb6, 0x1c },
    { 0x2bb7, 0xb6 },
    { 0x2bb8, 0x4b },
    { 0x2bb9, 0x90 },
    { 0x2bba, 0xab },
    { 0x2bbb, 0xf3 },
    { 0x2bbc, 0xd0 },
    { 0x2bbd, 0x9e },
    { 0x2bbe, 0x05 },
    { 0x2bbf, 0xd8 },
    { 0x2bc0, 0x0a },
    { 0x2bc1, 0xa6 },
    { 0x2bc2, 0x8b },
    { 0x2bc3, 0x6e },
    { 0x2bc4, 0x0d },
    { 0x2bc5, 0x49 },
    { 0x2bc6, 0x0c },
    { 0x2bc7, 0xf4 },
    { 0x2bc8, 0x32 },
    { 0x2bc9, 0x01 },
    { 0x2bca, 0x15 },
    { 0x2bcb, 0x9d },
    { 0x2bcc, 0x60 },
    { 0x2bcd, 0xfa },
    { 0x2bce, 0x1d },
    { 0x2bcf, 0x6b },
    { 0x2bd0, 0xb7 },
    { 0x2bd1, 0x03 },
    { 0x2bd2, 0x30 },
    { 0x2bd3, 0x5e },
    { 0x2bd4, 0xb4 },
    { 0x2bd5, 0x1e },
    { 0x2bd6, 0x32 },
    { 0x2bd7, 0x74 },
    { 0x2bd8, 0xa6 },
    { 0x2bd9, 0x4f },
    { 0x2bda, 0xb3 },
    { 0x2bdb, 0xdc },
    { 0x2bdc, 0x9f },
    { 0x2bdd, 0x04 },
    { 0x2bde, 0x90 },
    { 0x2bdf, 0x91 },
    { 0x2be0, 0x7a },
    { 0x2be1, 0xa0 },
    { 0x2be2, 0x09 },
    { 0x2be3, 0x83 },
    { 0x2be4, 0x6c },
    { 0x2be5, 0xb6 },
    { 0x2be6, 0x27 },
    { 0x2be7, 0x20 },
    { 0x2be8, 0x06 },
    { 0x2be9, 0x5e },
    { 0x2bea, 0xfd },
    { 0x2beb, 0x26 },
    { 0x2bec, 0x9f },
    { 0x2bed, 0x95 },
    { 0x2bee, 0x0d },
    { 0x2bef, 0x07 },
    { 0x2bf0, 0xdf },
    { 0x2bf1, 0xc1 },
    { 0x2bf2, 0xb7 },
    { 0x2bf3, 0xac },
    { 0x2bf4, 0x76 },
    { 0x2bf5, 0xbe },
    { 0x2bf6, 0x15 },
    { 0x2bf7, 0xf3 },
    { 0x2bf8, 0xb0 },
    { 0x2bf9, 0x6a },
    { 0x2bfa, 0x39 },
    { 0x2bfb, 0x6a },
    { 0x2bfc, 0x1b },
    { 0x2bfd, 0xbd },
    { 0x2bfe, 0x04 },
    { 0x2bff, 0xda },
    { 0x2c00, 0x0e },
    { 0x2c01, 0x14 },
    { 0x2c02, 0x26 },
    { 0x2c03, 0x22 },
    { 0x2c04, 0xa7 },
    { 0x2c05, 0x17 },
    { 0x2c06, 0x95 },
    { 0x2c07, 0x86 },
    { 0x2c08, 0x0b },
    { 0x2c09, 0x2a },
    { 0x2c0a, 0xde },
    { 0x2c0b, 0xa6 },
    { 0x2c0c, 0x0b },
    { 0x2c0d, 0xde },
    { 0x2c0e, 0xe4 },
    { 0x2c0f, 0xb5 },
    { 0x2c10, 0xb4 },
    { 0x2c11, 0x79 },
    { 0x2c12, 0xd3 },
    { 0x2c13, 0x69 },
    { 0x2c14, 0x90 },
    { 0x2c15, 0x14 },
    { 0x2c16, 0x9c },
    { 0x2c17, 0x45 },
    { 0x2c18, 0x8d },
    { 0x2c19, 0x69 },
    { 0x2c1a, 0xcf },
    { 0x2c1b, 0xb5 },
    { 0x2c1c, 0x8e },
    { 0x2c1d, 0xda },
    { 0x2c1e, 0x90 },
    { 0x2c1f, 0xa9 },
    { 0x2c20, 0x59 },
    { 0x2c21, 0x88 },
    { 0x2c22, 0x8c },
    { 0x2c23, 0xd3 },
    { 0x2c24, 0x30 },
    { 0x2c25, 0xe6 },
    { 0x2c26, 0x48 },
    { 0x2c27, 0xf9 },
    { 0x2c28, 0x25 },
    { 0x2c29, 0x3f },
    { 0x2c2a, 0x2b },
    { 0x2c2b, 0x73 },
    { 0x2c2c, 0x48 },
    { 0x2c2d, 0x69 },
    { 0x2c2e, 0xc6 },
    { 0x2c2f, 0x9a },
    { 0x2c30, 0x61 },
    { 0x2c31, 0x0d },
    { 0x2c32, 0x97 },
    { 0x2c33, 0x14 },
    { 0x2c34, 0x25 },
    { 0x2c35, 0xd0 },
    { 0x2c36, 0x1e },
    { 0x2c37, 0x77 },
    { 0x2c38, 0x92 },
    { 0x2c39, 0xed },
    { 0x2c3a, 0x8e },
    { 0x2c3b, 0x08 },
    { 0x2c3c, 0xc4 },
    { 0x2c3d, 0x7c },
    { 0x2c3e, 0x12 },
    { 0x2c3f, 0x12 },
    { 0x2c40, 0xc5 },
    { 0x2c41, 0xf3 },
    { 0x2c42, 0xe6 },
    { 0x2c43, 0x54 },
    { 0x2c44, 0xaf },
    { 0x2c45, 0xed },
    { 0x2c46, 0x34 },
    { 0x2c47, 0x41 },
    { 0x2c48, 0x80 },
    { 0x2c49, 0x34 },
    { 0x2c4a, 0x1c },
    { 0x2c4b, 0x99 },
    { 0x2c4c, 0x26 },
    { 0x2c4d, 0x25 },
    { 0x2c4e, 0xa8 },
    { 0x2c4f, 0x0a },
    { 0x2c50, 0x5b },
    { 0x2c51, 0x04 },
    { 0x2c52, 0xd0 },
    { 0x2c53, 0x3f },
    { 0x2c54, 0x60 },
    { 0x2c55, 0xee },
    { 0x2c56, 0x15 },
    { 0x2c57, 0xb1 },
    { 0x2c58, 0x45 },
    { 0x2c59, 0x33 },
    { 0x2c5a, 0x71 },
    { 0x2c5b, 0x10 },
    { 0x2c5c, 0x57 },
    { 0x2c5d, 0xfb },
    { 0x2c5e, 0xf7 },
    { 0x2c5f, 0xc4 },
    { 0x2c60, 0xc1 },
    { 0x2c61, 0x14 },
    { 0x2c62, 0xee },
    { 0x2c63, 0xce },
    { 0x2c64, 0x75 },
    { 0x2c65, 0xdf },
    { 0x2c66, 0x59 },
    { 0x2c67, 0xde },
    { 0x2c68, 0x9c },
    { 0x2c69, 0x3c },
    { 0x2c6a, 0x13 },
    { 0x2c6b, 0x18 },
    { 0x2c6c, 0x1c },
    { 0x2c6d, 0xd3 },
    { 0x2c6e, 0xaf },
    { 0x2c6f, 0xcf },
    { 0x2c70, 0x93 },
    { 0x2c71, 0xb4 },
    { 0x2c72, 0xad },
    { 0x2c73, 0x37 },
    { 0x2c74, 0xa8 },
    { 0x2c75, 0x16 },
    { 0x2c76, 0x7c },
    { 0x2c77, 0x87 },
    { 0x2c78, 0x88 },
    { 0x2c79, 0x03 },
    { 0x2c7a, 0x56 },
    { 0x2c7b, 0x40 },
    { 0x2c7c, 0xec },
    { 0x2c7d, 0x09 },
    { 0x2c7e, 0x72 },
    { 0x2c7f, 0xcf },
    { 0x2c80, 0x41 },
    { 0x2c81, 0x2c },
    { 0x2c82, 0x35 },
    { 0x2c83, 0x89 },
    { 0x2c84, 0xf7 },
    { 0x2c85, 0xe1 },
    { 0x2c86, 0x78 },
    { 0x2c87, 0x30 },
    { 0x2c88, 0x39 },
    { 0x2c89, 0xb8 },
    { 0x2c8a, 0x87 },
    { 0x2c8b, 0x64 },
    { 0x2c8c, 0x09 },
    { 0x2c8d, 0x65 },
    { 0x2c8e, 0x9c },
    { 0x2c8f, 0xbd },
    { 0x2c90, 0x51 },
    { 0x2c91, 0x13 },
    { 0x2c92, 0x7b },
    { 0x2c93, 0x1a },
    { 0x2c94, 0xe4 },
    { 0x2c95, 0x9b },
    { 0x2c96, 0xb9 },
    { 0x2c97, 0x0e },
    { 0x2c98, 0x13 },
    { 0x2c99, 0xb2 },
    { 0x2c9a, 0xdf },
    { 0x2c9b, 0x7e },
    { 0x2c9c, 0x18 },
    { 0x2c9d, 0x4c },
    { 0x2c9e, 0xa3 },
    { 0x2c9f, 0xba },
    { 0x2ca0, 0xd0 },
    { 0x2ca1, 0xed },
    { 0x2ca2, 0xb8 },
    { 0x2ca3, 0x8c },
    { 0x2ca4, 0x27 },
    { 0x2ca5, 0xbf },
    { 0x2ca6, 0xeb },
    { 0x2ca7, 0xb0 },
    { 0x2ca8, 0x72 },
    { 0x2ca9, 0xa3 },
    { 0x2caa, 0x8e },
    { 0x2cab, 0xe9 },
    { 0x2cac, 0xe3 },
    { 0x2cad, 0xf7 },
    { 0x2cae, 0x70 },
    { 0x2caf, 0xe1 },
    { 0x2cb0, 0xc3 },
    { 0x2cb1, 0x5f },
    { 0x2cb2, 0xb8 },
    { 0x2cb3, 0x21 },
    { 0x2cb4, 0x39 },
    { 0x2cb5, 0xd8 },
    { 0x2cb6, 0xc0 },
    { 0x2cb7, 0x37 },
    { 0x2cb8, 0x6c },
    { 0x2cb9, 0x4d },
    { 0x2cba, 0x00 },
    { 0x2cbb, 0x05 },
    { 0x2cbc, 0x9c },
    { 0x2cbd, 0xb3 },
    { 0x2cbe, 0xb1 },
    { 0x2cbf, 0x47 },
    { 0x2cc0, 0xe3 },
    { 0x2cc1, 0x00 },
    { 0x2cc2, 0xe3 },
    { 0x2cc3, 0x99 },
    { 0x2cc4, 0xb0 },
    { 0x2cc5, 0x0a },
    { 0x2cc6, 0x33 },
    { 0x2cc7, 0x98 },
    { 0x2cc8, 0xbb },
    { 0x2cc9, 0xce },
    { 0x2cca, 0xd6 },
    { 0x2ccb, 0xe6 },
    { 0x2ccc, 0xdd },
    { 0x2ccd, 0x7b },
    { 0x2cce, 0xdb },
    { 0x2ccf, 0x42 },
    { 0x2cd0, 0x67 },
    { 0x2cd1, 0x64 },
    { 0x2cd2, 0x4b },
    { 0x2cd3, 0x97 },
    { 0x2cd4, 0x11 },
    { 0x2cd5, 0x8f },
    { 0x2cd6, 0x19 },
    { 0x2cd7, 0xe6 },
    { 0x2cd8, 0x4f },
    { 0x2cd9, 0x4f },
    { 0x2cda, 0x99 },
    { 0x2cdb, 0x5c },
    { 0x2cdc, 0xf9 },
    { 0x2cdd, 0x4a },
    { 0x2cde, 0xe0 },
    { 0x2cdf, 0x3f },
    { 0x2ce0, 0xe1 },
    { 0x2ce1, 0xe3 },
    { 0x2ce2, 0x0c },
    { 0x2ce3, 0x85 },
    { 0x2ce4, 0x31 },
    { 0x2ce5, 0xb5 },
    { 0x2ce6, 0x4d },
    { 0x2ce7, 0x22 },
    { 0x2ce8, 0xdf },
    { 0x2ce9, 0xb8 },
    { 0x2cea, 0x4e },
    { 0x2ceb, 0x65 },
    { 0x2cec, 0xc5 },
    { 0x2ced, 0xa4 },
    { 0x2cee, 0x24 },
    { 0x2cef, 0x58 },
    { 0x2cf0, 0x1d },
    { 0x2cf1, 0x5b },
    { 0x2cf2, 0xad },
    { 0x2cf3, 0xa4 },
    { 0x2cf4, 0x75 },
    { 0x2cf5, 0xd4 },
    { 0x2cf6, 0x00 },
    { 0x2cf7, 0xb3 },
    { 0x2cf8, 0xa7 },
    { 0x2cf9, 0x86 },
    { 0x2cfa, 0x8b },
    { 0x2cfb, 0x3c },
    { 0x2cfc, 0x8d },
    { 0x2cfd, 0xe6 },
    { 0x2cfe, 0xad },
    { 0x2cff, 0x58 },
    { 0x2d00, 0x6a },
    { 0x2d01, 0xa9 },
    { 0x2d02, 0xc7 },
    { 0x2d03, 0xea },
    { 0x2d04, 0x2c },
    { 0x2d05, 0x79 },
    { 0x2d06, 0xb8 },
    { 0x2d07, 0x4c },
    { 0x2d08, 0xa4 },
    { 0x2d09, 0x10 },
    { 0x2d0a, 0x9d },
    { 0x2d0b, 0xf6 },
    { 0x2d0c, 0xe5 },
    { 0x2d0d, 0x56 },
    { 0x2d0e, 0xa4 },
    { 0x2d0f, 0xc9 },
    { 0x2d10, 0x17 },
    { 0x2d11, 0xfd },
    { 0x2d12, 0x3f },
    { 0x2d13, 0x60 },
    { 0x2d14, 0xa6 },
    { 0x2d15, 0x1c },
    { 0x2d16, 0xac },
    { 0x2d17, 0xe4 },
    { 0x2d18, 0x99 },
    { 0x2d19, 0xb9 },
    { 0x2d1a, 0xc3 },
    { 0x2d1b, 0x2a },
    { 0x2d1c, 0x8c },
    { 0x2d1d, 0xd8 },
    { 0x2d1e, 0x94 },
    { 0x2d1f, 0x78 },
    { 0x2d20, 0x93 },
    { 0x2d21, 0xd9 },
    { 0x2d22, 0x86 },
    { 0x2d23, 0x69 },
    { 0x2d24, 0xb2 },
    { 0x2d25, 0x9e },
    { 0x2d26, 0x8c },
    { 0x2d27, 0x4b },
    { 0x2d28, 0x6e },
    { 0x2d29, 0x27 },
    { 0x2d2a, 0x1c },
    { 0x2d2b, 0x23 },
    { 0x2d2c, 0xa2 },
    { 0x2d2d, 0xa4 },
    { 0x2d2e, 0x37 },
    { 0x2d2f, 0x66 },
    { 0x2d30, 0x13 },
    { 0x2d31, 0xd0 },
    { 0x2d32, 0x1e },
    { 0x2d33, 0x98 },
    { 0x2d34, 0x31 },
    { 0x2d35, 0x2f },
    { 0x2d36, 0xbd },
    { 0x2d37, 0x19 },
    { 0x2d38, 0x23 },
    { 0x2d39, 0x89 },
    { 0x2d3a, 0x8a },
    { 0x2d3b, 0xf2 },
    { 0x2d3c, 0x61 },
    { 0x2d3d, 0x9a },
    { 0x2d3e, 0x7e },
    { 0x2d3f, 0x2d },
    { 0x2d40, 0xc5 },
    { 0x2d41, 0x47 },
    { 0x2d42, 0x9d },
    { 0x2d43, 0x7d },
    { 0x2d44, 0x34 },
    { 0x2d45, 0x6c },
    { 0x2d46, 0xf4 },
    { 0x2d47, 0xdc },
    { 0x2d48, 0xd8 },
    { 0x2d49, 0x33 },
    { 0x2d4a, 0x29 },
    { 0x2d4b, 0x94 },
    { 0x2d4c, 0x79 },
    { 0x2d4d, 0xbe },
    { 0x2d4e, 0x5e },
    { 0x2d4f, 0x7d },
    { 0x2d50, 0x14 },
    { 0x2d51, 0x50 },
    { 0x2d52, 0xa9 },
    { 0x2d53, 0xb5 },
    { 0x2d54, 0x6c },
    { 0x2d55, 0x47 },
    { 0x2d56, 0x5d },
    { 0x2d57, 0xfd },
    { 0x2d58, 0xfd },
    { 0x2d59, 0x66 },
    { 0x2d5a, 0x94 },
    { 0x2d5b, 0x9f },
    { 0x2d5c, 0x42 },
    { 0x2d5d, 0x76 },
    { 0x2d5e, 0xd6 },
    { 0x2d5f, 0xa8 },
    { 0x2d60, 0x5a },
    { 0x2d61, 0x3f },
    { 0x2d62, 0x21 },
    { 0x2d63, 0x9b },
    { 0x2d64, 0xde },
    { 0x2d65, 0xaa },
    { 0x2d66, 0xbd },
    { 0x2d67, 0xa2 },
    { 0x2d68, 0x30 },
    { 0x2d69, 0x82 },
    { 0x2d6a, 0x96 },
    { 0x2d6b, 0xf2 },
    { 0x2d6c, 0x36 },
    { 0x2d6d, 0x10 },
    { 0x2d6e, 0x46 },
    { 0x2d6f, 0xf6 },
    { 0x2d70, 0xac },
    { 0x2d71, 0x89 },
    { 0x2d72, 0xa2 },
    { 0x2d73, 0x32 },
    { 0x2d74, 0xdb },
    { 0x2d75, 0xcb },
    { 0x2d76, 0xcc },
    { 0x2d77, 0x07 },
    { 0x2d78, 0x1b },
    { 0x2d79, 0x8f },
    { 0x2d7a, 0x54 },
    { 0x2d7b, 0x69 },
    { 0x2d7c, 0x2f },
    { 0x2d7d, 0x9c },
    { 0x2d7e, 0x36 },
    { 0x2d7f, 0x6f },
    { 0x2d80, 0xd5 },
    { 0x2d81, 0xf1 },
    { 0x2d82, 0x5f },
    { 0x2d83, 0x6f },
    { 0x2d84, 0xa0 },
    { 0x2d85, 0x37 },
    { 0x2d86, 0xd0 },
    { 0x2d87, 0x10 },
    { 0x2d88, 0xc8 },
    { 0x2d89, 0x93 },
    { 0x2d8a, 0xbb },
    { 0x2d8b, 0xbb },
    { 0x2d8c, 0x98 },
    { 0x2d8d, 0xf9 },
    { 0x2d8e, 0x87 },
    { 0x2d8f, 0xfe },
    { 0x2d90, 0x61 },
    { 0x2d91, 0xe8 },
    { 0x2d92, 0x27 },
    { 0x2d93, 0x48 },
    { 0x2d94, 0x13 },
    { 0x2d95, 0xfa },
    { 0x2d96, 0x2c },
    { 0x2d97, 0xf6 },
    { 0x2d98, 0x8f },
    { 0x2d99, 0xda },
    { 0x2d9a, 0xeb },
    { 0x2d9b, 0xd4 },
    { 0x2d9c, 0xba },
    { 0x2d9d, 0x2b },
    { 0x2d9e, 0x9c },
    { 0x2d9f, 0xec },
    { 0x2da0, 0x6b },
    { 0x2da1, 0x49 },
    { 0x2da2, 0xd2 },
    { 0x2da3, 0x25 },
    { 0x2da4, 0xd5 },
    { 0x2da5, 0xe0 },
    { 0x2da6, 0xbb },
    { 0x2da7, 0x49 },
    { 0x2da8, 0x36 },
    { 0x2da9, 0xa0 },
    { 0x2daa, 0xd5 },
    { 0x2dab, 0x15 },
    { 0x2dac, 0xee },
    { 0x2dad, 0x66 },
    { 0x2dae, 0xc4 },
    { 0x2daf, 0x32 },
    { 0x2db0, 0xe8 },
    { 0x2db1, 0x7f },
    { 0x2db2, 0x20 },
    { 0x2db3, 0x6a },
    { 0x2db4, 0xca },
    { 0x2db5, 0x91 },
    { 0x2db6, 0xd8 },
    { 0x2db7, 0xad },
    { 0x2db8, 0x3c },
    { 0x2db9, 0x94 },
    { 0x2dba, 0x5f },
    { 0x2dbb, 0x06 },
    { 0x2dbc, 0x63 },
    { 0x2dbd, 0x1b },
    { 0x2dbe, 0x22 },
    { 0x2dbf, 0x0f },
    { 0x2dc0, 0x81 },
    { 0x2dc1, 0x41 },
    { 0x2dc2, 0x6a },
    { 0x2dc3, 0x96 },
    { 0x2dc4, 0xab },
    { 0x2dc5, 0x2e },
    { 0x2dc6, 0x81 },
    { 0x2dc7, 0x8c },
    { 0x2dc8, 0x3c },
    { 0x2dc9, 0x55 },
    { 0x2dca, 0xc2 },
    { 0x2dcb, 0x47 },
    { 0x2dcc, 0x8f },
    { 0x2dcd, 0x90 },
    { 0x2dce, 0x21 },
    { 0x2dcf, 0xad },
    { 0x2dd0, 0x22 },
    { 0x2dd1, 0xb2 },
    { 0x2dd2, 0xdb },
    { 0x2dd3, 0x4b },
    { 0x2dd4, 0x00 },
    { 0x2dd5, 0x6c },
    { 0x2dd6, 0x5b },
    { 0x2dd7, 0x14 },
    { 0x2dd8, 0xff },
    { 0x2dd9, 0xf7 },
    { 0x2dda, 0xa9 },
    { 0x2ddb, 0xa6 },
    { 0x2ddc, 0xff },
    { 0x2ddd, 0xcb },
    { 0x2dde, 0x58 },
    { 0x2ddf, 0x65 },
    { 0x2de0, 0x73 },
    { 0x2de1, 0x12 },
    { 0x2de2, 0x58 },
    { 0x2de3, 0x4b },
    { 0x2de4, 0xb4 },
    { 0x2de5, 0xa9 },
    { 0x2de6, 0x85 },
    { 0x2de7, 0xdd },
    { 0x2de8, 0x2d },
    { 0x2de9, 0xf6 },
    { 0x2dea, 0x58 },
    { 0x2deb, 0x7c },
    { 0x2dec, 0xc4 },
    { 0x2ded, 0xda },
    { 0x2dee, 0x7d },
    { 0x2def, 0xe0 },
    { 0x2df0, 0x80 },
    { 0x2df1, 0x2c },
    { 0x2df2, 0xbb },
    { 0x2df3, 0x20 },
    { 0x2df4, 0xc9 },
    { 0x2df5, 0xc9 },
    { 0x2df6, 0x4b },
    { 0x2df7, 0x3f },
    { 0x2df8, 0x1e },
    { 0x2df9, 0x84 },
    { 0x2dfa, 0xaa },
    { 0x2dfb, 0x46 },
    { 0x2dfc, 0x52 },
    { 0x2dfd, 0xb9 },
    { 0x2dfe, 0x2f },
    { 0x2dff, 0xed },
    { 0x2e00, 0xcd },
    { 0x2e01, 0xd2 },
    { 0x2e02, 0x84 },
    { 0x2e03, 0x5b },
    { 0x2e04, 0x8a },
    { 0x2e05, 0xe6 },
    { 0x2e06, 0x5c },
    { 0x2e07, 0x62 },
    { 0x2e08, 0x55 },
    { 0x2e09, 0x3a },
    { 0x2e0a, 0xb7 },
    { 0x2e0b, 0xe0 },
    { 0x2e0c, 0x65 },
    { 0x2e0d, 0x6d },
    { 0x2e0e, 0xa0 },
    { 0x2e0f, 0xe7 },
    { 0x2e10, 0x81 },
    { 0x2e11, 0x5f },
    { 0x2e12, 0xf3 },
    { 0x2e13, 0xbe },
    { 0x2e14, 0x80 },
    { 0x2e15, 0x26 },
    { 0x2e16, 0x1b },
    { 0x2e17, 0xfc },
    { 0x2e18, 0x5e },
    { 0x2e19, 0xf7 },
    { 0x2e1a, 0xb0 },
    { 0x2e1b, 0xd8 },
    { 0x2e1c, 0x15 },
    { 0x2e1d, 0xc0 },
    { 0x2e1e, 0xb6 },
    { 0x2e1f, 0xa0 },
    { 0x2e20, 0xc2 },
    { 0x2e21, 0x71 },
    { 0x2e22, 0xc6 },
    { 0x2e23, 0xec },
    { 0x2e24, 0xac },
    { 0x2e25, 0x8d },
    { 0x2e26, 0xda },
    { 0x2e27, 0x69 },
    { 0x2e28, 0xae },
    { 0x2e29, 0x62 },
    { 0x2e2a, 0xe5 },
    { 0x2e2b, 0x84 },
    { 0x2e2c, 0xcc },
    { 0x2e2d, 0x2f },
    { 0x2e2e, 0x70 },
    { 0x2e2f, 0xf3 },
    { 0x2e30, 0xc8 },
    { 0x2e31, 0xb0 },
    { 0x2e32, 0x0c },
    { 0x2e33, 0x56 },
    { 0x2e34, 0x2e },
    { 0x2e35, 0x90 },
    { 0x2e36, 0x6f },
    { 0x2e37, 0xa2 },
    { 0x2e38, 0xe5 },
    { 0x2e39, 0x04 },
    { 0x2e3a, 0x8d },
    { 0x2e3b, 0x4d },
    { 0x2e3c, 0x5c },
    { 0x2e3d, 0x10 },
    { 0x2e3e, 0x95 },
    { 0x2e3f, 0x0b },
    { 0x2e40, 0x5d },
    { 0x2e41, 0x5e },
    { 0x2e42, 0xdc },
    { 0x2e43, 0x56 },
    { 0x2e44, 0xfc },
    { 0x2e45, 0x57 },
    { 0x2e46, 0xfa },
    { 0x2e47, 0xfc },
    { 0x2e48, 0x31 },
    { 0x2e49, 0xce },
    { 0x2e4a, 0xec },
    { 0x2e4b, 0xff },
    { 0x2e4c, 0xbf },
    { 0x2e4d, 0x3b },
    { 0x2e4e, 0x70 },
    { 0x2e4f, 0x4d },
    { 0x2e50, 0xed },
    { 0x2e51, 0xdd },
    { 0x2e52, 0x39 },
    { 0x2e53, 0x16 },
    { 0x2e54, 0x87 },
    { 0x2e55, 0x53 },
    { 0x2e56, 0x58 },
    { 0x2e57, 0x53 },
    { 0x2e58, 0x24 },
    { 0x2e59, 0x1b },
    { 0x2e5a, 0x87 },
    { 0x2e5b, 0xdb },
    { 0x2e5c, 0x3c },
    { 0x2e5d, 0xf4 },
    { 0x2e5e, 0x9d },
    { 0x2e5f, 0x90 },
    { 0x2e60, 0x5d },
    { 0x2e61, 0xb7 },
    { 0x2e62, 0xbc },
    { 0x2e63, 0x2c },
    { 0x2e64, 0x20 },
    { 0x2e65, 0x58 },
    { 0x2e66, 0xac },
    { 0x2e67, 0x07 },
    { 0x2e68, 0x6f },
    { 0x2e69, 0x6d },
    { 0x2e6a, 0xba },
    { 0x2e6b, 0x78 },
    { 0x2e6c, 0x32 },
    { 0x2e6d, 0xe7 },
    { 0x2e6e, 0xc7 },
    { 0x2e6f, 0x45 },
    { 0x2e70, 0x98 },
    { 0x2e71, 0xd6 },
    { 0x2e72, 0x81 },
    { 0x2e73, 0x5c },
    { 0x2e74, 0x13 },
    { 0x2e75, 0xda },
    { 0x2e76, 0x07 },
    { 0x2e77, 0x09 },
    { 0x2e78, 0x28 },
    { 0x2e79, 0x7c },
    { 0x2e7a, 0x14 },
    { 0x2e7b, 0xe1 },
    { 0x2e7c, 0x83 },
    { 0x2e7d, 0x64 },
    { 0x2e7e, 0x92 },
    { 0x2e7f, 0x43 },
    { 0x2e80, 0x9a },
    { 0x2e81, 0x04 },
    { 0x2e82, 0x60 },
    { 0x2e83, 0x41 },
    { 0x2e84, 0x4a },
    { 0x2e85, 0x2a },
    { 0x2e86, 0xd0 },
    { 0x2e87, 0xbc },
    { 0x2e88, 0x30 },
    { 0x2e89, 0x99 },
    { 0x2e8a, 0xb0 },
    { 0x2e8b, 0x10 },
    { 0x2e8c, 0x98 },
    { 0x2e8d, 0xa9 },
    { 0x2e8e, 0x1f },
    { 0x2e8f, 0xad },
    { 0x2e90, 0x35 },
    { 0x2e91, 0xbe },
    { 0x2e92, 0x54 },
    { 0x2e93, 0xab },
    { 0x2e94, 0xb5 },
    { 0x2e95, 0xe2 },
    { 0x2e96, 0x23 },
    { 0x2e97, 0x43 },
    { 0x2e98, 0x39 },
    { 0x2e99, 0xb3 },
    { 0x2e9a, 0xa2 },
    { 0x2e9b, 0xa8 },
    { 0x2e9c, 0x1e },
    { 0x2e9d, 0xa5 },
    { 0x2e9e, 0x69 },
    { 0x2e9f, 0x72 },
    { 0x2ea0, 0x92 },
    { 0x2ea1, 0x15 },
    { 0x2ea2, 0xfa },
    { 0x2ea3, 0x44 },
    { 0x2ea4, 0x38 },
    { 0x2ea5, 0xdc },
    { 0x2ea6, 0xe7 },
    { 0x2ea7, 0x71 },
    { 0x2ea8, 0x76 },
    { 0x2ea9, 0xef },
    { 0x2eaa, 0x33 },
    { 0x2eab, 0xf8 },
    { 0x2eac, 0x87 },
    { 0x2ead, 0xd3 },
    { 0x2eae, 0xf7 },
    { 0x2eaf, 0x46 },
    { 0x2eb0, 0x79 },
    { 0x2eb1, 0x21 },
    { 0x2eb2, 0x40 },
    { 0x2eb3, 0xfb },
    { 0x2eb4, 0x70 },
    { 0x2eb5, 0x35 },
    { 0x2eb6, 0xe5 },
    { 0x2eb7, 0x92 },
    { 0x2eb8, 0xc0 },
    { 0x2eb9, 0x2d },
    { 0x2eba, 0x7d },
    { 0x2ebb, 0x67 },
    { 0x2ebc, 0x5d },
    { 0x2ebd, 0x56 },
    { 0x2ebe, 0x04 },
    { 0x2ebf, 0xb9 },
    { 0x2ec0, 0x55 },
    { 0x2ec1, 0x4a },
    { 0x2ec2, 0xd9 },
    { 0x2ec3, 0xaf },
    { 0x2ec4, 0x75 },
    { 0x2ec5, 0xab },
    { 0x2ec6, 0xf9 },
    { 0x2ec7, 0x89 },
    { 0x2ec8, 0x74 },
    { 0x2ec9, 0x59 },
    { 0x2eca, 0x4c },
    { 0x2ecb, 0x43 },
    { 0x2ecc, 0x9d },
    { 0x2ecd, 0x44 },
    { 0x2ece, 0x36 },
    { 0x2ecf, 0xa7 },
    { 0x2ed0, 0x76 },
    { 0x2ed1, 0xaa },
    { 0x2ed2, 0x0a },
    { 0x2ed3, 0x6c },
    { 0x2ed4, 0x15 },
    { 0x2ed5, 0xf9 },
    { 0x2ed6, 0xe3 },
    { 0x2ed7, 0xd7 },
    { 0x2ed8, 0x4e },
    { 0x2ed9, 0xae },
    { 0x2eda, 0x88 },
    { 0x2edb, 0x1c },
    { 0x2edc, 0xa5 },
    { 0x2edd, 0x41 },
    { 0x2ede, 0xd4 },
    { 0x2edf, 0x33 },
    { 0x2ee0, 0xe8 },
    { 0x2ee1, 0x32 },
    { 0x2ee2, 0xef },
    { 0x2ee3, 0x0b },
    { 0x2ee4, 0x4e },
    { 0x2ee5, 0xa0 },
    { 0x2ee6, 0x01 },
    { 0x2ee7, 0x02 },
    { 0x2ee8, 0x61 },
    { 0x2ee9, 0x75 },
    { 0x2eea, 0x97 },
    { 0x2eeb, 0x08 },
    { 0x2eec, 0xdb },
    { 0x2eed, 0xe5 },
    { 0x2eee, 0x35 },
    { 0x2eef, 0x77 },
    { 0x2ef0, 0x4c },
    { 0x2ef1, 0xcb },
    { 0x2ef2, 0x11 },
    { 0x2ef3, 0x22 },
    { 0x2ef4, 0xbc },
    { 0x2ef5, 0xb3 },
    { 0x2ef6, 0x80 },
    { 0x2ef7, 0x74 },
    { 0x2ef8, 0xef },
    { 0x2ef9, 0xd2 },
    { 0x2efa, 0x8e },
    { 0x2efb, 0xcc },
    { 0x2efc, 0xdb },
    { 0x2efd, 0x82 },
    { 0x2efe, 0x8e },
    { 0x2eff, 0xc3 },
    { 0x2f00, 0xc3 },
    { 0x2f01, 0x0f },
    { 0x2f02, 0x06 },
    { 0x2f03, 0x7e },
    { 0x2f04, 0x48 },
    { 0x2f05, 0x1d },
    { 0x2f06, 0xbc },
    { 0x2f07, 0x42 },
    { 0x2f08, 0x11 },
    { 0x2f09, 0xb4 },
    { 0x2f0a, 0xd6 },
    { 0x2f0b, 0xc6 },
    { 0x2f0c, 0x1c },
    { 0x2f0d, 0xaf },
    { 0x2f0e, 0x1c },
    { 0x2f0f, 0x0c },
    { 0x2f10, 0xd0 },
    { 0x2f11, 0xdb },
    { 0x2f12, 0xe8 },
    { 0x2f13, 0x16 },
    { 0x2f14, 0x82 },
    { 0x2f15, 0xaa },
    { 0x2f16, 0x7e },
    { 0x2f17, 0xd0 },
    { 0x2f18, 0x16 },
    { 0x2f19, 0x18 },
    { 0x2f1a, 0x5b },
    { 0x2f1b, 0x75 },
    { 0x2f1c, 0xe4 },
    { 0x2f1d, 0x08 },
    { 0x2f1e, 0x1d },
    { 0x2f1f, 0xe9 },
    { 0x2f20, 0x56 },
    { 0x2f21, 0xb0 },
    { 0x2f22, 0x4e },
    { 0x2f23, 0x23 },
    { 0x2f24, 0x09 },
    { 0x2f25, 0x2a },
    { 0x2f26, 0x37 },
    { 0x2f27, 0x7e },
    { 0x2f28, 0x89 },
    { 0x2f29, 0x51 },
    { 0x2f2a, 0xa8 },
    { 0x2f2b, 0xa7 },
    { 0x2f2c, 0x05 },
    { 0x2f2d, 0xb8 },
    { 0x2f2e, 0x42 },
    { 0x2f2f, 0xae },
    { 0x2f30, 0xef },
    { 0x2f31, 0xdb },
    { 0x2f32, 0x7a },
    { 0x2f33, 0x3a },
    { 0x2f34, 0x52 },
    { 0x2f35, 0xb4 },
    { 0x2f36, 0xba },
    { 0x2f37, 0xad },
    { 0x2f38, 0xca },
    { 0x2f39, 0xb9 },
    { 0x2f3a, 0x3f },
    { 0x2f3b, 0x8a },
    { 0x2f3c, 0xba },
    { 0x2f3d, 0xcc },
    { 0x2f3e, 0x5d },
    { 0x2f3f, 0xab },
    { 0x2f40, 0x21 },
    { 0x2f41, 0xd4 },
    { 0x2f42, 0x12 },
    { 0x2f43, 0xd7 },
    { 0x2f44, 0x4c },
    { 0x2f45, 0x7d },
    { 0x2f46, 0x69 },
    { 0x2f47, 0xfb },
    { 0x2f48, 0x12 },
    { 0x2f49, 0xdf },
    { 0x2f4a, 0x1c },
    { 0x2f4b, 0xe0 },
    { 0x2f4c, 0xaa },
    { 0x2f4d, 0xa5 },
    { 0x2f4e, 0xe6 },
    { 0x2f4f, 0x41 },
    { 0x2f50, 0x5f },
    { 0x2f51, 0xbe },
    { 0x2f52, 0x5e },
    { 0x2f53, 0x62 },
    { 0x2f54, 0x82 },
    { 0x2f55, 0xa3 },
    { 0x2f56, 0xa9 },
    { 0x2f57, 0x72 },
    { 0x2f58, 0xa7 },
    { 0x2f59, 0x25 },
    { 0x2f5a, 0xc7 },
    { 0x2f5b, 0x57 },
    { 0x2f5c, 0xc3 },
    { 0x2f5d, 0x09 },
    { 0x2f5e, 0x80 },
    { 0x2f5f, 0x70 },
    { 0x2f60, 0xa4 },
    { 0x2f61, 0x15 },
    { 0x2f62, 0x85 },
    { 0x2f63, 0x1e },
    { 0x2f64, 0x10 },
    { 0x2f65, 0x4b },
    { 0x2f66, 0xa7 },
    { 0x2f67, 0xe9 },
    { 0x2f68, 0xd4 },
    { 0x2f69, 0x57 },
    { 0x2f6a, 0x38 },
    { 0x2f6b, 0x07 },
    { 0x2f6c, 0xc7 },
    { 0x2f6d, 0x19 },
    { 0x2f6e, 0xaf },
    { 0x2f6f, 0x80 },
    { 0x2f70, 0x82 },
    { 0x2f71, 0x62 },
    { 0x2f72, 0xc4 },
    { 0x2f73, 0x54 },
    { 0x2f74, 0xe8 },
    { 0x2f75, 0x6c },
    { 0x2f76, 0xa7 },
    { 0x2f77, 0x8a },
    { 0x2f78, 0x94 },
    { 0x2f79, 0x1a },
    { 0x2f7a, 0x2a },
    { 0x2f7b, 0x1d },
    { 0x2f7c, 0x2a },
    { 0x2f7d, 0x3a },
    { 0x2f7e, 0x84 },
    { 0x2f7f, 0x31 },
    { 0x2f80, 0x5a },
    { 0x2f81, 0x8b },
    { 0x2f82, 0x60 },
    { 0x2f83, 0xac },
    { 0x2f84, 0x84 },
    { 0x2f85, 0xe9 },
    { 0x2f86, 0x34 },
    { 0x2f87, 0xbe },
    { 0x2f88, 0x3e },
    { 0x2f89, 0xed },
    { 0x2f8a, 0xf7 },
    { 0x2f8b, 0x20 },
    { 0x2f8c, 0x53 },
    { 0x2f8d, 0x06 },
    { 0x2f8e, 0xb2 },
    { 0x2f8f, 0x60 },
    { 0x2f90, 0xf2 },
    { 0x2f91, 0xfd },
    { 0x2f92, 0xa8 },
    { 0x2f93, 0x61 },
    { 0x2f94, 0x75 },
    { 0x2f95, 0x32 },
    { 0x2f96, 0x1d },
    { 0x2f97, 0x11 },
    { 0x2f98, 0xcd },
    { 0x2f99, 0xdb },
    { 0x2f9a, 0x95 },
    { 0x2f9b, 0x17 },
    { 0x2f9c, 0xba },
    { 0x2f9d, 0x41 },
    { 0x2f9e, 0x68 },
    { 0x2f9f, 0x76 },
    { 0x2fa0, 0xda },
    { 0x2fa1, 0x59 },
    { 0x2fa2, 0x6d },
    { 0x2fa3, 0x89 },
    { 0x2fa4, 0x9b },
    { 0x2fa5, 0x79 },
    { 0x2fa6, 0xa7 },
    { 0x2fa7, 0x4c },
    { 0x2fa8, 0x61 },
    { 0x2fa9, 0x6f },
    { 0x2faa, 0xce },
    { 0x2fab, 0x97 },
    { 0x2fac, 0xf7 },
    { 0x2fad, 0x51 },
    { 0x2fae, 0x86 },
    { 0x2faf, 0x8a },
    { 0x2fb0, 0xc6 },
    { 0x2fb1, 0x88 },
    { 0x2fb2, 0x40 },
    { 0x2fb3, 0x06 },
    { 0x2fb4, 0xa5 },
    { 0x2fb5, 0x0d },
    { 0x2fb6, 0x8b },
    { 0x2fb7, 0xa6 },
    { 0x2fb8, 0x46 },
    { 0x2fb9, 0xb0 },
    { 0x2fba, 0x98 },
    { 0x2fbb, 0x85 },
    { 0x2fbc, 0x62 },
    { 0x2fbd, 0xf0 },
    { 0x2fbe, 0x66 },
    { 0x2fbf, 0x74 },
    { 0x2fc0, 0xbd },
    { 0x2fc1, 0xd8 },
    { 0x2fc2, 0x5b },
    { 0x2fc3, 0x39 },
    { 0x2fc4, 0xea },
    { 0x2fc5, 0xcf },
    { 0x2fc6, 0x6d },
    { 0x2fc7, 0x22 },
    { 0x2fc8, 0x87 },
    { 0x2fc9, 0x57 },
    { 0x2fca, 0xbb },
    { 0x2fcb, 0xcb },
    { 0x2fcc, 0x39 },
    { 0x2fcd, 0x86 },
    { 0x2fce, 0xe8 },
    { 0x2fcf, 0x33 },
    { 0x2fd0, 0x0a },
    { 0x2fd1, 0x1f },
    { 0x2fd2, 0x62 },
    { 0x2fd3, 0x08 },
    { 0x2fd4, 0x78 },
    { 0x2fd5, 0xc2 },
    { 0x2fd6, 0x5b },
    { 0x2fd7, 0xd5 },
    { 0x2fd8, 0x17 },
    { 0x2fd9, 0x27 },
    { 0x2fda, 0x2e },
    { 0x2fdb, 0xcd },
    { 0x2fdc, 0xd4 },
    { 0x2fdd, 0xd6 },
    { 0x2fde, 0x72 },
    { 0x2fdf, 0xb6 },
    { 0x2fe0, 0x90 },
    { 0x2fe1, 0x1c },
    { 0x2fe2, 0xe1 },
    { 0x2fe3, 0x7c },
    { 0x2fe4, 0xbc },
    { 0x2fe5, 0xc9 },
    { 0x2fe6, 0x0f },
    { 0x2fe7, 0x4e },
    { 0x2fe8, 0xd9 },
    { 0x2fe9, 0x27 },
    { 0x2fea, 0xa2 },
    { 0x2feb, 0xa0 },
    { 0x2fec, 0x54 },
    { 0x2fed, 0x13 },
    { 0x2fee, 0x53 },
    { 0x2fef, 0xb7 },
    { 0x2ff0, 0xde },
    { 0x2ff1, 0x24 },
    { 0x2ff2, 0x35 },
    { 0x2ff3, 0xc0 },
    { 0x2ff4, 0x46 },
    { 0x2ff5, 0x84 },
    { 0x2ff6, 0xda },
    { 0x2ff7, 0x7d },
    { 0x2ff8, 0x6a },
    { 0x2ff9, 0x6b },
    { 0x2ffa, 0x09 },
    { 0x2ffb, 0x32 },
    { 0x2ffc, 0xbb },
    { 0x2ffd, 0x99 },
    { 0x2ffe, 0x9a },
    { 0x2fff, 0x82 },
    { 0x3000, 0x6d },
    { 0x3001, 0xf6 },
    { 0x3002, 0xfc },
    { 0x3003, 0x52 },
    { 0x3004, 0xcc },
    { 0x3005, 0xb3 },
    { 0x3006, 0x51 },
    { 0x3007, 0xe9 },
    { 0x3008, 0x2f },
    { 0x3009, 0x9c },
    { 0x300a, 0xef },
    { 0x300b, 0xad },
    { 0x300c, 0x7d },
    { 0x300d, 0xe4 },
    { 0x300e, 0x5b },
    { 0x300f, 0xab },
    { 0x3010, 0x99 },
    { 0x3011, 0xa0 },
    { 0x3012, 0xe2 },
    { 0x3013, 0x5e },
    { 0x3014, 0x6d },
    { 0x3015, 0x2b },
    { 0x3016, 0xe2 },
    { 0x3017, 0x2c },
    { 0x3018, 0x0d },
    { 0x3019, 0xab },
    { 0x301a, 0xef },
    { 0x301b, 0xd6 },
    { 0x301c, 0x55 },
    { 0x301d, 0x1a },
    { 0x301e, 0xe0 },
    { 0x301f, 0xba },
    { 0x3020, 0x0b },
    { 0x3021, 0xb1 },
    { 0x3022, 0x76 },
    { 0x3023, 0xbc },
    { 0x3024, 0xbe },
    { 0x3025, 0xfc },
    { 0x3026, 0xb8 },
    { 0x3027, 0x58 },
    { 0x3028, 0xbe },
    { 0x3029, 0x79 },
    { 0x302a, 0xff },
    { 0x302b, 0x75 },
    { 0x302c, 0x3b },
    { 0x302d, 0x99 },
    { 0x302e, 0x44 },
    { 0x302f, 0x90 },
    { 0x3030, 0x5f },
    { 0x3031, 0xad },
    { 0x3032, 0x37 },
    { 0x3033, 0x61 },
    { 0x3034, 0x81 },
    { 0x3035, 0x3d },
    { 0x3036, 0x0e },
    { 0x3037, 0x77 },
    { 0x3038, 0x7f },
    { 0x3039, 0xa5 },
    { 0x303a, 0xe2 },
    { 0x303b, 0x9c },
    { 0x303c, 0xb8 },
    { 0x303d, 0xe1 },
    { 0x303e, 0xa0 },
    { 0x303f, 0x13 },
    { 0x3040, 0x1b },
    { 0x3041, 0x8e },
    { 0x3042, 0x09 },
    { 0x3043, 0x32 },
    { 0x3044, 0xe0 },
    { 0x3045, 0x4d },
    { 0x3046, 0x84 },
    { 0x3047, 0x20 },
    { 0x3048, 0x2f },
    { 0x3049, 0xe3 },
    { 0x304a, 0x42 },
    { 0x304b, 0x1f },
    { 0x304c, 0x15 },
    { 0x304d, 0xc8 },
    { 0x304e, 0x5f },
    { 0x304f, 0xd7 },
    { 0x3050, 0xac },
    { 0x3051, 0x9a },
    { 0x3052, 0xfc },
    { 0x3053, 0x54 },
    { 0x3054, 0x68 },
    { 0x3055, 0x1e },
    { 0x3056, 0x58 },
    { 0x3057, 0xc4 },
    { 0x3058, 0xa2 },
    { 0x3059, 0xbe },
    { 0x305a, 0xaf },
    { 0x305b, 0x84 },
    { 0x305c, 0x23 },
    { 0x305d, 0xf5 },
    { 0x305e, 0x29 },
    { 0x305f, 0x5c },
    { 0x3060, 0x05 },
    { 0x3061, 0xe8 },
    { 0x3062, 0xb9 },
    { 0x3063, 0x6a },
    { 0x3064, 0x0e },
    { 0x3065, 0x7f },
    { 0x3066, 0xca },
    { 0x3067, 0x61 },
    { 0x3068, 0xad },
    { 0x3069, 0x3a },
    { 0x306a, 0x92 },
    { 0x306b, 0x29 },
    { 0x306c, 0x23 },
    { 0x306d, 0xa6 },
    { 0x306e, 0x77 },
    { 0x306f, 0xea },
    { 0x3070, 0xfb },
    { 0x3071, 0xf7 },
    { 0x3072, 0x4a },
    { 0x3073, 0x41 },
    { 0x3074, 0xe2 },
    { 0x3075, 0xc9 },
    { 0x3076, 0x01 },
    { 0x3077, 0x9b },
    { 0x3078, 0xfa },
    { 0x3079, 0x63 },
    { 0x307a, 0xfb },
    { 0x307b, 0x12 },
    { 0x307c, 0xd9 },
    { 0x307d, 0x00 },
    { 0x307e, 0xd4 },
    { 0x307f, 0x57 },
    { 0x3080, 0x40 },
    { 0x3081, 0xc4 },
    { 0x3082, 0xae },
    { 0x3083, 0xb5 },
    { 0x3084, 0x8d },
    { 0x3085, 0xa9 },
    { 0x3086, 0x77 },
    { 0x3087, 0xf6 },
    { 0x3088, 0x09 },
    { 0x3089, 0x94 },
    { 0x308a, 0x7a },
    { 0x308b, 0x9c },
    { 0x308c, 0x51 },
    { 0x308d, 0xe3 },
    { 0x308e, 0xca },
    { 0x308f, 0x09 },
    { 0x3090, 0xfd },
    { 0x3091, 0x01 },
    { 0x3092, 0xef },
    { 0x3093, 0x2b },
    { 0x3094, 0xd9 },
    { 0x3095, 0x89 },
    { 0x3096, 0xe0 },
    { 0x3097, 0xa2 },
    { 0x3098, 0x17 },
    { 0x3099, 0xf5 },
    { 0x309a, 0x8f },
    { 0x309b, 0x7d },
    { 0x309c, 0xe5 },
    { 0x309d, 0xf7 },
    { 0x309e, 0x7f },
    { 0x309f, 0xd8 },
    { 0x30a0, 0x01 },
    { 0x30a1, 0x27 },
    { 0x30a2, 0x60 },
    { 0x30a3, 0x86 },
    { 0x30a4, 0x68 },
    { 0x30a5, 0x21 },
    { 0x30a6, 0xa6 },
    { 0x30a7, 0x64 },
    { 0x30a8, 0xad },
    { 0x30a9, 0x1b },
    { 0x30aa, 0xc1 },
    { 0x30ab, 0xc3 },
    { 0x30ac, 0x44 },
    { 0x30ad, 0x3f },
    { 0x30ae, 0x07 },
    { 0x30af, 0x55 },
    { 0x30b0, 0x62 },
    { 0x30b1, 0x4a },
    { 0x30b2, 0x1e },
    { 0x30b3, 0x3a },
    { 0x30b4, 0xe8 },
    { 0x30b5, 0xac },
    { 0x30b6, 0x50 },
    { 0x30b7, 0xe2 },
    { 0x30b8, 0xcf },
    { 0x30b9, 0xf7 },
    { 0x30ba, 0xe7 },
    { 0x30bb, 0xa4 },
    { 0x30bc, 0xa3 },
    { 0x30bd, 0x1d },
    { 0x30be, 0xdd },
    { 0x30bf, 0xd0 },
    { 0x30c0, 0xd5 },
    { 0x30c1, 0x08 },
    { 0x30c2, 0x76 },
    { 0x30c3, 0xf5 },
    { 0x30c4, 0xf1 },
    { 0x30c5, 0x57 },
    { 0x30c6, 0xf1 },
    { 0x30c7, 0x3c },
    { 0x30c8, 0xeb },
    { 0x30c9, 0xb7 },
    { 0x30ca, 0x74 },
    { 0x30cb, 0xcb },
    { 0x30cc, 0xad },
    { 0x30cd, 0xc1 },
    { 0x30ce, 0x2d },
    { 0x30cf, 0x48 },
    { 0x30d0, 0xbb },
    { 0x30d1, 0x86 },
    { 0x30d2, 0x35 },
    { 0x30d3, 0xe3 },
    { 0x30d4, 0x13 },
    { 0x30d5, 0xba },
    { 0x30d6, 0x59 },
    { 0x30d7, 0x39 },
    { 0x30d8, 0x39 },
    { 0x30d9, 0xca },
    { 0x30da, 0x7a },
    { 0x30db, 0x42 },
    { 0x30dc, 0x0f },
    { 0x30dd, 0xfe },
    { 0x30de, 0xaa },
    { 0x30df, 0x89 },
    { 0x30e0, 0xea },
    { 0x30e1, 0x5f },
    { 0x30e2, 0x5e },
    { 0x30e3, 0x1b },
    { 0x30e4, 0xfc },
    { 0x30e5, 0x4c },
    { 0x30e6, 0x78 },
    { 0x30e7, 0x85 },
    { 0x30e8, 0xfc },
    { 0x30e9, 0x6b },
    { 0x30ea, 0xf2 },
    { 0x30eb, 0xe2 },
    { 0x30ec, 0xa3 },
    { 0x30ed, 0xb4 },
    { 0x30ee, 0x5f },
    { 0x30ef, 0x75 },
    { 0x30f0, 0x91 },
    { 0x30f1, 0x01 },
    { 0x30f2, 0x6e },
    { 0x30f3, 0xe3 },
    { 0x30f4, 0x24 },
    { 0x30f5, 0x3c },
    { 0x30f6, 0xc3 },
    { 0x30f7, 0x77 },
    { 0x30f8, 0xd5 },
    { 0x30f9, 0xf2 },
    { 0x30fa, 0x2e },
    { 0x30fb, 0x31 },
    { 0x30fc, 0xe3 },
    { 0x30fd, 0xdd },
    { 0x30fe, 0x9f },
    { 0x30ff, 0xca },
    { 0x3100, 0xac },
    { 0x3101, 0x7d },
    { 0x3102, 0xdc },
    { 0x3103, 0x89 },
    { 0x3104, 0x8c },
    { 0x3105, 0x9a },
    { 0x3106, 0xde },
    { 0x3107, 0x5c },
    { 0x3108, 0x8a },
    { 0x3109, 0x8a },
    { 0x310a, 0x71 },
    { 0x310b, 0x94 },
    { 0x310c, 0x78 },
    { 0x310d, 0xa9 },
    { 0x310e, 0xa9 },
    { 0x310f, 0xc4 },
    { 0x3110, 0x07 },
    { 0x3111, 0xf7 },
    { 0x3112, 0x5a },
    { 0x3113, 0x53 },
    { 0x3114, 0x7a },
    { 0x3115, 0x0d },
    { 0x3116, 0x27 },
    { 0x3117, 0xdd },
    { 0x3118, 0xf9 },
    { 0x3119, 0x59 },
    { 0x311a, 0x48 },
    { 0x311b, 0x27 },
    { 0x311c, 0xbc },
    { 0x311d, 0xcf },
    { 0x311e, 0x81 },
    { 0x311f, 0xb5 },
    { 0x3120, 0xcf },
    { 0x3121, 0xa2 },
    { 0x3122, 0xb2 },
    { 0x3123, 0x5f },
    { 0x3124, 0x67 },
    { 0x3125, 0xd0 },
    { 0x3126, 0x05 },
    { 0x3127, 0x87 },
    { 0x3128, 0xf0 },
    { 0x3129, 0x58 },
    { 0x312a, 0xe4 },
    { 0x312b, 0x10 },
    { 0x312c, 0xff },
    { 0x312d, 0x79 },
    { 0x312e, 0x92 },
    { 0x312f, 0x4a },
    { 0x3130, 0xbe },
    { 0x3131, 0xeb },
    { 0x3132, 0xb2 },
    { 0x3133, 0x98 },
    { 0x3134, 0xba },
    { 0x3135, 0x35 },
    { 0x3136, 0x83 },
    { 0x3137, 0x37 },
    { 0x3138, 0xa5 },
    { 0x3139, 0x94 },
    { 0x313a, 0xfb },
    { 0x313b, 0x2c },
    { 0x313c, 0xdf },
    { 0x313d, 0x97 },
    { 0x313e, 0x2a },
    { 0x313f, 0x98 },
    { 0x3140, 0xef },
    { 0x3141, 0xdb },
    { 0x3142, 0xf6 },
    { 0x3143, 0xb3 },
    { 0x3144, 0x01 },
    { 0x3145, 0x4a },
    { 0x3146, 0xb2 },
    { 0x3147, 0x6e },
    { 0x3148, 0x47 },
    { 0x3149, 0xbd },
    { 0x314a, 0x6b },
    { 0x314b, 0xb2 },
    { 0x314c, 0x1c },
    { 0x314d, 0xf2 },
    { 0x314e, 0xbd },
    { 0x314f, 0x25 },
    { 0x3150, 0x3d },
    { 0x3151, 0xdd },
    { 0x3152, 0x5d },
    { 0x3153, 0xe3 },
    { 0x3154, 0x5c },
    { 0x3155, 0x24 },
    { 0x3156, 0x1c },
    { 0x3157, 0x19 },
    { 0x3158, 0xbb },
    { 0x3159, 0x7c },
    { 0x315a, 0x7d },
    { 0x315b, 0xc8 },
    { 0x315c, 0xc8 },
    { 0x315d, 0x19 },
    { 0x315e, 0x76 },
    { 0x315f, 0xd4 },
    { 0x3160, 0x57 },
    { 0x3161, 0xab },
    { 0x3162, 0xc1 },
    { 0x3163, 0xfe },
    { 0x3164, 0xdc },
    { 0x3165, 0x44 },
    { 0x3166, 0xc8 },
    { 0x3167, 0xc0 },
    { 0x3168, 0x47 },
    { 0x3169, 0x67 },
    { 0x316a, 0x7d },
    { 0x316b, 0x45 },
    { 0x316c, 0x3c },
    { 0x316d, 0x6c },
    { 0x316e, 0xf2 },
    { 0x316f, 0x44 },
    { 0x3170, 0x14 },
    { 0x3171, 0xf9 },
    { 0x3172, 0xa2 },
    { 0x3173, 0xde },
    { 0x3174, 0x6a },
    { 0x3175, 0x02 },
    { 0x3176, 0x1c },
    { 0x3177, 0xcd },
    { 0x3178, 0xa3 },
    { 0x3179, 0x7b },
    { 0x317a, 0x0b },
    { 0x317b, 0xa3 },
    { 0x317c, 0xd4 },
    { 0x317d, 0x9c },
    { 0x317e, 0x80 },
    { 0x317f, 0xf3 },
    { 0x3180, 0x94 },
    { 0x3181, 0x3f },
    { 0x3182, 0xa8 },
    { 0x3183, 0x0c },
    { 0x3184, 0xd8 },
    { 0x3185, 0x17 },
    { 0x3186, 0x19 },
    { 0x3187, 0x69 },
    { 0x3188, 0xf0 },
    { 0x3189, 0xef },
    { 0x318a, 0x8f },
    { 0x318b, 0x6b },
    { 0x318c, 0x31 },
    { 0x318d, 0x41 },
    { 0x318e, 0x9f },
    { 0x318f, 0x3b },
    { 0x3190, 0x02 },
    { 0x3191, 0xe3 },
    { 0x3192, 0x61 },
    { 0x3193, 0x9c },
    { 0x3194, 0x6e },
    { 0x3195, 0x24 },
    { 0x3196, 0x48 },
    { 0x3197, 0xaf },
    { 0x3198, 0xa4 },
    { 0x3199, 0xe3 },
    { 0x319a, 0xc5 },
    { 0x319b, 0xf8 },
    { 0x319c, 0x68 },
    { 0x319d, 0xf4 },
    { 0x319e, 0xbf },
    { 0x319f, 0x39 },
    { 0x31a0, 0x8c },
    { 0x31a1, 0x4a },
    { 0x31a2, 0xa1 },
    { 0x31a3, 0x6f },
    { 0x31a4, 0x16 },
    { 0x31a5, 0x10 },
    { 0x31a6, 0xa1 },
    { 0x31a7, 0x9a },
    { 0x31a8, 0x28 },
    { 0x31a9, 0xe8 },
    { 0x31aa, 0x63 },
    { 0x31ab, 0x9c },
    { 0x31ac, 0xe4 },
    { 0x31ad, 0xf6 },
    { 0x31ae, 0x3d },
    { 0x31af, 0x91 },
    { 0x31b0, 0x99 },
    { 0x31b1, 0xc6 },
    { 0x31b2, 0xe8 },
    { 0x31b3, 0xd9 },
    { 0x31b4, 0x3c },
    { 0x31b5, 0x8e },
    { 0x31b6, 0x19 },
    { 0x31b7, 0xea },
    { 0x31b8, 0x27 },
    { 0x31b9, 0x0a },
    { 0x31ba, 0x5b },
    { 0x31bb, 0x52 },
    { 0x31bc, 0xfe },
    { 0x31bd, 0x22 },
    { 0x31be, 0x8d },
    { 0x31bf, 0xc0 },
    { 0x31c0, 0xaf },
    { 0x31c1, 0x52 },
    { 0x31c2, 0xab },
    { 0x31c3, 0x18 },
    { 0x31c4, 0x67 },
    { 0x31c5, 0x00 },
    { 0x31c6, 0xa8 },
    { 0x31c7, 0x28 },
    { 0x31c8, 0x9c },
    { 0x31c9, 0xce },
    { 0x31ca, 0x23 },
    { 0x31cb, 0xb9 },
    { 0x31cc, 0x38 },
    { 0x31cd, 0xf4 },
    { 0x31ce, 0x2b },
    { 0x31cf, 0x3a },
    { 0x31d0, 0xd8 },
    { 0x31d1, 0xb8 },
    { 0x31d2, 0xc7 },
    { 0x31d3, 0xc7 },
    { 0x31d4, 0x12 },
    { 0x31d5, 0x82 },
    { 0x31d6, 0xd5 },
    { 0x31d7, 0x60 },
    { 0x31d8, 0x15 },
    { 0x31d9, 0x4b },
    { 0x31da, 0x20 },
    { 0x31db, 0x5a },
    { 0x31dc, 0x2f },
    { 0x31dd, 0xa4 },
    { 0x31de, 0x1c },
    { 0x31df, 0x15 },
    { 0x31e0, 0x27 },
    { 0x31e1, 0xe2 },
    { 0x31e2, 0xb8 },
    { 0x31e3, 0x3c },
    { 0x31e4, 0x96 },
    { 0x31e5, 0xc4 },
    { 0x31e6, 0xb3 },
    { 0x31e7, 0x7b },
    { 0x31e8, 0x42 },
    { 0x31e9, 0xa9 },
    { 0x31ea, 0x4c },
    { 0x31eb, 0xbf },
    { 0x31ec, 0x3a },
    { 0x31ed, 0x54 },
    { 0x31ee, 0x2b },
    { 0x31ef, 0x76 },
    { 0x31f0, 0x3d },
    { 0x31f1, 0xc1 },
    { 0x31f2, 0xc7 },
    { 0x31f3, 0xa0 },
    { 0x31f4, 0x52 },
    { 0x31f5, 0x71 },
    { 0x31f6, 0x77 },
    { 0x31f7, 0xb5 },
    { 0x31f8, 0x30 },
    { 0x31f9, 0x36 },
    { 0x31fa, 0xd8 },
    { 0x31fb, 0x69 },
    { 0x31fc, 0xa0 },
    { 0x31fd, 0x89 },
    { 0x31fe, 0x9f },
    { 0x31ff, 0x48 },
    { 0x3200, 0x23 },
    { 0x3201, 0xd5 },
    { 0x3202, 0x00 },
    { 0x3203, 0x1b },
    { 0x3204, 0xe1 },
    { 0x3205, 0x26 },
    { 0x3206, 0x5e },
    { 0x3207, 0x34 },
    { 0x3208, 0xe8 },
    { 0x3209, 0x70 },
    { 0x320a, 0x1a },
    { 0x320b, 0x36 },
    { 0x320c, 0xd5 },
    { 0x320d, 0x9e },
    { 0x320e, 0xc0 },
    { 0x320f, 0x88 },
    { 0x3210, 0x0e },
    { 0x3211, 0x5b },
    { 0x3212, 0x14 },
    { 0x3213, 0xc4 },
    { 0x3214, 0x3b },
    { 0x3215, 0xd3 },
    { 0x3216, 0x7f },
    { 0x3217, 0x83 },
    { 0x3218, 0x92 },
    { 0x3219, 0x0d },
    { 0x321a, 0xb7 },
    { 0x321b, 0xc9 },
    { 0x321c, 0x0a },
    { 0x321d, 0xa8 },
    { 0x321e, 0x1c },
    { 0x321f, 0x8b },
    { 0x3220, 0xba },
    { 0x3221, 0x74 },
    { 0x3222, 0xef },
    { 0x3223, 0xb7 },
    { 0x3224, 0xd1 },
    { 0x3225, 0x99 },
    { 0x3226, 0x0a },
    { 0x3227, 0x37 },
    { 0x3228, 0xc0 },
    { 0x3229, 0xc6 },
    { 0x322a, 0x21 },
    { 0x322b, 0x83 },
    { 0x322c, 0xf8 },
    { 0x322d, 0x80 },
    { 0x322e, 0x04 },
    { 0x322f, 0xdd },
    { 0x3230, 0x38 },
    { 0x3231, 0xd9 },
    { 0x3232, 0x4a },
    { 0x3233, 0x37 },
    { 0x3234, 0x6c },
    { 0x3235, 0x5c },
    { 0x3236, 0xdd },
    { 0x3237, 0xf3 },
    { 0x3238, 0xe2 },
    { 0x3239, 0xf1 },
    { 0x323a, 0xd6 },
    { 0x323b, 0x12 },
    { 0x323c, 0x7c },
    { 0x323d, 0x4e },
    { 0x323e, 0xba },
    { 0x323f, 0x2e },
    { 0x3240, 0x0d },
    { 0x3241, 0x65 },
    { 0x3242, 0x3e },
    { 0x3243, 0x86 },
    { 0x3244, 0x45 },
    { 0x3245, 0x51 },
    { 0x3246, 0xfe },
    { 0x3247, 0xcf },
    { 0x3248, 0x98 },
    { 0x3249, 0xb9 },
    { 0x324a, 0x5e },
    { 0x324b, 0x9c },
    { 0x324c, 0xb4 },
    { 0x324d, 0xae },
    { 0x324e, 0xb8 },
    { 0x324f, 0xa7 },
    { 0x3250, 0x4a },
    { 0x3251, 0x8a },
    { 0x3252, 0x17 },
    { 0x3253, 0xa6 },
    { 0x3254, 0xff },
    { 0x3255, 0x9a },
    { 0x3256, 0xed },
    { 0x3257, 0x2e },
    { 0x3258, 0xd0 },
    { 0x3259, 0xa5 },
    { 0x325a, 0xe2 },
    { 0x325b, 0x4e },
    { 0x325c, 0x3d },
    { 0x325d, 0xd1 },
    { 0x325e, 0xaf },
    { 0x325f, 0x07 },
    { 0x3260, 0x51 },
    { 0x3261, 0x21 },
    { 0x3262, 0x05 },
    { 0x3263, 0xd1 },
    { 0x3264, 0x5e },
    { 0x3265, 0x34 },
    { 0x3266, 0x26 },
    { 0x3267, 0x19 },
    { 0x3268, 0x9e },
    { 0x3269, 0x27 },
    { 0x326a, 0x4c },
    { 0x326b, 0xdc },
    { 0x326c, 0xc1 },
    { 0x326d, 0x24 },
    { 0x326e, 0x76 },
    { 0x326f, 0x6c },
    { 0x3270, 0x61 },
    { 0x3271, 0x5b },
    { 0x3272, 0xbb },
    { 0x3273, 0x52 },
    { 0x3274, 0x56 },
    { 0x3275, 0xee },
    { 0x3276, 0x03 },
    { 0x3277, 0x5d },
    { 0x3278, 0xe9 },
    { 0x3279, 0x89 },
    { 0x327a, 0xef },
    { 0x327b, 0xbb },
    { 0x327c, 0x37 },
    { 0x327d, 0xb9 },
    { 0x327e, 0x6f },
    { 0x327f, 0xc9 },
    { 0x3280, 0xd4 },
    { 0x3281, 0xf6 },
    { 0x3282, 0xbf },
    { 0x3283, 0xba },
    { 0x3284, 0xdb },
    { 0x3285, 0x6a },
    { 0x3286, 0xc8 },
    { 0x3287, 0x2d },
    { 0x3288, 0xce },
    { 0x3289, 0x77 },
    { 0x328a, 0x30 },
    { 0x328b, 0xf9 },
    { 0x328c, 0x10 },
    { 0x328d, 0x45 },
    { 0x328e, 0x2f },
    { 0x328f, 0xca },
    { 0x3290, 0x8a },
    { 0x3291, 0x56 },
    { 0x3292, 0x06 },
    { 0x3293, 0xe5 },
    { 0x3294, 0x19 },
    { 0x3295, 0xc0 },
    { 0x3296, 0x84 },
    { 0x3297, 0xe7 },
    { 0x3298, 0x2d },
    { 0x3299, 0xbf },
    { 0x329a, 0x1c },
    { 0x329b, 0x57 },
    { 0x329c, 0x36 },
    { 0x329d, 0x67 },
    { 0x329e, 0x81 },
    { 0x329f, 0x89 },
    { 0x32a0, 0xf9 },
    { 0x32a1, 0x0c },
    { 0x32a2, 0xb2 },
    { 0x32a3, 0xa7 },
    { 0x32a4, 0x42 },
    { 0x32a5, 0x1f },
    { 0x32a6, 0xfe },
    { 0x32a7, 0xd6 },
    { 0x32a8, 0x37 },
    { 0x32a9, 0xc2 },
    { 0x32aa, 0x25 },
    { 0x32ab, 0xf1 },
    { 0x32ac, 0x30 },
    { 0x32ad, 0x35 },
    { 0x32ae, 0x2e },
    { 0x32af, 0x06 },
    { 0x32b0, 0x36 },
    { 0x32b1, 0xc5 },
    { 0x32b2, 0xe2 },
    { 0x32b3, 0x6d },
    { 0x32b4, 0x5d },
    { 0x32b5, 0x0f },
    { 0x32b6, 0xea },
    { 0x32b7, 0xd8 },
    { 0x32b8, 0x47 },
    { 0x32b9, 0x45 },
    { 0x32ba, 0xe1 },
    { 0x32bb, 0xc3 },
    { 0x32bc, 0x9f },
    { 0x32bd, 0x22 },
    { 0x32be, 0x48 },
    { 0x32bf, 0x1a },
    { 0x32c0, 0x0d },
    { 0x32c1, 0x23 },
    { 0x32c2, 0x35 },
    { 0x32c3, 0x81 },
    { 0x32c4, 0x1a },
    { 0x32c5, 0xdc },
    { 0x32c6, 0x98 },
    { 0x32c7, 0x65 },
    { 0x32c8, 0xa3 },
    { 0x32c9, 0xd1 },
    { 0x32ca, 0x4a },
    { 0x32cb, 0xf0 },
    { 0x32cc, 0x05 },
    { 0x32cd, 0xe4 },
    { 0x32ce, 0xdb },
    { 0x32cf, 0xec },
    { 0x32d0, 0xce },
    { 0x32d1, 0xca },
    { 0x32d2, 0x5e },
    { 0x32d3, 0x23 },
    { 0x32d4, 0xce },
    { 0x32d5, 0xbb },
    { 0x32d6, 0xfd },
    { 0x32d7, 0xa2 },
    { 0x32d8, 0xf0 },
    { 0x32d9, 0xf4 },
    { 0x32da, 0x2f },
    { 0x32db, 0xfd },
    { 0x32dc, 0xcf },
    { 0x32dd, 0xd5 },
    { 0x32de, 0xca },
    { 0x32df, 0x08 },
    { 0x32e0, 0x48 },
    { 0x32e1, 0xcc },
    { 0x32e2, 0x48 },
    { 0x32e3, 0x58 },
    { 0x32e4, 0x4f },
    { 0x32e5, 0xc2 },
    { 0x32e6, 0xe6 },
    { 0x32e7, 0x05 },
    { 0x32e8, 0xc1 },
    { 0x32e9, 0x46 },
    { 0x32ea, 0x86 },
    { 0x32eb, 0xb5 },
    { 0x32ec, 0x4d },
    { 0x32ed, 0xde },
    { 0x32ee, 0x97 },
    { 0x32ef, 0xb6 },
    { 0x32f0, 0x40 },
    { 0x32f1, 0x03 },
    { 0x32f2, 0x63 },
    { 0x32f3, 0xbb },
    { 0x32f4, 0x77 },
    { 0x32f5, 0xea },
    { 0x32f6, 0x79 },
    { 0x32f7, 0x36 },
    { 0x32f8, 0x89 },
    { 0x32f9, 0x91 },
    { 0x32fa, 0x48 },
    { 0x32fb, 0x53 },
    { 0x32fc, 0xb4 },
    { 0x32fd, 0x5c },
    { 0x32fe, 0x54 },
    { 0x32ff, 0xe0 },
    { 0x3300, 0x9d },
    { 0x3301, 0x7e },
    { 0x3302, 0xbb },
    { 0x3303, 0x73 },
    { 0x3304, 0x8f },
    { 0x3305, 0xaf },
    { 0x3306, 0xa7 },
    { 0x3307, 0xc7 },
    { 0x3308, 0x63 },
    { 0x3309, 0x11 },
    { 0x330a, 0x2d },
    { 0x330b, 0x48 },
    { 0x330c, 0x60 },
    { 0x330d, 0x09 },
    { 0x330e, 0x3c },
    { 0x330f, 0xb1 },
    { 0x3310, 0x1c },
    { 0x3311, 0x51 },
    { 0x3312, 0xd7 },
    { 0x3313, 0x12 },
    { 0x3314, 0x12 },
    { 0x3315, 0x8e },
    { 0x3316, 0xb3 },
    { 0x3317, 0xe0 },
    { 0x3318, 0x3e },
    { 0x3319, 0x96 },
    { 0x331a, 0x80 },
    { 0x331b, 0xb6 },
    { 0x331c, 0xba },
    { 0x331d, 0xa0 },
    { 0x331e, 0x21 },
    { 0x331f, 0x3d },
    { 0x3320, 0xef },
    { 0x3321, 0x32 },
    { 0x3322, 0x5e },
    { 0x3323, 0x2d },
    { 0x3324, 0x94 },
    { 0x3325, 0x80 },
    { 0x3326, 0x30 },
    { 0x3327, 0xc0 },
    { 0x3328, 0x74 },
    { 0x3329, 0x91 },
    { 0x332a, 0xae },
    { 0x332b, 0x59 },
    { 0x332c, 0xec },
    { 0x332d, 0x79 },
    { 0x332e, 0x60 },
    { 0x332f, 0x8f },
    { 0x3330, 0x0d },
    { 0x3331, 0xd7 },
    { 0x3332, 0xf1 },
    { 0x3333, 0x5f },
    { 0x3334, 0x7a },
    { 0x3335, 0x10 },
    { 0x3336, 0xb2 },
    { 0x3337, 0x64 },
    { 0x3338, 0xe1 },
    { 0x3339, 0x7f },
    { 0x333a, 0xe8 },
    { 0x333b, 0xf4 },
    { 0x333c, 0x15 },
    { 0x333d, 0xf3 },
    { 0x333e, 0x87 },
    { 0x333f, 0xa3 },
    { 0x3340, 0xaf },
    { 0x3341, 0x04 },
    { 0x3342, 0xaa },
    { 0x3343, 0xdb },
    { 0x3344, 0xd5 },
    { 0x3345, 0x1a },
    { 0x3346, 0x80 },
    { 0x3347, 0x8d },
    { 0x3348, 0x5e },
    { 0x3349, 0x9b },
    { 0x334a, 0x5e },
    { 0x334b, 0xb6 },
    { 0x334c, 0x65 },
    { 0x334d, 0xba },
    { 0x334e, 0x07 },
    { 0x334f, 0xd5 },
    { 0x3350, 0xe7 },
    { 0x3351, 0x2b },
    { 0x3352, 0x89 },
    { 0x3353, 0x11 },
    { 0x3354, 0x1e },
    { 0x3355, 0x0b },
    { 0x3356, 0x6b },
    { 0x3357, 0xb7 },
    { 0x3358, 0x63 },
    { 0x3359, 0x98 },
    { 0x335a, 0xa0 },
    { 0x335b, 0x5f },
    { 0x335c, 0x06 },
    { 0x335d, 0x66 },
    { 0x335e, 0x55 },
    { 0x335f, 0xb2 },
    { 0x3360, 0x89 },
    { 0x3361, 0x6d },
    { 0x3362, 0xb7 },
    { 0x3363, 0x2d },
    { 0x3364, 0x6e },
    { 0x3365, 0x9e },
    { 0x3366, 0x81 },
    { 0x3367, 0x14 },
    { 0x3368, 0xe4 },
    { 0x3369, 0xb0 },
    { 0x336a, 0xb0 },
    { 0x336b, 0x49 },
    { 0x336c, 0x0c },
    { 0x336d, 0xe7 },
    { 0x336e, 0x10 },
    { 0x336f, 0x73 },
    { 0x3370, 0xc7 },
    { 0x3371, 0x28 },
    { 0x3372, 0x1c },
    { 0x3373, 0xf7 },
    { 0x3374, 0xce },
    { 0x3375, 0xbc },
    { 0x3376, 0x55 },
    { 0x3377, 0x1b },
    { 0x3378, 0xf8 },
    { 0x3379, 0x48 },
    { 0x337a, 0x89 },
    { 0x337b, 0xea },
    { 0x337c, 0x1d },
    { 0x337d, 0xf6 },
    { 0x337e, 0x2d },
    { 0x337f, 0x5a },
    { 0x3380, 0x64 },
    { 0x3381, 0x64 },
    { 0x3382, 0xfc },
    { 0x3383, 0x56 },
    { 0x3384, 0x53 },
    { 0x3385, 0x34 },
    { 0x3386, 0xf7 },
    { 0x3387, 0x5f },
    { 0x3388, 0xfc },
    { 0x3389, 0x1a },
    { 0x338a, 0x8d },
    { 0x338b, 0x1c },
    { 0x338c, 0x9a },
    { 0x338d, 0x35 },
    { 0x338e, 0x09 },
    { 0x338f, 0xa4 },
    { 0x3390, 0x70 },
    { 0x3391, 0x47 },
    { 0x3392, 0x60 },
    { 0x3393, 0xb3 },
    { 0x3394, 0x30 },
    { 0x3395, 0xf9 },
    { 0x3396, 0x3b },
    { 0x3397, 0xd2 },
    { 0x3398, 0x96 },
    { 0x3399, 0x24 },
    { 0x339a, 0xf8 },
    { 0x339b, 0x53 },
    { 0x339c, 0xff },
    { 0x339d, 0xc5 },
    { 0x339e, 0x50 },
    { 0x339f, 0xa5 },
    { 0x33a0, 0xd4 },
    { 0x33a1, 0x17 },
    { 0x33a2, 0x87 },
    { 0x33a3, 0x7b },
    { 0x33a4, 0xf1 },
    { 0x33a5, 0x09 },
    { 0x33a6, 0x8c },
    { 0x33a7, 0xd9 },
    { 0x33a8, 0x1a },
    { 0x33a9, 0xc1 },
    { 0x33aa, 0x35 },
    { 0x33ab, 0x17 },
    { 0x33ac, 0x52 },
    { 0x33ad, 0x91 },
    { 0x33ae, 0x9f },
    { 0x33af, 0x94 },
    { 0x33b0, 0x44 },
    { 0x33b1, 0xda },
    { 0x33b2, 0xb0 },
    { 0x33b3, 0x59 },
    { 0x33b4, 0x48 },
    { 0x33b5, 0x75 },
    { 0x33b6, 0xb8 },
    { 0x33b7, 0xcf },
    { 0x33b8, 0x41 },
    { 0x33b9, 0x16 },
    { 0x33ba, 0xed },
    { 0x33bb, 0xa4 },
    { 0x33bc, 0x3b },
    { 0x33bd, 0xf6 },
    { 0x33be, 0xdd },
    { 0x33bf, 0xc0 },
    { 0x33c0, 0x52 },
    { 0x33c1, 0xf3 },
    { 0x33c2, 0x66 },
    { 0x33c3, 0x8c },
    { 0x33c4, 0x8e },
    { 0x33c5, 0x6e },
    { 0x33c6, 0x2a },
    { 0x33c7, 0x21 },
    { 0x33c8, 0x2e },
    { 0x33c9, 0xb7 },
    { 0x33ca, 0x1f },
    { 0x33cb, 0x38 },
    { 0x33cc, 0xeb },
    { 0x33cd, 0x79 },
    { 0x33ce, 0x95 },
    { 0x33cf, 0x3e },
    { 0x33d0, 0x16 },
    { 0x33d1, 0x0d },
    { 0x33d2, 0x10 },
    { 0x33d3, 0x97 },
    { 0x33d4, 0x98 },
    { 0x33d5, 0xac },
    { 0x33d6, 0x5b },
    { 0x33d7, 0x30 },
    { 0x33d8, 0xac },
    { 0x33d9, 0x21 },
    { 0x33da, 0x8b },
    { 0x33db, 0x17 },
    { 0x33dc, 0xf7 },
    { 0x33dd, 0xd5 },
    { 0x33de, 0xe8 },
    { 0x33df, 0x88 },
    { 0x33e0, 0xc7 },
    { 0x33e1, 0xb3 },
    { 0x33e2, 0xa8 },
    { 0x33e3, 0x4a },
    { 0x33e4, 0x41 },
    { 0x33e5, 0xd5 },
    { 0x33e6, 0xdd },
    { 0x33e7, 0xfe },
    { 0x33e8, 0x07 },
    { 0x33e9, 0x17 },
    { 0x33ea, 0xb9 },
    { 0x33eb, 0x7d },
    { 0x33ec, 0xb5 },
    { 0x33ed, 0x96 },
    { 0x33ee, 0x65 },
    { 0x33ef, 0xad },
    { 0x33f0, 0xa0 },
    { 0x33f1, 0xb2 },
    { 0x33f2, 0xfc },
    { 0x33f3, 0x21 },
    { 0x33f4, 0x73 },
    { 0x33f5, 0x6f },
    { 0x33f6, 0x61 },
    { 0x33f7, 0x4f },
    { 0x33f8, 0xee },
    { 0x33f9, 0xf7 },
    { 0x33fa, 0x35 },
    { 0x33fb, 0x32 },
    { 0x33fc, 0xec },
    { 0x33fd, 0x2e },
    { 0x33fe, 0x03 },
    { 0x33ff, 0x8e },
    { 0x3400, 0x27 },
    { 0x3401, 0xf5 },
    { 0x3402, 0x5f },
    { 0x3403, 0x91 },
    { 0x3404, 0x15 },
    { 0x3405, 0x3d },
    { 0x3406, 0xe3 },
    { 0x3407, 0x5c },
    { 0x3408, 0x47 },
    { 0x3409, 0xcf },
    { 0x340a, 0x05 },
    { 0x340b, 0x40 },
    { 0x340c, 0xb6 },
    { 0x340d, 0xbe },
    { 0x340e, 0x63 },
    { 0x340f, 0x45 },
    { 0x3410, 0x99 },
    { 0x3411, 0x43 },
    { 0x3412, 0x66 },
    { 0x3413, 0xf4 },
    { 0x3414, 0x21 },
    { 0x3415, 0x32 },
    { 0x3416, 0xe3 },
    { 0x3417, 0xf7 },
    { 0x3418, 0xb4 },
    { 0x3419, 0xa0 },
    { 0x341a, 0xca },
    { 0x341b, 0xa6 },
    { 0x341c, 0x62 },
    { 0x341d, 0x5d },
    { 0x341e, 0x4a },
    { 0x341f, 0x81 },
    { 0x3420, 0x5d },
    { 0x3421, 0x92 },
    { 0x3422, 0x56 },
    { 0x3423, 0x59 },
    { 0x3424, 0x7e },
    { 0x3425, 0x62 },
    { 0x3426, 0xdb },
    { 0x3427, 0xc4 },
    { 0x3428, 0xfa },
    { 0x3429, 0xf7 },
    { 0x342a, 0x4d },
    { 0x342b, 0xb5 },
    { 0x342c, 0xa5 },
    { 0x342d, 0xee },
    { 0x342e, 0x70 },
    { 0x342f, 0xa0 },
    { 0x3430, 0x88 },
    { 0x3431, 0x48 },
    { 0x3432, 0x8e },
    { 0x3433, 0x55 },
    { 0x3434, 0x10 },
    { 0x3435, 0xe6 },
    { 0x3436, 0xf2 },
    { 0x3437, 0x3d },
    { 0x3438, 0xc3 },
    { 0x3439, 0x99 },
    { 0x343a, 0x5c },
    { 0x343b, 0x40 },
    { 0x343c, 0x53 },
    { 0x343d, 0x4d },
    { 0x343e, 0x4c },
    { 0x343f, 0xd8 },
    { 0x3440, 0x93 },
    { 0x3441, 0xb2 },
    { 0x3442, 0x45 },
    { 0x3443, 0x0f },
    { 0x3444, 0xae },
    { 0x3445, 0x52 },
    { 0x3446, 0x84 },
    { 0x3447, 0x29 },
    { 0x3448, 0xa6 },
    { 0x3449, 0xd3 },
    { 0x344a, 0xef },
    { 0x344b, 0xe0 },
    { 0x344c, 0xd1 },
    { 0x344d, 0xd0 },
    { 0x344e, 0xf4 },
    { 0x344f, 0x2d },
    { 0x3450, 0x41 },
    { 0x3451, 0x49 },
    { 0x3452, 0xad },
    { 0x3453, 0x25 },
    { 0x3454, 0x22 },
    { 0x3455, 0xdd },
    { 0x3456, 0xd5 },
    { 0x3457, 0x8c },
    { 0x3458, 0xbc },
    { 0x3459, 0xb6 },
    { 0x345a, 0x8b },
    { 0x345b, 0xa1 },
    { 0x345c, 0xa0 },
    { 0x345d, 0xe6 },
    { 0x345e, 0x7e },
    { 0x345f, 0x7b },
    { 0x3460, 0xd5 },
    { 0x3461, 0xb7 },
    { 0x3462, 0xd0 },
    { 0x3463, 0xd4 },
    { 0x3464, 0x6f },
    { 0x3465, 0x5c },
    { 0x3466, 0x41 },
    { 0x3467, 0xf2 },
    { 0x3468, 0x4c },
    { 0x3469, 0x96 },
    { 0x346a, 0xb1 },
    { 0x346b, 0xd4 },
    { 0x346c, 0x9e },
    { 0x346d, 0x00 },
    { 0x346e, 0xf9 },
    { 0x346f, 0x53 },
    { 0x3470, 0x2a },
    { 0x3471, 0x4f },
    { 0x3472, 0x9f },
    { 0x3473, 0x42 },
    { 0x3474, 0x9e },
    { 0x3475, 0xb0 },
    { 0x3476, 0x30 },
    { 0x3477, 0xcb },
    { 0x3478, 0x3a },
    { 0x3479, 0x71 },
    { 0x347a, 0x48 },
    { 0x347b, 0x14 },
    { 0x347c, 0x88 },
    { 0x347d, 0x29 },
    { 0x347e, 0x56 },
    { 0x347f, 0xef },
    { 0x3480, 0xaf },
    { 0x3481, 0xe9 },
    { 0x3482, 0x33 },
    { 0x3483, 0xde },
    { 0x3484, 0x1e },
    { 0x3485, 0x49 },
    { 0x3486, 0x9b },
    { 0x3487, 0xdd },
    { 0x3488, 0xe6 },
    { 0x3489, 0xc5 },
    { 0x348a, 0x29 },
    { 0x348b, 0x6e },
    { 0x348c, 0xa7 },
    { 0x348d, 0xab },
    { 0x348e, 0x6f },
    { 0x348f, 0xeb },
    { 0x3490, 0x32 },
    { 0x3491, 0x1b },
    { 0x3492, 0x13 },
    { 0x3493, 0x60 },
    { 0x3494, 0xb7 },
    { 0x3495, 0x1b },
    { 0x3496, 0xb3 },
    { 0x3497, 0x2b },
    { 0x3498, 0xe1 },
    { 0x3499, 0xd5 },
    { 0x349a, 0xea },
    { 0x349b, 0x78 },
    { 0x349c, 0x01 },
    { 0x349d, 0x45 },
    { 0x349e, 0xb0 },
    { 0x349f, 0xd2 },
    { 0x34a0, 0xb1 },
    { 0x34a1, 0xcf },
    { 0x34a2, 0xc8 },
    { 0x34a3, 0xc3 },
    { 0x34a4, 0x81 },
    { 0x34a5, 0x87 },
    { 0x34a6, 0xc1 },
    { 0x34a7, 0x67 },
    { 0x34a8, 0x08 },
    { 0x34a9, 0xfa },
    { 0x34aa, 0xb2 },
    { 0x34ab, 0xc7 },
    { 0x34ac, 0x6b },
    { 0x34ad, 0xef },
    { 0x34ae, 0xb9 },
    { 0x34af, 0x6a },
    { 0x34b0, 0xdd },
    { 0x34b1, 0x13 },
    { 0x34b2, 0xb0 },
    { 0x34b3, 0xef },
    { 0x34b4, 0x23 },
    { 0x34b5, 0x05 },
    { 0x34b6, 0x65 },
    { 0x34b7, 0xe3 },
    { 0x34b8, 0x97 },
    { 0x34b9, 0x11 },
    { 0x34ba, 0x18 },
    { 0x34bb, 0xcc },
    { 0x34bc, 0x59 },
    { 0x34bd, 0xa7 },
    { 0x34be, 0x83 },
    { 0x34bf, 0xa6 },
    { 0x34c0, 0x2c },
    { 0x34c1, 0xf4 },
    { 0x34c2, 0x05 },
    { 0x34c3, 0xb4 },
    { 0x34c4, 0x65 },
    { 0x34c5, 0x01 },
    { 0x34c6, 0x9f },
    { 0x34c7, 0x15 },
    { 0x34c8, 0x97 },
    { 0x34c9, 0xfc },
    { 0x34ca, 0xe1 },
    { 0x34cb, 0xaa },
    { 0x34cc, 0xcb },
    { 0x34cd, 0xfe },
    { 0x34ce, 0xc1 },
    { 0x34cf, 0x17 },
    { 0x34d0, 0xed },
    { 0x34d1, 0xac },
    { 0x34d2, 0x4c },
    { 0x34d3, 0x1d },
    { 0x34d4, 0x77 },
    { 0x34d5, 0x34 },
    { 0x34d6, 0xf8 },
    { 0x34d7, 0xd4 },
    { 0x34d8, 0xb4 },
    { 0x34d9, 0xf2 },
    { 0x34da, 0x8a },
    { 0x34db, 0xe8 },
    { 0x34dc, 0x3f },
    { 0x34dd, 0x3c },
    { 0x34de, 0x4b },
    { 0x34df, 0xe6 },
    { 0x34e0, 0x28 },
    { 0x34e1, 0x76 },
    { 0x34e2, 0x3c },
    { 0x34e3, 0x36 },
    { 0x34e4, 0x97 },
    { 0x34e5, 0x4b },
    { 0x34e6, 0x7f },
    { 0x34e7, 0xba },
    { 0x34e8, 0x89 },
    { 0x34e9, 0xcb },
    { 0x34ea, 0xe5 },
    { 0x34eb, 0x4e },
    { 0x34ec, 0x9b },
    { 0x34ed, 0x7b },
    { 0x34ee, 0x10 },
    { 0x34ef, 0xdf },
    { 0x34f0, 0x0e },
    { 0x34f1, 0x5f },
    { 0x34f2, 0x6b },
    { 0x34f3, 0xd4 },
    { 0x34f4, 0x3a },
    { 0x34f5, 0x87 },
    { 0x34f6, 0xbe },
    { 0x34f7, 0x0c },
    { 0x34f8, 0x1f },
    { 0x34f9, 0x0c },
    { 0x34fa, 0xa7 },
    { 0x34fb, 0x49 },
    { 0x34fc, 0x8e },
    { 0x34fd, 0x60 },
    { 0x34fe, 0x92 },
    { 0x34ff, 0x34 },
    { 0x3500, 0xad },
    { 0x3501, 0xb8 },
    { 0x3502, 0x89 },
    { 0x3503, 0x92 },
    { 0x3504, 0x90 },
    { 0x3505, 0xcc },
    { 0x3506, 0x9b },
    { 0x3507, 0xcf },
    { 0x3508, 0xec },
    { 0x3509, 0x7e },
    { 0x350a, 0xe2 },
    { 0x350b, 0x8d },
    { 0x350c, 0x47 },
    { 0x350d, 0xad },
    { 0x350e, 0x26 },
    { 0x350f, 0x61 },
    { 0x3510, 0x5d },
    { 0x3511, 0x13 },
    { 0x3512, 0x3b },
    { 0x3513, 0x5d },
    { 0x3514, 0x70 },
    { 0x3515, 0x91 },
    { 0x3516, 0x97 },
    { 0x3517, 0x20 },
    { 0x3518, 0xa0 },
    { 0x3519, 0xcc },
    { 0x351a, 0xeb },
    { 0x351b, 0xd2 },
    { 0x351c, 0xdf },
    { 0x351d, 0xf2 },
    { 0x351e, 0x57 },
    { 0x351f, 0x8f },
    { 0x3520, 0x5f },
    { 0x3521, 0x5a },
    { 0x3522, 0x9b },
    { 0x3523, 0x20 },
    { 0x3524, 0x11 },
    { 0x3525, 0xd3 },
    { 0x3526, 0xc0 },
    { 0x3527, 0x7f },
    { 0x3528, 0xc5 },
    { 0x3529, 0xef },
    { 0x352a, 0x78 },
    { 0x352b, 0xae },
    { 0x352c, 0xea },
    { 0x352d, 0x1d },
    { 0x352e, 0x64 },
    { 0x352f, 0xeb },
    { 0x3530, 0xa8 },
    { 0x3531, 0x25 },
    { 0x3532, 0x1d },
    { 0x3533, 0xbe },
    { 0x3534, 0x9a },
    { 0x3535, 0xda },
    { 0x3536, 0x33 },
    { 0x3537, 0xcd },
    { 0x3538, 0x9d },
    { 0x3539, 0xf6 },
    { 0x353a, 0x31 },
    { 0x353b, 0x3f },
    { 0x353c, 0xfb },
    { 0x353d, 0xb0 },
    { 0x353e, 0x8f },
    { 0x353f, 0xaa },
    { 0x3540, 0x84 },
    { 0x3541, 0x68 },
    { 0x3542, 0x93 },
    { 0x3543, 0x47 },
    { 0x3544, 0xee },
    { 0x3545, 0xad },
    { 0x3546, 0x50 },
    { 0x3547, 0x81 },
    { 0x3548, 0x52 },
    { 0x3549, 0xe0 },
    { 0x354a, 0xdf },
    { 0x354b, 0x4d },
    { 0x354c, 0x57 },
    { 0x354d, 0x80 },
    { 0x354e, 0xc9 },
    { 0x354f, 0x3e },
    { 0x3550, 0xaa },
    { 0x3551, 0x92 },
    { 0x3552, 0x8a },
    { 0x3553, 0x5e },
    { 0x3554, 0x15 },
    { 0x3555, 0x69 },
    { 0x3556, 0xe8 },
    { 0x3557, 0x10 },
    { 0x3558, 0x66 },
    { 0x3559, 0x7d },
    { 0x355a, 0xc6 },
    { 0x355b, 0x77 },
    { 0x355c, 0xed },
    { 0x355d, 0x95 },
    { 0x355e, 0x61 },
    { 0x355f, 0xc5 },
    { 0x3560, 0x13 },
    { 0x3561, 0xd3 },
    { 0x3562, 0x89 },
    { 0x3563, 0x19 },
    { 0x3564, 0xd4 },
    { 0x3565, 0xc2 },
    { 0x3566, 0x9e },
    { 0x3567, 0xf1 },
    { 0x3568, 0xc2 },
    { 0x3569, 0x64 },
    { 0x356a, 0x6c },
    { 0x356b, 0x1d },
    { 0x356c, 0xf2 },
    { 0x356d, 0x09 },
    { 0x356e, 0xd3 },
    { 0x356f, 0x1e },
    { 0x3570, 0xcf },
    { 0x3571, 0xbf },
    { 0x3572, 0xed },
    { 0x3573, 0x79 },
    { 0x3574, 0xd0 },
    { 0x3575, 0xf9 },
    { 0x3576, 0x9a },
    { 0x3577, 0xaf },
    { 0x3578, 0xe8 },
    { 0x3579, 0x2a },
    { 0x357a, 0x1f },
    { 0x357b, 0x16 },
    { 0x357c, 0xbc },
    { 0x357d, 0x70 },
    { 0x357e, 0x2f },
    { 0x357f, 0x35 },
    { 0x3580, 0x57 },
    { 0x3581, 0x8f },
    { 0x3582, 0xc2 },
    { 0x3583, 0xd1 },
    { 0x3584, 0xfa },
    { 0x3585, 0xeb },
    { 0x3586, 0x51 },
    { 0x3587, 0x89 },
    { 0x3588, 0x3f },
    { 0x3589, 0xcb },
    { 0x358a, 0xa2 },
    { 0x358b, 0xfb },
    { 0x358c, 0x9c },
    { 0x358d, 0xb2 },
    { 0x358e, 0xba },
    { 0x358f, 0xec },
    { 0x3590, 0xe0 },
    { 0x3591, 0x78 },
    { 0x3592, 0xde },
    { 0x3593, 0x1e },
    { 0x3594, 0xc5 },
    { 0x3595, 0xc3 },
    { 0x3596, 0x3b },
    { 0x3597, 0x94 },
    { 0x3598, 0x86 },
    { 0x3599, 0xea },
    { 0x359a, 0xb2 },
    { 0x359b, 0x95 },
    { 0x359c, 0x6c },
    { 0x359d, 0xc0 },
    { 0x359e, 0xbc },
    { 0x359f, 0x3a },
    { 0x35a0, 0xae },
    { 0x35a1, 0xfe },
    { 0x35a2, 0x37 },
    { 0x35a3, 0xf7 },
    { 0x35a4, 0x40 },
    { 0x35a5, 0xde },
    { 0x35a6, 0xef },
    { 0x35a7, 0x2d },
    { 0x35a8, 0xcf },
    { 0x35a9, 0x64 },
    { 0x35aa, 0x31 },
    { 0x35ab, 0x3a },
    { 0x35ac, 0xec },
    { 0x35ad, 0x9a },
    { 0x35ae, 0x25 },
    { 0x35af, 0xe3 },
    { 0x35b0, 0x2a },
    { 0x35b1, 0x07 },
    { 0x35b2, 0xa6 },
    { 0x35b3, 0x94 },
    { 0x35b4, 0x5c },
    { 0x35b5, 0x42 },
    { 0x35b6, 0x44 },
    { 0x35b7, 0xb1 },
    { 0x35b8, 0xa3 },
    { 0x35b9, 0x7b },
    { 0x35ba, 0x81 },
    { 0x35bb, 0x28 },
    { 0x35bc, 0x40 },
    { 0x35bd, 0x55 },
    { 0x35be, 0x60 },
    { 0x35bf, 0x7c },
    { 0x35c0, 0xc8 },
    { 0x35c1, 0x06 },
    { 0x35c2, 0x23 },
    { 0x35c3, 0xf3 },
    { 0x35c4, 0x14 },
    { 0x35c5, 0x65 },
    { 0x35c6, 0xd4 },
    { 0x35c7, 0x47 },
    { 0x35c8, 0x4e },
    { 0x35c9, 0x3f },
    { 0x35ca, 0xa7 },
    { 0x35cb, 0xe8 },
    { 0x35cc, 0x6d },
    { 0x35cd, 0x8a },
    { 0x35ce, 0x39 },
    { 0x35cf, 0xd7 },
    { 0x35d0, 0x6b },
    { 0x35d1, 0x15 },
    { 0x35d2, 0x11 },
    { 0x35d3, 0x87 },
    { 0x35d4, 0xac },
    { 0x35d5, 0x6b },
    { 0x35d6, 0x1f },
    { 0x35d7, 0x2d },
    { 0x35d8, 0x23 },
    { 0x35d9, 0x01 },
    { 0x35da, 0xb4 },
    { 0x35db, 0x70 },
    { 0x35dc, 0x4c },
    { 0x35dd, 0xa8 },
    { 0x35de, 0xef },
    { 0x35df, 0x67 },
    { 0x35e0, 0x8c },
    { 0x35e1, 0x34 },
    { 0x35e2, 0xff },
    { 0x35e3, 0x80 },
    { 0x35e4, 0xf3 },
    { 0x35e5, 0xb2 },
    { 0x35e6, 0xdc },
    { 0x35e7, 0x99 },
    { 0x35e8, 0x6a },
    { 0x35e9, 0x0a },
    { 0x35ea, 0x8f },
    { 0x35eb, 0xff },
    { 0x35ec, 0x9d },
    { 0x35ed, 0xee },
    { 0x35ee, 0xb5 },
    { 0x35ef, 0x3b },
    { 0x35f0, 0x34 },
    { 0x35f1, 0xe3 },
    { 0x35f2, 0x55 },
    { 0x35f3, 0x04 },
    { 0x35f4, 0x3e },
    { 0x35f5, 0xbc },
    { 0x35f6, 0x8f },
    { 0x35f7, 0xf3 },
    { 0x35f8, 0xaa },
    { 0x35f9, 0xe9 },
    { 0x35fa, 0x77 },
    { 0x35fb, 0x55 },
    { 0x35fc, 0x27 },
    { 0x35fd, 0x9f },
    { 0x35fe, 0x36 },
    { 0x35ff, 0x5e },
    { 0x3600, 0xc0 },
    { 0x3601, 0x1c },
    { 0x3602, 0xae },
    { 0x3603, 0xf3 },
    { 0x3604, 0xe5 },
    { 0x3605, 0x51 },
    { 0x3606, 0xf2 },
    { 0x3607, 0x1b },
    { 0x3608, 0x01 },
    { 0x3609, 0x19 },
    { 0x360a, 0x23 },
    { 0x360b, 0xbd },
    { 0x360c, 0x4f },
    { 0x360d, 0x0e },
    { 0x360e, 0xd1 },
    { 0x360f, 0x12 },
    { 0x3610, 0xbd },
    { 0x3611, 0x23 },
    { 0x3612, 0x81 },
    { 0x3613, 0xe3 },
    { 0x3614, 0xc6 },
    { 0x3615, 0xff },
    { 0x3616, 0x3b },
    { 0x3617, 0xc1 },
    { 0x3618, 0x54 },
    { 0x3619, 0xc6 },
    { 0x361a, 0x9b },
    { 0x361b, 0xc7 },
    { 0x361c, 0x3d },
    { 0x361d, 0x95 },
    { 0x361e, 0x19 },
    { 0x361f, 0xca },
    { 0x3620, 0x04 },
    { 0x3621, 0x0d },
    { 0x3622, 0x25 },
    { 0x3623, 0xc5 },
    { 0x3624, 0x1b },
    { 0x3625, 0xf5 },
    { 0x3626, 0x08 },
    { 0x3627, 0xfc },
    { 0x3628, 0xba },
    { 0x3629, 0x3e },
    { 0x362a, 0x0c },
    { 0x362b, 0x53 },
    { 0x362c, 0xe9 },
    { 0x362d, 0xd2 },
    { 0x362e, 0xa2 },
    { 0x362f, 0x33 },
    { 0x3630, 0x27 },
    { 0x3631, 0x97 },
    { 0x3632, 0x82 },
    { 0x3633, 0xe3 },
    { 0x3634, 0x58 },
    { 0x3635, 0xb8 },
    { 0x3636, 0x76 },
    { 0x3637, 0x83 },
    { 0x3638, 0x9a },
    { 0x3639, 0x31 },
    { 0x363a, 0x2b },
    { 0x363b, 0x1f },
    { 0x363c, 0x76 },
    { 0x363d, 0x54 },
    { 0x363e, 0xb7 },
    { 0x363f, 0x5a },
    { 0x3640, 0xd7 },
    { 0x3641, 0x1f },
    { 0x3642, 0xa8 },
    { 0x3643, 0x1e },
    { 0x3644, 0xd5 },
    { 0x3645, 0xe7 },
    { 0x3646, 0xca },
    { 0x3647, 0xe0 },
    { 0x3648, 0x54 },
    { 0x3649, 0x82 },
    { 0x364a, 0x68 },
    { 0x364b, 0x1f },
    { 0x364c, 0x6c },
    { 0x364d, 0x99 },
    { 0x364e, 0xf5 },
    { 0x364f, 0x64 },
    { 0x3650, 0xde },
    { 0x3651, 0xde },
    { 0x3652, 0x33 },
    { 0x3653, 0xfa },
    { 0x3654, 0x32 },
    { 0x3655, 0x5e },
    { 0x3656, 0x78 },
    { 0x3657, 0xa4 },
    { 0x3658, 0xeb },
    { 0x3659, 0xfb },
    { 0x365a, 0xc6 },
    { 0x365b, 0x26 },
    { 0x365c, 0x28 },
    { 0x365d, 0xb8 },
    { 0x365e, 0x80 },
    { 0x365f, 0x85 },
    { 0x3660, 0xc1 },
    { 0x3661, 0x67 },
    { 0x3662, 0x15 },
    { 0x3663, 0xb9 },
    { 0x3664, 0x5e },
    { 0x3665, 0x76 },
    { 0x3666, 0xdd },
    { 0x3667, 0x26 },
    { 0x3668, 0x44 },
    { 0x3669, 0xb5 },
    { 0x366a, 0xe1 },
    { 0x366b, 0x94 },
    { 0x366c, 0x53 },
    { 0x366d, 0x35 },
    { 0x366e, 0x99 },
    { 0x366f, 0x0b },
    { 0x3670, 0xcb },
    { 0x3671, 0xa8 },
    { 0x3672, 0x95 },
    { 0x3673, 0xb7 },
    { 0x3674, 0x11 },
    { 0x3675, 0xd7 },
    { 0x3676, 0xaa },
    { 0x3677, 0xe6 },
    { 0x3678, 0x99 },
    { 0x3679, 0xbe },
    { 0x367a, 0x43 },
    { 0x367b, 0xfd },
    { 0x367c, 0x3a },
    { 0x367d, 0x6f },
    { 0x367e, 0x1c },
    { 0x367f, 0x9c },
    { 0x3680, 0x6f },
    { 0x3681, 0xb9 },
    { 0x3682, 0x87 },
    { 0x3683, 0xe3 },
    { 0x3684, 0xc9 },
    { 0x3685, 0x1c },
    { 0x3686, 0x96 },
    { 0x3687, 0x75 },
    { 0x3688, 0x31 },
    { 0x3689, 0x50 },
    { 0x368a, 0xc7 },
    { 0x368b, 0xc1 },
    { 0x368c, 0x8a },
    { 0x368d, 0x0c },
    { 0x368e, 0xda },
    { 0x368f, 0x1f },
    { 0x3690, 0x94 },
    { 0x3691, 0x80 },
    { 0x3692, 0xa4 },
    { 0x3693, 0x3e },
    { 0x3694, 0x92 },
    { 0x3695, 0x58 },
    { 0x3696, 0x50 },
    { 0x3697, 0x84 },
    { 0x3698, 0x91 },
    { 0x3699, 0xc3 },
    { 0x369a, 0xe5 },
    { 0x369b, 0x5f },
    { 0x369c, 0x2e },
    { 0x369d, 0xe6 },
    { 0x369e, 0x26 },
    { 0x369f, 0x18 },
    { 0x36a0, 0x4e },
    { 0x36a1, 0x39 },
    { 0x36a2, 0xe1 },
    { 0x36a3, 0x47 },
    { 0x36a4, 0x8f },
    { 0x36a5, 0x8f },
    { 0x36a6, 0x12 },
    { 0x36a7, 0xec },
    { 0x36a8, 0xb5 },
    { 0x36a9, 0x29 },
    { 0x36aa, 0xcb },
    { 0x36ab, 0x2a },
    { 0x36ac, 0x13 },
    { 0x36ad, 0xbc },
    { 0x36ae, 0xf4 },
    { 0x36af, 0xd8 },
    { 0x36b0, 0x3f },
    { 0x36b1, 0x57 },
    { 0x36b2, 0x6f },
    { 0x36b3, 0xaa },
    { 0x36b4, 0xe0 },
    { 0x36b5, 0xb3 },
    { 0x36b6, 0x09 },
    { 0x36b7, 0x1c },
    { 0x36b8, 0xd5 },
    { 0x36b9, 0x27 },
    { 0x36ba, 0x5f },
    { 0x36bb, 0x41 },
    { 0x36bc, 0x14 },
    { 0x36bd, 0x89 },
    { 0x36be, 0x37 },
    { 0x36bf, 0x63 },
    { 0x36c0, 0x3c },
    { 0x36c1, 0x6c },
    { 0x36c2, 0x4e },
    { 0x36c3, 0xbe },
    { 0x36c4, 0xdc },
    { 0x36c5, 0x35 },
    { 0x36c6, 0x75 },
    { 0x36c7, 0xcc },
    { 0x36c8, 0x67 },
    { 0x36c9, 0xfb },
    { 0x36ca, 0x8e },
    { 0x36cb, 0xb0 },
    { 0x36cc, 0xcb },
    { 0x36cd, 0xea },
    { 0x36ce, 0xa6 },
    { 0x36cf, 0xf1 },
    { 0x36d0, 0xc8 },
    { 0x36d1, 0x7d },
    { 0x36d2, 0x96 },
    { 0x36d3, 0xad },
    { 0x36d4, 0x90 },
    { 0x36d5, 0xad },
    { 0x36d6, 0xdc },
    { 0x36d7, 0x9e },
    { 0x36d8, 0x77 },
    { 0x36d9, 0x23 },
    { 0x36da, 0xd6 },
    { 0x36db, 0xd8 },
    { 0x36dc, 0x09 },
    { 0x36dd, 0x7f },
    { 0x36de, 0x05 },
    { 0x36df, 0x6c },
    { 0x36e0, 0x2a },
    { 0x36e1, 0x40 },
    { 0x36e2, 0xc7 },
    { 0x36e3, 0xe4 },
    { 0x36e4, 0x97 },
    { 0x36e5, 0x08 },
    { 0x36e6, 0xc8 },
    { 0x36e7, 0xbf },
    { 0x36e8, 0xbe },
    { 0x36e9, 0xec },
    { 0x36ea, 0x14 },
    { 0x36eb, 0x39 },
    { 0x36ec, 0x46 },
    { 0x36ed, 0xac },
    { 0x36ee, 0x4e },
    { 0x36ef, 0x16 },
    { 0x36f0, 0xf4 },
    { 0x36f1, 0x98 },
    { 0x36f2, 0xc9 },
    { 0x36f3, 0x9c },
    { 0x36f4, 0xec },
    { 0x36f5, 0x5d },
    { 0x36f6, 0x8a },
    { 0x36f7, 0xdc },
    { 0x36f8, 0xe0 },
    { 0x36f9, 0x1b },
    { 0x36fa, 0x5c },
    { 0x36fb, 0x14 },
    { 0x36fc, 0x9c },
    { 0x36fd, 0xd4 },
    { 0x36fe, 0x66 },
    { 0x36ff, 0xb3 },
    { 0x3700, 0xa4 },
    { 0x3701, 0xae },
    { 0x3702, 0xae },
    { 0x3703, 0xf9 },
    { 0x3704, 0x45 },
    { 0x3705, 0x53 },
    { 0x3706, 0x5e },
    { 0x3707, 0x40 },
    { 0x3708, 0x63 },
    { 0x3709, 0x92 },
    { 0x370a, 0xcf },
    { 0x370b, 0x0e },
    { 0x370c, 0x23 },
    { 0x370d, 0xb9 },
    { 0x370e, 0x4b },
    { 0x370f, 0xcc },
    { 0x3710, 0x29 },
    { 0x3711, 0xe0 },
    { 0x3712, 0x19 },
    { 0x3713, 0x80 },
    { 0x3714, 0x2c },
    { 0x3715, 0xf3 },
    { 0x3716, 0xff },
    { 0x3717, 0xa4 },
    { 0x3718, 0xe3 },
    { 0x3719, 0xe6 },
    { 0x371a, 0xd7 },
    { 0x371b, 0x64 },
    { 0x371c, 0xaf },
    { 0x371d, 0x5d },
    { 0x371e, 0x36 },
    { 0x371f, 0x1f },
    { 0x3720, 0xab },
    { 0x3721, 0xcc },
    { 0x3722, 0xd2 },
    { 0x3723, 0x21 },
    { 0x3724, 0xe0 },
    { 0x3725, 0x49 },
    { 0x3726, 0x02 },
    { 0x3727, 0x44 },
    { 0x3728, 0x20 },
    { 0x3729, 0xc1 },
    { 0x372a, 0xda },
    { 0x372b, 0xc4 },
    { 0x372c, 0x9a },
    { 0x372d, 0x84 },
    { 0x372e, 0xf1 },
    { 0x372f, 0x9a },
    { 0x3730, 0xe9 },
    { 0x3731, 0x95 },
    { 0x3732, 0x3c },
    { 0x3733, 0x91 },
    { 0x3734, 0x8e },
    { 0x3735, 0xcc },
    { 0x3736, 0x37 },
    { 0x3737, 0x83 },
    { 0x3738, 0x4d },
    { 0x3739, 0x1e },
    { 0x373a, 0x59 },
    { 0x373b, 0x62 },
    { 0x373c, 0x64 },
    { 0x373d, 0xf7 },
    { 0x373e, 0xe3 },
    { 0x373f, 0x92 },
    { 0x3740, 0xcf },
    { 0x3741, 0x94 },
    { 0x3742, 0x9b },
    { 0x3743, 0x4d },
    { 0x3744, 0xf1 },
    { 0x3745, 0x99 },
    { 0x3746, 0x5a },
    { 0x3747, 0x14 },
    { 0x3748, 0xfc },
    { 0x3749, 0xc3 },
    { 0x374a, 0x61 },
    { 0x374b, 0x95 },
    { 0x374c, 0x42 },
    { 0x374d, 0x34 },
    { 0x374e, 0xe4 },
    { 0x374f, 0x34 },
    { 0x3750, 0xf7 },
    { 0x3751, 0xd3 },
    { 0x3752, 0xe7 },
    { 0x3753, 0x04 },
    { 0x3754, 0xd1 },
    { 0x3755, 0x9d },
    { 0x3756, 0x0b },
    { 0x3757, 0xb5 },
    { 0x3758, 0x24 },
    { 0x3759, 0x42 },
    { 0x375a, 0xea },
    { 0x375b, 0x1c },
    { 0x375c, 0x0c },
    { 0x375d, 0x41 },
    { 0x375e, 0x56 },
    { 0x375f, 0xbd },
    { 0x3760, 0x5e },
    { 0x3761, 0xec },
    { 0x3762, 0xea },
    { 0x3763, 0x60 },
    { 0x3764, 0x70 },
    { 0x3765, 0x15 },
    { 0x3766, 0x3c },
    { 0x3767, 0xb2 },
    { 0x3768, 0x75 },
    { 0x3769, 0x51 },
    { 0x376a, 0xce },
    { 0x376b, 0x89 },
    { 0x376c, 0x5f },
    { 0x376d, 0x9b },
    { 0x376e, 0x34 },
    { 0x376f, 0xd5 },
    { 0x3770, 0xab },
    { 0x3771, 0x41 },
    { 0x3772, 0xde },
    { 0x3773, 0xcd },
    { 0x3774, 0x20 },
    { 0x3775, 0xb5 },
    { 0x3776, 0x5b },
    { 0x3777, 0x45 },
    { 0x3778, 0xbc },
    { 0x3779, 0x51 },
    { 0x377a, 0x87 },
    { 0x377b, 0x04 },
    { 0x377c, 0x5c },
    { 0x377d, 0x0f },
    { 0x377e, 0xd1 },
    { 0x377f, 0xc6 },
    { 0x3780, 0x09 },
    { 0x3781, 0x3b },
    { 0x3782, 0xeb },
    { 0x3783, 0x17 },
    { 0x3784, 0xb8 },
    { 0x3785, 0x19 },
    { 0x3786, 0x0b },
    { 0x3787, 0x34 },
    { 0x3788, 0xaf },
    { 0x3789, 0xed },
    { 0x378a, 0x63 },
    { 0x378b, 0xc8 },
    { 0x378c, 0x82 },
    { 0x378d, 0x99 },
    { 0x378e, 0x04 },
    { 0x378f, 0x4f },
    { 0x3790, 0x45 },
    { 0x3791, 0x1d },
    { 0x3792, 0xe9 },
    { 0x3793, 0x56 },
    { 0x3794, 0x69 },
    { 0x3795, 0x37 },
    { 0x3796, 0x4b },
    { 0x3797, 0xa3 },
    { 0x3798, 0x12 },
    { 0x3799, 0x1a },
    { 0x379a, 0x8f },
    { 0x379b, 0xb6 },
    { 0x379c, 0xc8 },
    { 0x379d, 0x46 },
    { 0x379e, 0xb9 },
    { 0x379f, 0x61 },
    { 0x37a0, 0xca },
    { 0x37a1, 0x2b },
    { 0x37a2, 0x70 },
    { 0x37a3, 0x07 },
    { 0x37a4, 0xbb },
    { 0x37a5, 0xf2 },
    { 0x37a6, 0xc7 },
    { 0x37a7, 0xc0 },
    { 0x37a8, 0x85 },
    { 0x37a9, 0xcc },
    { 0x37aa, 0xb4 },
    { 0x37ab, 0x83 },
    { 0x37ac, 0x35 },
    { 0x37ad, 0x61 },
    { 0x37ae, 0x77 },
    { 0x37af, 0x7c },
    { 0x37b0, 0xc6 },
    { 0x37b1, 0x89 },
    { 0x37b2, 0x8c },
    { 0x37b3, 0xbd },
    { 0x37b4, 0xa1 },
    { 0x37b5, 0x26 },
    { 0x37b6, 0xd7 },
    { 0x37b7, 0x6e },
    { 0x37b8, 0x56 },
    { 0x37b9, 0x97 },
    { 0x37ba, 0xa0 },
    { 0x37bb, 0x6a },
    { 0x37bc, 0xc0 },
    { 0x37bd, 0x34 },
    { 0x37be, 0x6a },
    { 0x37bf, 0x46 },
    { 0x37c0, 0x48 },
    { 0x37c1, 0x5b },
    { 0x37c2, 0xbc },
    { 0x37c3, 0xdd },
    { 0x37c4, 0x3a },
    { 0x37c5, 0xa9 },
    { 0x37c6, 0xd0 },
    { 0x37c7, 0xa8 },
    { 0x37c8, 0x87 },
    { 0x37c9, 0x88 },
    { 0x37ca, 0x3f },
    { 0x37cb, 0xc7 },
    { 0x37cc, 0xbf },
    { 0x37cd, 0x82 },
    { 0x37ce, 0x92 },
    { 0x37cf, 0xbc },
    { 0x37d0, 0x06 },
    { 0x37d1, 0x3f },
    { 0x37d2, 0x40 },
    { 0x37d3, 0xaf },
    { 0x37d4, 0x0e },
    { 0x37d5, 0x45 },
    { 0x37d6, 0x2f },
    { 0x37d7, 0x27 },
    { 0x37d8, 0x62 },
    { 0x37d9, 0x72 },
    { 0x37da, 0xb0 },
    { 0x37db, 0x82 },
    { 0x37dc, 0x94 },
    { 0x37dd, 0x06 },
    { 0x37de, 0x90 },
    { 0x37df, 0xf3 },
    { 0x37e0, 0x02 },
    { 0x37e1, 0xf3 },
    { 0x37e2, 0xbc },
    { 0x37e3, 0xc4 },
    { 0x37e4, 0x79 },
    { 0x37e5, 0xfa },
    { 0x37e6, 0xbb },
    { 0x37e7, 0x4f },
    { 0x37e8, 0xb7 },
    { 0x37e9, 0x37 },
    { 0x37ea, 0x88 },
    { 0x37eb, 0xd2 },
    { 0x37ec, 0xa0 },
    { 0x37ed, 0xad },
    { 0x37ee, 0x60 },
    { 0x37ef, 0xc9 },
    { 0x37f0, 0x2a },
    { 0x37f1, 0x9d },
    { 0x37f2, 0x52 },
    { 0x37f3, 0xd2 },
    { 0x37f4, 0x10 },
    { 0x37f5, 0xd4 },
    { 0x37f6, 0xf0 },
    { 0x37f7, 0x27 },
    { 0x37f8, 0xb1 },
    { 0x37f9, 0x10 },
    { 0x37fa, 0x50 },
    { 0x37fb, 0xa8 },
    { 0x37fc, 0x4a },
    { 0x37fd, 0x2a },
    { 0x37fe, 0x11 },
    { 0x37ff, 0xbe },
    { 0x3800, 0x53 },
    { 0x3801, 0x03 },
    { 0x3802, 0x5e },
    { 0x3803, 0xe3 },
    { 0x3804, 0xd7 },
    { 0x3805, 0x2d },
    { 0x3806, 0xad },
    { 0x3807, 0x45 },
    { 0x3808, 0xa2 },
    { 0x3809, 0x6e },
    { 0x380a, 0xb8 },
    { 0x380b, 0x43 },
    { 0x380c, 0x22 },
    { 0x380d, 0x19 },
    { 0x380e, 0x78 },
    { 0x380f, 0x97 },
    { 0x3810, 0x3c },
    { 0x3811, 0x31 },
    { 0x3812, 0xce },
    { 0x3813, 0x6e },
    { 0x3814, 0xc2 },
    { 0x3815, 0xbe },
    { 0x3816, 0x44 },
    { 0x3817, 0x8a },
    { 0x3818, 0x71 },
    { 0x3819, 0x26 },
    { 0x381a, 0x68 },
    { 0x381b, 0xb9 },
    { 0x381c, 0x64 },
    { 0x381d, 0x33 },
    { 0x381e, 0x79 },
    { 0x381f, 0xad },
    { 0x3820, 0x80 },
    { 0x3821, 0x79 },
    { 0x3822, 0x0f },
    { 0x3823, 0xb0 },
    { 0x3824, 0x23 },
    { 0x3825, 0x53 },
    { 0x3826, 0x21 },
    { 0x3827, 0xd3 },
    { 0x3828, 0x98 },
    { 0x3829, 0x10 },
    { 0x382a, 0xa1 },
    { 0x382b, 0xb3 },
    { 0x382c, 0xb6 },
    { 0x382d, 0x8a },
    { 0x382e, 0x5d },
    { 0x382f, 0x5c },
    { 0x3830, 0x43 },
    { 0x3831, 0xca },
    { 0x3832, 0x1c },
    { 0x3833, 0x8d },
    { 0x3834, 0x51 },
    { 0x3835, 0xed },
    { 0x3836, 0xb5 },
    { 0x3837, 0x87 },
    { 0x3838, 0x26 },
    { 0x3839, 0x3e },
    { 0x383a, 0x2a },
    { 0x383b, 0x68 },
    { 0x383c, 0xbb },
    { 0x383d, 0x24 },
    { 0x383e, 0x7a },
    { 0x383f, 0xb7 },
    { 0x3840, 0x16 },
    { 0x3841, 0xc1 },
    { 0x3842, 0xfc },
    { 0x3843, 0x8b },
    { 0x3844, 0x0f },
    { 0x3845, 0x8d },
    { 0x3846, 0xc6 },
    { 0x3847, 0x4d },
    { 0x3848, 0xef },
    { 0x3849, 0x74 },
    { 0x384a, 0xd8 },
    { 0x384b, 0x98 },
    { 0x384c, 0x3d },
    { 0x384d, 0x47 },
    { 0x384e, 0x68 },
    { 0x384f, 0x38 },
    { 0x3850, 0x23 },
    { 0x3851, 0x50 },
    { 0x3852, 0x71 },
    { 0x3853, 0xe4 },
    { 0x3854, 0x74 },
    { 0x3855, 0xda },
    { 0x3856, 0xc6 },
    { 0x3857, 0x85 },
    { 0x3858, 0x21 },
    { 0x3859, 0xf4 },
    { 0x385a, 0x68 },
    { 0x385b, 0xbb },
    { 0x385c, 0x28 },
    { 0x385d, 0x35 },
    { 0x385e, 0x8d },
    { 0x385f, 0x2b },
    { 0x3860, 0x06 },
    { 0x3861, 0x8b },
    { 0x3862, 0x68 },
    { 0x3863, 0xc8 },
    { 0x3864, 0x81 },
    { 0x3865, 0x72 },
    { 0x3866, 0x51 },
    { 0x3867, 0x14 },
    { 0x3868, 0xac },
    { 0x3869, 0xd4 },
    { 0x386a, 0xf3 },
    { 0x386b, 0xa2 },
    { 0x386c, 0x92 },
    { 0x386d, 0x7c },
    { 0x386e, 0xc3 },
    { 0x386f, 0x07 },
    { 0x3870, 0x23 },
    { 0x3871, 0x32 },
    { 0x3872, 0x35 },
    { 0x3873, 0xeb },
    { 0x3874, 0x20 },
    { 0x3875, 0x36 },
    { 0x3876, 0x76 },
    { 0x3877, 0x8f },
    { 0x3878, 0x9c },
    { 0x3879, 0xd7 },
    { 0x387a, 0xb7 },
    { 0x387b, 0xf2 },
    { 0x387c, 0x3a },
    { 0x387d, 0x9b },
    { 0x387e, 0x81 },
    { 0x387f, 0x77 },
    { 0x3880, 0xec },
    { 0x3881, 0x7d },
    { 0x3882, 0x88 },
    { 0x3883, 0x9e },
    { 0x3884, 0xf1 },
    { 0x3885, 0xf2 },
    { 0x3886, 0xeb },
    { 0x3887, 0x59 },
    { 0x3888, 0xa0 },
    { 0x3889, 0x95 },
    { 0x388a, 0x24 },
    { 0x388b, 0x50 },
    { 0x388c, 0x6e },
    { 0x388d, 0xd3 },
    { 0x388e, 0x0d },
    { 0x388f, 0xce },
    { 0x3890, 0xd9 },
    { 0x3891, 0x7e },
    { 0x3892, 0x41 },
    { 0x3893, 0xb1 },
    { 0x3894, 0x3d },
    { 0x3895, 0x0d },
    { 0x3896, 0x7f },
    { 0x3897, 0xb5 },
    { 0x3898, 0xd5 },
    { 0x3899, 0x2d },
    { 0x389a, 0x77 },
    { 0x389b, 0x35 },
    { 0x389c, 0x83 },
    { 0x389d, 0x0e },
    { 0x389e, 0x3e },
    { 0x389f, 0xf1 },
    { 0x38a0, 0x66 },
    { 0x38a1, 0x64 },
    { 0x38a2, 0x71 },
    { 0x38a3, 0xc5 },
    { 0x38a4, 0x17 },
    { 0x38a5, 0x15 },
    { 0x38a6, 0x2b },
    { 0x38a7, 0xb0 },
    { 0x38a8, 0x11 },
    { 0x38a9, 0x51 },
    { 0x38aa, 0xa7 },
    { 0x38ab, 0x1c },
    { 0x38ac, 0xf9 },
    { 0x38ad, 0x81 },
    { 0x38ae, 0xec },
    { 0x38af, 0x79 },
    { 0x38b0, 0x3c },
    { 0x38b1, 0x6d },
    { 0x38b2, 0x7e },
    { 0x38b3, 0xa3 },
    { 0x38b4, 0x36 },
    { 0x38b5, 0xc3 },
    { 0x38b6, 0xf5 },
    { 0x38b7, 0xf0 },
    { 0x38b8, 0x90 },
    { 0x38b9, 0xbe },
    { 0x38ba, 0x9d },
    { 0x38bb, 0xde },
    { 0x38bc, 0x71 },
    { 0x38bd, 0xcd },
    { 0x38be, 0x4f },
    { 0x38bf, 0x9c },
    { 0x38c0, 0xbf },
    { 0x38c1, 0x0f },
    { 0x38c2, 0x2c },
    { 0x38c3, 0x40 },
    { 0x38c4, 0xab },
    { 0x38c5, 0x51 },
    { 0x38c6, 0xa1 },
    { 0x38c7, 0x65 },
    { 0x38c8, 0xdd },
    { 0x38c9, 0xf3 },
    { 0x38ca, 0x26 },
    { 0x38cb, 0x70 },
    { 0x38cc, 0xcc },
    { 0x38cd, 0xb6 },
    { 0x38ce, 0xf7 },
    { 0x38cf, 0x0e },
    { 0x38d0, 0xb7 },
    { 0x38d1, 0xe8 },
    { 0x38d2, 0x90 },
    { 0x38d3, 0x5c },
    { 0x38d4, 0xb9 },
    { 0x38d5, 0xa2 },
    { 0x38d6, 0x27 },
    { 0x38d7, 0x6e },
    { 0x38d8, 0xa9 },
    { 0x38d9, 0x2f },
    { 0x38da, 0xee },
    { 0x38db, 0xe7 },
    { 0x38dc, 0x0f },
    { 0x38dd, 0xa3 },
    { 0x38de, 0x8e },
    { 0x38df, 0xac },
    { 0x38e0, 0xfb },
    { 0x38e1, 0xa5 },
    { 0x38e2, 0xe9 },
    { 0x38e3, 0x9f },
    { 0x38e4, 0x42 },
    { 0x38e5, 0xdd },
    { 0x38e6, 0x2d },
    { 0x38e7, 0xda },
    { 0x38e8, 0xf3 },
    { 0x38e9, 0xed },
    { 0x38ea, 0x4c },
    { 0x38eb, 0x1e },
    { 0x38ec, 0x5f },
    { 0x38ed, 0xcc },
    { 0x38ee, 0x09 },
    { 0x38ef, 0xea },
    { 0x38f0, 0x41 },
    { 0x38f1, 0x4a },
    { 0x38f2, 0x02 },
    { 0x38f3, 0xe4 },
    { 0x38f4, 0xeb },
    { 0x38f5, 0x92 },
    { 0x38f6, 0xe9 },
    { 0x38f7, 0xb5 },
    { 0x38f8, 0x60 },
    { 0x38f9, 0x26 },
    { 0x38fa, 0x17 },
    { 0x38fb, 0x73 },
    { 0x38fc, 0xfd },
    { 0x38fd, 0xef },
    { 0x38fe, 0x46 },
    { 0x38ff, 0x61 },
    { 0x3900, 0xcf },
    { 0x3901, 0x72 },
    { 0x3902, 0x7e },
    { 0x3903, 0xab },
    { 0x3904, 0x25 },
    { 0x3905, 0x60 },
    { 0x3906, 0xfd },
    { 0x3907, 0xf3 },
    { 0x3908, 0xaf },
    { 0x3909, 0x95 },
    { 0x390a, 0x87 },
    { 0x390b, 0x6e },
    { 0x390c, 0x93 },
    { 0x390d, 0x01 },
    { 0x390e, 0x92 },
    { 0x390f, 0xc2 },
    { 0x3910, 0x9d },
    { 0x3911, 0xcd },
    { 0x3912, 0x64 },
    { 0x3913, 0x82 },
    { 0x3914, 0x46 },
    { 0x3915, 0xda },
    { 0x3916, 0x5c },
    { 0x3917, 0x31 },
    { 0x3918, 0xec },
    { 0x3919, 0x08 },
    { 0x391a, 0x82 },
    { 0x391b, 0x49 },
    { 0x391c, 0xa3 },
    { 0x391d, 0x37 },
    { 0x391e, 0x67 },
    { 0x391f, 0xd6 },
    { 0x3920, 0x29 },
    { 0x3921, 0x0f },
    { 0x3922, 0x45 },
    { 0x3923, 0x7d },
    { 0x3924, 0x5a },
    { 0x3925, 0x17 },
    { 0x3926, 0xea },
    { 0x3927, 0x35 },
    { 0x3928, 0x6d },
    { 0x3929, 0x0f },
    { 0x392a, 0xec },
    { 0x392b, 0xcf },
    { 0x392c, 0xab },
    { 0x392d, 0x2b },
    { 0x392e, 0xd1 },
    { 0x392f, 0x91 },
    { 0x3930, 0xd4 },
    { 0x3931, 0x65 },
    { 0x3932, 0x5e },
    { 0x3933, 0xd5 },
    { 0x3934, 0x35 },
    { 0x3935, 0x4c },
    { 0x3936, 0xfd },
    { 0x3937, 0xe9 },
    { 0x3938, 0xf6 },
    { 0x3939, 0xe7 },
    { 0x393a, 0x5a },
    { 0x393b, 0x8e },
    { 0x393c, 0xe5 },
    { 0x393d, 0x88 },
    { 0x393e, 0x5e },
    { 0x393f, 0x82 },
    { 0x3940, 0x2d },
    { 0x3941, 0xe1 },
    { 0x3942, 0xf9 },
    { 0x3943, 0xf6 },
    { 0x3944, 0xd0 },
    { 0x3945, 0x81 },
    { 0x3946, 0xb5 },
    { 0x3947, 0x4c },
    { 0x3948, 0x8a },
    { 0x3949, 0x66 },
    { 0x394a, 0xef },
    { 0x394b, 0x15 },
    { 0x394c, 0xfe },
    { 0x394d, 0xbf },
    { 0x394e, 0xff },
    { 0x394f, 0xe8 },
    { 0x3950, 0xcd },
    { 0x3951, 0x6e },
    { 0x3952, 0x34 },
    { 0x3953, 0x30 },
    { 0x3954, 0xe2 },
    { 0x3955, 0x4e },
    { 0x3956, 0x62 },
    { 0x3957, 0x7c },
    { 0x3958, 0x2d },
    { 0x3959, 0xe6 },
    { 0x395a, 0xab },
    { 0x395b, 0xc7 },
    { 0x395c, 0x34 },
    { 0x395d, 0x49 },
    { 0x395e, 0xf8 },
    { 0x395f, 0x69 },
    { 0x3960, 0x7f },
    { 0x3961, 0x1c },
    { 0x3962, 0x60 },
    { 0x3963, 0xb7 },
    { 0x3964, 0xe9 },
    { 0x3965, 0x55 },
    { 0x3966, 0x36 },
    { 0x3967, 0x13 },
    { 0x3968, 0x7a },
    { 0x3969, 0xf6 },
    { 0x396a, 0x77 },
    { 0x396b, 0xc7 },
    { 0x396c, 0xae },
    { 0x396d, 0x8b },
    { 0x396e, 0x38 },
    { 0x396f, 0x35 },
    { 0x3970, 0x1b },
    { 0x3971, 0xd0 },
    { 0x3972, 0xf8 },
    { 0x3973, 0xcb },
    { 0x3974, 0x06 },
    { 0x3975, 0x26 },
    { 0x3976, 0x1f },
    { 0x3977, 0x39 },
    { 0x3978, 0xcf },
    { 0x3979, 0x06 },
    { 0x397a, 0x8f },
    { 0x397b, 0xc6 },
    { 0x397c, 0x83 },
    { 0x397d, 0xcd },
    { 0x397e, 0xd9 },
    { 0x397f, 0x81 },
    { 0x3980, 0x24 },
    { 0x3981, 0xd9 },
    { 0x3982, 0x36 },
    { 0x3983, 0x66 },
    { 0x3984, 0x92 },
    { 0x3985, 0xa4 },
    { 0x3986, 0x07 },
    { 0x3987, 0xa9 },
    { 0x3988, 0x87 },
    { 0x3989, 0x1d },
    { 0x398a, 0x6c },
    { 0x398b, 0x1c },
    { 0x398c, 0x49 },
    { 0x398d, 0x9d },
    { 0x398e, 0x2f },
    { 0x398f, 0xc4 },
    { 0x3990, 0xbd },
    { 0x3991, 0xf1 },
    { 0x3992, 0xca },
    { 0x3993, 0x7b },
    { 0x3994, 0x20 },
    { 0x3995, 0x44 },
    { 0x3996, 0xf7 },
    { 0x3997, 0x5d },
    { 0x3998, 0xdc },
    { 0x3999, 0xcf },
    { 0x399a, 0x06 },
    { 0x399b, 0x98 },
    { 0x399c, 0xb7 },
    { 0x399d, 0x7b },
    { 0x399e, 0xc7 },
    { 0x399f, 0x41 },
    { 0x39a0, 0x1e },
    { 0x39a1, 0x07 },
    { 0x39a2, 0x24 },
    { 0x39a3, 0xe3 },
    { 0x39a4, 0x41 },
    { 0x39a5, 0x2f },
    { 0x39a6, 0x9a },
    { 0x39a7, 0x1b },
    { 0x39a8, 0x39 },
    { 0x39a9, 0x12 },
    { 0x39aa, 0x3d },
    { 0x39ab, 0x42 },
    { 0x39ac, 0xe6 },
    { 0x39ad, 0xf2 },
    { 0x39ae, 0x81 },
    { 0x39af, 0x9e },
    { 0x39b0, 0x50 },
    { 0x39b1, 0xd2 },
    { 0x39b2, 0x28 },
    { 0x39b3, 0xec },
    { 0x39b4, 0x5b },
    { 0x39b5, 0x48 },
    { 0x39b6, 0xf7 },
    { 0x39b7, 0x3c },
    { 0x39b8, 0xe4 },
    { 0x39b9, 0xf9 },
    { 0x39ba, 0x88 },
    { 0x39bb, 0x82 },
    { 0x39bc, 0xb6 },
    { 0x39bd, 0x01 },
    { 0x39be, 0x56 },
    { 0x39bf, 0x88 },
    { 0x39c0, 0xf6 },
    { 0x39c1, 0xe6 },
    { 0x39c2, 0x2d },
    { 0x39c3, 0xea },
    { 0x39c4, 0x8e },
    { 0x39c5, 0x90 },
    { 0x39c6, 0x54 },
    { 0x39c7, 0xc4 },
    { 0x39c8, 0x9b },
    { 0x39c9, 0x05 },
    { 0x39ca, 0xb0 },
    { 0x39cb, 0x8a },
    { 0x39cc, 0x53 },
    { 0x39cd, 0xf1 },
    { 0x39ce, 0x6c },
    { 0x39cf, 0x08 },
    { 0x39d0, 0x70 },
    { 0x39d1, 0xfe },
    { 0x39d2, 0x0f },
    { 0x39d3, 0x73 },
    { 0x39d4, 0x7e },
    { 0x39d5, 0xb2 },
    { 0x39d6, 0x42 },
    { 0x39d7, 0x15 },
    { 0x39d8, 0x93 },
    { 0x39d9, 0xf2 },
    { 0x39da, 0xad },
    { 0x39db, 0xd4 },
    { 0x39dc, 0x41 },
    { 0x39dd, 0xf5 },
    { 0x39de, 0x39 },
    { 0x39df, 0x33 },
    { 0x39e0, 0xbf },
    { 0x39e1, 0x73 },
    { 0x39e2, 0x25 },
    { 0x39e3, 0xda },
    { 0x39e4, 0x4d },
    { 0x39e5, 0x29 },
    { 0x39e6, 0xb5 },
    { 0x39e7, 0xbe },
    { 0x39e8, 0x72 },
    { 0x39e9, 0x9a },
    { 0x39ea, 0x64 },
    { 0x39eb, 0x07 },
    { 0x39ec, 0xec },
    { 0x39ed, 0xdc },
    { 0x39ee, 0x29 },
    { 0x39ef, 0x24 },
    { 0x39f0, 0x05 },
    { 0x39f1, 0x3e },
    { 0x39f2, 0xc1 },
    { 0x39f3, 0x72 },
    { 0x39f4, 0xcd },
    { 0x39f5, 0x95 },
    { 0x39f6, 0x12 },
    { 0x39f7, 0x3a },
    { 0x39f8, 0xb7 },
    { 0x39f9, 0x31 },
    { 0x39fa, 0x17 },
    { 0x39fb, 0xf1 },
    { 0x39fc, 0x20 },
    { 0x39fd, 0x0e },
    { 0x39fe, 0x2e },
    { 0x39ff, 0xab },
    { 0x3a00, 0x18 },
    { 0x3a01, 0xaf },
    { 0x3a02, 0x66 },
    { 0x3a03, 0x75 },
    { 0x3a04, 0x1e },
    { 0x3a05, 0x1c },
    { 0x3a06, 0x8d },
    { 0x3a07, 0xf2 },
    { 0x3a08, 0xbb },
    { 0x3a09, 0x7b },
    { 0x3a0a, 0x46 },
    { 0x3a0b, 0xf6 },
    { 0x3a0c, 0x00 },
    { 0x3a0d, 0xf2 },
    { 0x3a0e, 0x0f },
    { 0x3a0f, 0x28 },
    { 0x3a10, 0x53 },
    { 0x3a11, 0x06 },
    { 0x3a12, 0x98 },
    { 0x3a13, 0x25 },
    { 0x3a14, 0xc8 },
    { 0x3a15, 0x1b },
    { 0x3a16, 0xab },
    { 0x3a17, 0xec },
    { 0x3a18, 0x6a },
    { 0x3a19, 0x20 },
    { 0x3a1a, 0x4f },
    { 0x3a1b, 0x6c },
    { 0x3a1c, 0x99 },
    { 0x3a1d, 0x9c },
    { 0x3a1e, 0x44 },
    { 0x3a1f, 0xb4 },
    { 0x3a20, 0x41 },
    { 0x3a21, 0x76 },
    { 0x3a22, 0x39 },
    { 0x3a23, 0xc9 },
    { 0x3a24, 0xdf },
    { 0x3a25, 0xe9 },
    { 0x3a26, 0x26 },
    { 0x3a27, 0x1d },
    { 0x3a28, 0xf9 },
    { 0x3a29, 0xf4 },
    { 0x3a2a, 0xce },
    { 0x3a2b, 0x7c },
    { 0x3a2c, 0x22 },
    { 0x3a2d, 0x94 },
    { 0x3a2e, 0x58 },
    { 0x3a2f, 0x80 },
    { 0x3a30, 0xe1 },
    { 0x3a31, 0x8d },
    { 0x3a32, 0x9b },
    { 0x3a33, 0x04 },
    { 0x3a34, 0x29 },
    { 0x3a35, 0x8a },
    { 0x3a36, 0x0b },
    { 0x3a37, 0x13 },
    { 0x3a38, 0x09 },
    { 0x3a39, 0x90 },
    { 0x3a3a, 0x10 },
    { 0x3a3b, 0x56 },
    { 0x3a3c, 0x55 },
    { 0x3a3d, 0xfc },
    { 0x3a3e, 0x66 },
    { 0x3a3f, 0xb2 },
    { 0x3a40, 0x84 },
    { 0x3a41, 0xed },
    { 0x3a42, 0xf0 },
    { 0x3a43, 0x38 },
    { 0x3a44, 0xad },
    { 0x3a45, 0x45 },
    { 0x3a46, 0xca },
    { 0x3a47, 0xdc },
    { 0x3a48, 0x7d },
    { 0x3a49, 0x02 },
    { 0x3a4a, 0xe1 },
    { 0x3a4b, 0x8f },
    { 0x3a4c, 0xc0 },
    { 0x3a4d, 0x8c },
    { 0x3a4e, 0x7a },
    { 0x3a4f, 0xe0 },
    { 0x3a50, 0xdc },
    { 0x3a51, 0xe4 },
    { 0x3a52, 0x30 },
    { 0x3a53, 0x96 },
    { 0x3a54, 0x0b },
    { 0x3a55, 0xd7 },
    { 0x3a56, 0x67 },
    { 0x3a57, 0x6f },
    { 0x3a58, 0x13 },
    { 0x3a59, 0xbb },
    { 0x3a5a, 0xde },
    { 0x3a5b, 0xe9 },
    { 0x3a5c, 0x83 },
    { 0x3a5d, 0x9b },
    { 0x3a5e, 0xb7 },
    { 0x3a5f, 0x1e },
    { 0x3a60, 0x2b },
    { 0x3a61, 0x53 },
    { 0x3a62, 0x62 },
    { 0x3a63, 0xb4 },
    { 0x3a64, 0x15 },
    { 0x3a65, 0x38 },
    { 0x3a66, 0x0f },
    { 0x3a67, 0x30 },
    { 0x3a68, 0xcc },
    { 0x3a69, 0xba },
    { 0x3a6a, 0x92 },
    { 0x3a6b, 0xf7 },
    { 0x3a6c, 0x9e },
    { 0x3a6d, 0x4a },
    { 0x3a6e, 0xa8 },
    { 0x3a6f, 0xe2 },
    { 0x3a70, 0x06 },
    { 0x3a71, 0x92 },
    { 0x3a72, 0x68 },
    { 0x3a73, 0xf8 },
    { 0x3a74, 0xcb },
    { 0x3a75, 0x08 },
    { 0x3a76, 0x77 },
    { 0x3a77, 0xed },
    { 0x3a78, 0xf1 },
    { 0x3a79, 0xd8 },
    { 0x3a7a, 0xb6 },
    { 0x3a7b, 0x1a },
    { 0x3a7c, 0xcb },
    { 0x3a7d, 0x34 },
    { 0x3a7e, 0x1f },
    { 0x3a7f, 0xbc },
    { 0x3a80, 0x95 },
    { 0x3a81, 0x9f },
    { 0x3a82, 0x96 },
    { 0x3a83, 0x63 },
    { 0x3a84, 0x73 },
    { 0x3a85, 0x39 },
    { 0x3a86, 0xc9 },
    { 0x3a87, 0xcf },
    { 0x3a88, 0xa9 },
    { 0x3a89, 0xf2 },
    { 0x3a8a, 0x3d },
    { 0x3a8b, 0x05 },
    { 0x3a8c, 0x74 },
    { 0x3a8d, 0xa0 },
    { 0x3a8e, 0xb6 },
    { 0x3a8f, 0xb5 },
    { 0x3a90, 0xa4 },
    { 0x3a91, 0xd7 },
    { 0x3a92, 0xfd },
    { 0x3a93, 0x52 },
    { 0x3a94, 0xfc },
    { 0x3a95, 0xe2 },
    { 0x3a96, 0xe3 },
    { 0x3a97, 0x2f },
    { 0x3a98, 0x4b },
    { 0x3a99, 0xf2 },
    { 0x3a9a, 0x8c },
    { 0x3a9b, 0xfc },
    { 0x3a9c, 0x2a },
    { 0x3a9d, 0x8f },
    { 0x3a9e, 0xf8 },
    { 0x3a9f, 0x3a },
    { 0x3aa0, 0x36 },
    { 0x3aa1, 0xd7 },
    { 0x3aa2, 0x70 },
    { 0x3aa3, 0xa0 },
    { 0x3aa4, 0xb0 },
    { 0x3aa5, 0xf4 },
    { 0x3aa6, 0xd3 },
    { 0x3aa7, 0x71 },
    { 0x3aa8, 0x40 },
    { 0x3aa9, 0x3f },
    { 0x3aaa, 0xe2 },
    { 0x3aab, 0xed },
    { 0x3aac, 0x31 },
    { 0x3aad, 0x39 },
    { 0x3aae, 0x12 },
    { 0x3aaf, 0xf8 },
    { 0x3ab0, 0x25 },
    { 0x3ab1, 0xb6 },
    { 0x3ab2, 0xe7 },
    { 0x3ab3, 0xdc },
    { 0x3ab4, 0x7d },
    { 0x3ab5, 0xb3 },
    { 0x3ab6, 0xaa },
    { 0x3ab7, 0xb8 },
    { 0x3ab8, 0x14 },
    { 0x3ab9, 0x57 },
    { 0x3aba, 0xd9 },
    { 0x3abb, 0xbb },
    { 0x3abc, 0xb0 },
    { 0x3abd, 0x55 },
    { 0x3abe, 0x99 },
    { 0x3abf, 0x67 },
    { 0x3ac0, 0x11 },
    { 0x3ac1, 0x9b },
    { 0x3ac2, 0x8a },
    { 0x3ac3, 0x2a },
    { 0x3ac4, 0x6a },
    { 0x3ac5, 0x8c },
    { 0x3ac6, 0x34 },
    { 0x3ac7, 0x9d },
    { 0x3ac8, 0x54 },
    { 0x3ac9, 0xd0 },
    { 0x3aca, 0xb3 },
    { 0x3acb, 0xe2 },
    { 0x3acc, 0x28 },
    { 0x3acd, 0x6f },
    { 0x3ace, 0x0f },
    { 0x3acf, 0x57 },
    { 0x3ad0, 0xef },
    { 0x3ad1, 0x82 },
    { 0x3ad2, 0x9b },
    { 0x3ad3, 0xf0 },
    { 0x3ad4, 0xcf },
    { 0x3ad5, 0x5e },
    { 0x3ad6, 0x3f },
    { 0x3ad7, 0x8b },
    { 0x3ad8, 0xc8 },
    { 0x3ad9, 0x53 },
    { 0x3ada, 0x71 },
    { 0x3adb, 0x82 },
    { 0x3adc, 0x68 },
    { 0x3add, 0x36 },
    { 0x3ade, 0x5a },
    { 0x3adf, 0x1a },
    { 0x3ae0, 0x9e },
    { 0x3ae1, 0xe7 },
    { 0x3ae2, 0xb1 },
    { 0x3ae3, 0x08 },
    { 0x3ae4, 0xee },
    { 0x3ae5, 0x80 },
    { 0x3ae6, 0x55 },
    { 0x3ae7, 0x26 },
    { 0x3ae8, 0x4d },
    { 0x3ae9, 0x7d },
    { 0x3aea, 0x11 },
    { 0x3aeb, 0x28 },
    { 0x3aec, 0x85 },
    { 0x3aed, 0x4f },
    { 0x3aee, 0xc5 },
    { 0x3aef, 0x85 },
    { 0x3af0, 0xfd },
    { 0x3af1, 0x19 },
    { 0x3af2, 0x23 },
    { 0x3af3, 0x24 },
    { 0x3af4, 0xfb },
    { 0x3af5, 0x48 },
    { 0x3af6, 0x6c },
    { 0x3af7, 0x8b },
    { 0x3af8, 0x97 },
    { 0x3af9, 0x77 },
    { 0x3afa, 0xde },
    { 0x3afb, 0xb8 },
    { 0x3afc, 0xcd },
    { 0x3afd, 0x7d },
    { 0x3afe, 0x5a },
    { 0x3aff, 0x74 },
    { 0x3b00, 0xe2 },
    { 0x3b01, 0x3c },
    { 0x3b02, 0xb1 },
    { 0x3b03, 0x0b },
    { 0x3b04, 0x85 },
    { 0x3b05, 0xa7 },
    { 0x3b06, 0x87 },
    { 0x3b07, 0x93 },
    { 0x3b08, 0xbe },
    { 0x3b09, 0x20 },
    { 0x3b0a, 0xd5 },
    { 0x3b0b, 0x41 },
    { 0x3b0c, 0x1e },
    { 0x3b0d, 0x3f },
    { 0x3b0e, 0xca },
    { 0x3b0f, 0xdb },
    { 0x3b10, 0xdf },
    { 0x3b11, 0x0f },
    { 0x3b12, 0xa8 },
    { 0x3b13, 0xe3 },
    { 0x3b14, 0xe9 },
    { 0x3b15, 0xb6 },
    { 0x3b16, 0xea },
    { 0x3b17, 0x92 },
    { 0x3b18, 0x6c },
    { 0x3b19, 0x7a },
    { 0x3b1a, 0x59 },
    { 0x3b1b, 0x48 },
    { 0x3b1c, 0xd7 },
    { 0x3b1d, 0x70 },
    { 0x3b1e, 0xd2 },
    { 0x3b1f, 0x2c },
    { 0x3b20, 0x9d },
    { 0x3b21, 0x22 },
    { 0x3b22, 0x17 },
    { 0x3b23, 0x9d },
    { 0x3b24, 0x54 },
    { 0x3b25, 0x91 },
    { 0x3b26, 0x2f },
    { 0x3b27, 0xb2 },
    { 0x3b28, 0xbc },
    { 0x3b29, 0x44 },
    { 0x3b2a, 0x49 },
    { 0x3b2b, 0xfa },
    { 0x3b2c, 0x14 },
    { 0x3b2d, 0x3b },
    { 0x3b2e, 0x11 },
    { 0x3b2f, 0x5e },
    { 0x3b30, 0xab },
    { 0x3b31, 0xfd },
    { 0x3b32, 0xed },
    { 0x3b33, 0x58 },
    { 0x3b34, 0xc6 },
    { 0x3b35, 0x8d },
    { 0x3b36, 0x67 },
    { 0x3b37, 0xe4 },
    { 0x3b38, 0x54 },
    { 0x3b39, 0x41 },
    { 0x3b3a, 0x1d },
    { 0x3b3b, 0xe3 },
    { 0x3b3c, 0xac },
    { 0x3b3d, 0x0d },
    { 0x3b3e, 0xad },
    { 0x3b3f, 0x13 },
    { 0x3b40, 0xc3 },
    { 0x3b41, 0xff },
    { 0x3b42, 0x8b },
    { 0x3b43, 0x6f },
    { 0x3b44, 0xc9 },
    { 0x3b45, 0xa4 },
    { 0x3b46, 0x28 },
    { 0x3b47, 0x46 },
    { 0x3b48, 0x4d },
    { 0x3b49, 0x68 },
    { 0x3b4a, 0x77 },
    { 0x3b4b, 0xdf },
    { 0x3b4c, 0x56 },
    { 0x3b4d, 0x05 },
    { 0x3b4e, 0x3d },
    { 0x3b4f, 0x36 },
    { 0x3b50, 0x9a },
    { 0x3b51, 0xb2 },
    { 0x3b52, 0x83 },
    { 0x3b53, 0x40 },
    { 0x3b54, 0xd7 },
    { 0x3b55, 0x29 },
    { 0x3b56, 0xe4 },
    { 0x3b57, 0xfb },
    { 0x3b58, 0x9b },
    { 0x3b59, 0x34 },
    { 0x3b5a, 0x1e },
    { 0x3b5b, 0x8b },
    { 0x3b5c, 0x52 },
    { 0x3b5d, 0xbc },
    { 0x3b5e, 0xdf },
    { 0x3b5f, 0xf0 },
    { 0x3b60, 0x88 },
    { 0x3b61, 0x45 },
    { 0x3b62, 0x2c },
    { 0x3b63, 0x14 },
    { 0x3b64, 0x61 },
    { 0x3b65, 0x14 },
    { 0x3b66, 0xa8 },
    { 0x3b67, 0xca },
    { 0x3b68, 0x84 },
    { 0x3b69, 0x50 },
    { 0x3b6a, 0xd7 },
    { 0x3b6b, 0x9d },
    { 0x3b6c, 0x46 },
    { 0x3b6d, 0xb5 },
    { 0x3b6e, 0x0c },
    { 0x3b6f, 0x17 },
    { 0x3b70, 0x75 },
    { 0x3b71, 0xb0 },
    { 0x3b72, 0x13 },
    { 0x3b73, 0x8f },
    { 0x3b74, 0x8a },
    { 0x3b75, 0x3e },
    { 0x3b76, 0x79 },
    { 0x3b77, 0x96 },
    { 0x3b78, 0x73 },
    { 0x3b79, 0x6e },
    { 0x3b7a, 0x45 },
    { 0x3b7b, 0x48 },
    { 0x3b7c, 0x21 },
    { 0x3b7d, 0x7b },
    { 0x3b7e, 0x71 },
    { 0x3b7f, 0xe3 },
    { 0x3b80, 0xdb },
    { 0x3b81, 0xe4 },
    { 0x3b82, 0x9e },
    { 0x3b83, 0x2b },
    { 0x3b84, 0xdd },
    { 0x3b85, 0x42 },
    { 0x3b86, 0x16 },
    { 0x3b87, 0xc0 },
    { 0x3b88, 0xf8 },
    { 0x3b89, 0xe5 },
    { 0x3b8a, 0x2f },
    { 0x3b8b, 0x9e },
    { 0x3b8c, 0xa8 },
    { 0x3b8d, 0x6a },
    { 0x3b8e, 0x36 },
    { 0x3b8f, 0xfb },
    { 0x3b90, 0x33 },
    { 0x3b91, 0x1e },
    { 0x3b92, 0xc0 },
    { 0x3b93, 0x95 },
    { 0x3b94, 0x30 },
    { 0x3b95, 0xf2 },
    { 0x3b96, 0x25 },
    { 0x3b97, 0xbc },
    { 0x3b98, 0x69 },
    { 0x3b99, 0xa7 },
    { 0x3b9a, 0x29 },
    { 0x3b9b, 0xdc },
    { 0x3b9c, 0xbf },
    { 0x3b9d, 0xc6 },
    { 0x3b9e, 0xd9 },
    { 0x3b9f, 0xd5 },
    { 0x3ba0, 0xeb },
    { 0x3ba1, 0x6c },
    { 0x3ba2, 0x26 },
    { 0x3ba3, 0x4a },
    { 0x3ba4, 0x44 },
    { 0x3ba5, 0xe4 },
    { 0x3ba6, 0x52 },
    { 0x3ba7, 0xf6 },
    { 0x3ba8, 0xa9 },
    { 0x3ba9, 0xcc },
    { 0x3baa, 0xf5 },
    { 0x3bab, 0x53 },
    { 0x3bac, 0x51 },
    { 0x3bad, 0xb8 },
    { 0x3bae, 0xfe },
    { 0x3baf, 0xed },
    { 0x3bb0, 0x01 },
    { 0x3bb1, 0x93 },
    { 0x3bb2, 0x56 },
    { 0x3bb3, 0x22 },
    { 0x3bb4, 0xfa },
    { 0x3bb5, 0xd7 },
    { 0x3bb6, 0x3f },
    { 0x3bb7, 0x15 },
    { 0x3bb8, 0x74 },
    { 0x3bb9, 0x46 },
    { 0x3bba, 0xfc },
    { 0x3bbb, 0x20 },
    { 0x3bbc, 0xa9 },
    { 0x3bbd, 0xda },
    { 0x3bbe, 0xdf },
    { 0x3bbf, 0x3b },
    { 0x3bc0, 0xf1 },
    { 0x3bc1, 0xf4 },
    { 0x3bc2, 0x92 },
    { 0x3bc3, 0xfa },
    { 0x3bc4, 0x8d },
    { 0x3bc5, 0x4b },
    { 0x3bc6, 0x4e },
    { 0x3bc7, 0x2c },
    { 0x3bc8, 0xef },
    { 0x3bc9, 0xd0 },
    { 0x3bca, 0x33 },
    { 0x3bcb, 0xe6 },
    { 0x3bcc, 0xd2 },
    { 0x3bcd, 0x0c },
    { 0x3bce, 0x83 },
    { 0x3bcf, 0x52 },
    { 0x3bd0, 0xd1 },
    { 0x3bd1, 0x30 },
    { 0x3bd2, 0x14 },
    { 0x3bd3, 0x9d },
    { 0x3bd4, 0xb0 },
    { 0x3bd5, 0x2b },
    { 0x3bd6, 0x50 },
    { 0x3bd7, 0x79 },
    { 0x3bd8, 0xea },
    { 0x3bd9, 0xa2 },
    { 0x3bda, 0xe8 },
    { 0x3bdb, 0xca },
    { 0x3bdc, 0xa2 },
    { 0x3bdd, 0x56 },
    { 0x3bde, 0x98 },
    { 0x3bdf, 0xe4 },
    { 0x3be0, 0xa6 },
    { 0x3be1, 0x7a },
    { 0x3be2, 0x0b },
    { 0x3be3, 0x4a },
    { 0x3be4, 0x2d },
    { 0x3be5, 0x95 },
    { 0x3be6, 0xc4 },
    { 0x3be7, 0x94 },
    { 0x3be8, 0xec },
    { 0x3be9, 0x43 },
    { 0x3bea, 0x14 },
    { 0x3beb, 0x4f },
    { 0x3bec, 0xe6 },
    { 0x3bed, 0x25 },
    { 0x3bee, 0x70 },
    { 0x3bef, 0x95 },
    { 0x3bf0, 0x5a },
    { 0x3bf1, 0xa5 },
    { 0x3bf2, 0x35 },
    { 0x3bf3, 0x1a },
    { 0x3bf4, 0xe5 },
    { 0x3bf5, 0xeb },
    { 0x3bf6, 0x8c },
    { 0x3bf7, 0xbc },
    { 0x3bf8, 0x96 },
    { 0x3bf9, 0x8e },
    { 0x3bfa, 0x1c },
    { 0x3bfb, 0xb8 },
    { 0x3bfc, 0xee },
    { 0x3bfd, 0x09 },
    { 0x3bfe, 0x85 },
    { 0x3bff, 0x33 },
    { 0x3c00, 0x19 },
    { 0x3c01, 0x1d },
    { 0x3c02, 0x9b },
    { 0x3c03, 0xf8 },
    { 0x3c04, 0xa3 },
    { 0x3c05, 0x8d },
    { 0x3c06, 0x77 },
    { 0x3c07, 0x62 },
    { 0x3c08, 0xb6 },
    { 0x3c09, 0xfc },
    { 0x3c0a, 0xf0 },
    { 0x3c0b, 0xc6 },
    { 0x3c0c, 0xd4 },
    { 0x3c0d, 0x3c },
    { 0x3c0e, 0xb6 },
    { 0x3c0f, 0xb2 },
    { 0x3c10, 0xfc },
    { 0x3c11, 0xbf },
    { 0x3c12, 0x00 },
    { 0x3c13, 0xad },
    { 0x3c14, 0x0e },
    { 0x3c15, 0x9c },
    { 0x3c16, 0x13 },
    { 0x3c17, 0x0b },
    { 0x3c18, 0xdf },
    { 0x3c19, 0x12 },
    { 0x3c1a, 0xe5 },
    { 0x3c1b, 0x6e },
    { 0x3c1c, 0x78 },
    { 0x3c1d, 0x6e },
    { 0x3c1e, 0xf1 },
    { 0x3c1f, 0x2d },
    { 0x3c20, 0x90 },
    { 0x3c21, 0xc9 },
    { 0x3c22, 0x2f },
    { 0x3c23, 0x2b },
    { 0x3c24, 0xfd },
    { 0x3c25, 0xd9 },
    { 0x3c26, 0x84 },
    { 0x3c27, 0x6d },
    { 0x3c28, 0x91 },
    { 0x3c29, 0x40 },
    { 0x3c2a, 0x88 },
    { 0x3c2b, 0x43 },
    { 0x3c2c, 0x7c },
    { 0x3c2d, 0x5e },
    { 0x3c2e, 0xdf },
    { 0x3c2f, 0xda },
    { 0x3c30, 0xee },
    { 0x3c31, 0x8d },
    { 0x3c32, 0xf0 },
    { 0x3c33, 0xea },
    { 0x3c34, 0x97 },
    { 0x3c35, 0x36 },
    { 0x3c36, 0xf8 },
    { 0x3c37, 0x65 },
    { 0x3c38, 0x1c },
    { 0x3c39, 0x81 },
    { 0x3c3a, 0xe1 },
    { 0x3c3b, 0xae },
    { 0x3c3c, 0xa0 },
    { 0x3c3d, 0x2c },
    { 0x3c3e, 0x20 },
    { 0x3c3f, 0x99 },
    { 0x3c40, 0x1c },
    { 0x3c41, 0xcb },
    { 0x3c42, 0x8c },
    { 0x3c43, 0xb3 },
    { 0x3c44, 0x52 },
    { 0x3c45, 0x0e },
    { 0x3c46, 0x83 },
    { 0x3c47, 0xf8 },
    { 0x3c48, 0xa8 },
    { 0x3c49, 0xe6 },
    { 0x3c4a, 0xa3 },
    { 0x3c4b, 0x7e },
    { 0x3c4c, 0xe7 },
    { 0x3c4d, 0xc3 },
    { 0x3c4e, 0x20 },
    { 0x3c4f, 0x59 },
    { 0x3c50, 0x91 },
    { 0x3c51, 0x13 },
    { 0x3c52, 0x96 },
    { 0x3c53, 0x6c },
    { 0x3c54, 0x91 },
    { 0x3c55, 0x18 },
    { 0x3c56, 0xed },
    { 0x3c57, 0x30 },
    { 0x3c58, 0xf3 },
    { 0x3c59, 0x9b },
    { 0x3c5a, 0x3d },
    { 0x3c5b, 0x39 },
    { 0x3c5c, 0xba },
    { 0x3c5d, 0x72 },
    { 0x3c5e, 0xa0 },
    { 0x3c5f, 0xc1 },
    { 0x3c60, 0x5f },
    { 0x3c61, 0xff },
    { 0x3c62, 0xad },
    { 0x3c63, 0xba },
    { 0x3c64, 0xa3 },
    { 0x3c65, 0xf4 },
    { 0x3c66, 0xf3 },
    { 0x3c67, 0x71 },
    { 0x3c68, 0xb3 },
    { 0x3c69, 0xe3 },
    { 0x3c6a, 0x5e },
    { 0x3c6b, 0x82 },
    { 0x3c6c, 0x5a },
    { 0x3c6d, 0x7a },
    { 0x3c6e, 0x2d },
    { 0x3c6f, 0x1b },
    { 0x3c70, 0x11 },
    { 0x3c71, 0xa5 },
    { 0x3c72, 0xf2 },
    { 0x3c73, 0xb1 },
    { 0x3c74, 0x8a },
    { 0x3c75, 0x46 },
    { 0x3c76, 0x0b },
    { 0x3c77, 0x73 },
    { 0x3c78, 0x35 },
    { 0x3c79, 0x41 },
    { 0x3c7a, 0xa6 },
    { 0x3c7b, 0x2c },
    { 0x3c7c, 0xb7 },
    { 0x3c7d, 0xa7 },
    { 0x3c7e, 0xf9 },
    { 0x3c7f, 0x68 },
    { 0x3c80, 0xed },
    { 0x3c81, 0xde },
    { 0x3c82, 0xb7 },
    { 0x3c83, 0x69 },
    { 0x3c84, 0xf1 },
    { 0x3c85, 0x75 },
    { 0x3c86, 0xae },
    { 0x3c87, 0x86 },
    { 0x3c88, 0x7d },
    { 0x3c89, 0xd0 },
    { 0x3c8a, 0xeb },
    { 0x3c8b, 0xb4 },
    { 0x3c8c, 0x83 },
    { 0x3c8d, 0x7a },
    { 0x3c8e, 0xc6 },
    { 0x3c8f, 0x69 },
    { 0x3c90, 0x33 },
    { 0x3c91, 0x56 },
    { 0x3c92, 0xa4 },
    { 0x3c93, 0xbd },
    { 0x3c94, 0x5a },
    { 0x3c95, 0x3a },
    { 0x3c96, 0x26 },
    { 0x3c97, 0x81 },
    { 0x3c98, 0x48 },
    { 0x3c99, 0x5d },
    { 0x3c9a, 0x29 },
    { 0x3c9b, 0x26 },
    { 0x3c9c, 0x59 },
    { 0x3c9d, 0xa9 },
    { 0x3c9e, 0x7e },
    { 0x3c9f, 0x62 },
    { 0x3ca0, 0xbe },
    { 0x3ca1, 0xfe },
    { 0x3ca2, 0x53 },
    { 0x3ca3, 0x7e },
    { 0x3ca4, 0x30 },
    { 0x3ca5, 0xa8 },
    { 0x3ca6, 0xfe },
    { 0x3ca7, 0xb7 },
    { 0x3ca8, 0xe6 },
    { 0x3ca9, 0xbc },
    { 0x3caa, 0x3d },
    { 0x3cab, 0x35 },
    { 0x3cac, 0xf8 },
    { 0x3cad, 0x9c },
    { 0x3cae, 0x23 },
    { 0x3caf, 0xfd },
    { 0x3cb0, 0x2c },
    { 0x3cb1, 0x99 },
    { 0x3cb2, 0x24 },
    { 0x3cb3, 0xc4 },
    { 0x3cb4, 0xbb },
    { 0x3cb5, 0x77 },
    { 0x3cb6, 0xca },
    { 0x3cb7, 0x6f },
    { 0x3cb8, 0x9d },
    { 0x3cb9, 0x66 },
    { 0x3cba, 0x80 },
    { 0x3cbb, 0xd7 },
    { 0x3cbc, 0xd8 },
    { 0x3cbd, 0x20 },
    { 0x3cbe, 0x53 },
    { 0x3cbf, 0x30 },
    { 0x3cc0, 0xad },
    { 0x3cc1, 0x06 },
    { 0x3cc2, 0xd3 },
    { 0x3cc3, 0xbd },
    { 0x3cc4, 0x70 },
    { 0x3cc5, 0x01 },
    { 0x3cc6, 0xb1 },
    { 0x3cc7, 0x3f },
    { 0x3cc8, 0x17 },
    { 0x3cc9, 0x0a },
    { 0x3cca, 0x63 },
    { 0x3ccb, 0xdf },
    { 0x3ccc, 0x18 },
    { 0x3ccd, 0x94 },
    { 0x3cce, 0x53 },
    { 0x3ccf, 0x5e },
    { 0x3cd0, 0xe2 },
    { 0x3cd1, 0xd2 },
    { 0x3cd2, 0xdb },
    { 0x3cd3, 0x3b },
    { 0x3cd4, 0x7f },
    { 0x3cd5, 0x2c },
    { 0x3cd6, 0x19 },
    { 0x3cd7, 0x5e },
    { 0x3cd8, 0xff },
    { 0x3cd9, 0xa3 },
    { 0x3cda, 0x53 },
    { 0x3cdb, 0x44 },
    { 0x3cdc, 0x85 },
    { 0x3cdd, 0x61 },
    { 0x3cde, 0x4c },
    { 0x3cdf, 0xcb },
    { 0x3ce0, 0xe8 },
    { 0x3ce1, 0xc8 },
    { 0x3ce2, 0xdc },
    { 0x3ce3, 0xfa },
    { 0x3ce4, 0xcc },
    { 0x3ce5, 0x24 },
    { 0x3ce6, 0x6f },
    { 0x3ce7, 0xd4 },
    { 0x3ce8, 0xe2 },
    { 0x3ce9, 0x49 },
    { 0x3cea, 0x17 },
    { 0x3ceb, 0xa7 },
    { 0x3cec, 0xae },
    { 0x3ced, 0x76 },
    { 0x3cee, 0xe3 },
    { 0x3cef, 0xbf },
    { 0x3cf0, 0x67 },
    { 0x3cf1, 0x43 },
    { 0x3cf2, 0x3a },
    { 0x3cf3, 0x20 },
    { 0x3cf4, 0x71 },
    { 0x3cf5, 0x17 },
    { 0x3cf6, 0x33 },
    { 0x3cf7, 0xb9 },
    { 0x3cf8, 0x1f },
    { 0x3cf9, 0xa2 },
    { 0x3cfa, 0x28 },
    { 0x3cfb, 0x56 },
    { 0x3cfc, 0x53 },
    { 0x3cfd, 0x55 },
    { 0x3cfe, 0x40 },
    { 0x3cff, 0x47 },
    { 0x3d00, 0xe6 },
    { 0x3d01, 0xc5 },
    { 0x3d02, 0xeb },
    { 0x3d03, 0x54 },
    { 0x3d04, 0x39 },
    { 0x3d05, 0x61 },
    { 0x3d06, 0x1d },
    { 0x3d07, 0x78 },
    { 0x3d08, 0x28 },
    { 0x3d09, 0x36 },
    { 0x3d0a, 0xea },
    { 0x3d0b, 0xe3 },
    { 0x3d0c, 0xc0 },
    { 0x3d0d, 0x4e },
    { 0x3d0e, 0xe2 },
    { 0x3d0f, 0xf8 },
    { 0x3d10, 0xcf },
    { 0x3d11, 0x24 },
    { 0x3d12, 0xb9 },
    { 0x3d13, 0x76 },
    { 0x3d14, 0x61 },
    { 0x3d15, 0x8d },
    { 0x3d16, 0xce },
    { 0x3d17, 0xa8 },
    { 0x3d18, 0x21 },
    { 0x3d19, 0x60 },
    { 0x3d1a, 0x38 },
    { 0x3d1b, 0x59 },
    { 0x3d1c, 0xb0 },
    { 0x3d1d, 0xcd },
    { 0x3d1e, 0x2e },
    { 0x3d1f, 0x76 },
    { 0x3d20, 0xfb },
    { 0x3d21, 0xfb },
    { 0x3d22, 0x90 },
    { 0x3d23, 0xdb },
    { 0x3d24, 0xd7 },
    { 0x3d25, 0x9f },
    { 0x3d26, 0x34 },
    { 0x3d27, 0x84 },
    { 0x3d28, 0x1d },
    { 0x3d29, 0x91 },
    { 0x3d2a, 0xa6 },
    { 0x3d2b, 0xa6 },
    { 0x3d2c, 0x1a },
    { 0x3d2d, 0x6a },
    { 0x3d2e, 0x71 },
    { 0x3d2f, 0x61 },
    { 0x3d30, 0x4a },
    { 0x3d31, 0x44 },
    { 0x3d32, 0x19 },
    { 0x3d33, 0x7d },
    { 0x3d34, 0x41 },
    { 0x3d35, 0xd2 },
    { 0x3d36, 0x38 },
    { 0x3d37, 0xd8 },
    { 0x3d38, 0x23 },
    { 0x3d39, 0x2b },
    { 0x3d3a, 0x03 },
    { 0x3d3b, 0x4d },
    { 0x3d3c, 0x97 },
    { 0x3d3d, 0x4e },
    { 0x3d3e, 0x88 },
    { 0x3d3f, 0x7e },
    { 0x3d40, 0xc9 },
    { 0x3d41, 0x78 },
    { 0x3d42, 0x46 },
    { 0x3d43, 0xc9 },
    { 0x3d44, 0x01 },
    { 0x3d45, 0xbb },
    { 0x3d46, 0xbd },
    { 0x3d47, 0x57 },
    { 0x3d48, 0xa4 },
    { 0x3d49, 0x8c },
    { 0x3d4a, 0x34 },
    { 0x3d4b, 0x99 },
    { 0x3d4c, 0x02 },
    { 0x3d4d, 0x25 },
    { 0x3d4e, 0xde },
    { 0x3d4f, 0x5a },
    { 0x3d50, 0x3f },
    { 0x3d51, 0x08 },
    { 0x3d52, 0xfe },
    { 0x3d53, 0xf3 },
    { 0x3d54, 0x78 },
    { 0x3d55, 0x96 },
    { 0x3d56, 0x23 },
    { 0x3d57, 0x0e },
    { 0x3d58, 0xaa },
    { 0x3d59, 0xc1 },
    { 0x3d5a, 0x22 },
    { 0x3d5b, 0x6c },
    { 0x3d5c, 0x56 },
    { 0x3d5d, 0x1a },
    { 0x3d5e, 0x59 },
    { 0x3d5f, 0x75 },
    { 0x3d60, 0x14 },
    { 0x3d61, 0xc0 },
    { 0x3d62, 0x99 },
    { 0x3d63, 0xad },
    { 0x3d64, 0xe6 },
    { 0x3d65, 0x11 },
    { 0x3d66, 0x87 },
    { 0x3d67, 0x8b },
    { 0x3d68, 0xcd },
    { 0x3d69, 0xc9 },
    { 0x3d6a, 0xd6 },
    { 0x3d6b, 0xf9 },
    { 0x3d6c, 0xb0 },
    { 0x3d6d, 0xa9 },
    { 0x3d6e, 0x3b },
    { 0x3d6f, 0x24 },
    { 0x3d70, 0x02 },
    { 0x3d71, 0x0c },
    { 0x3d72, 0xcd },
    { 0x3d73, 0x26 },
    { 0x3d74, 0x5d },
    { 0x3d75, 0xc5 },
    { 0x3d76, 0x11 },
    { 0x3d77, 0xd9 },
    { 0x3d78, 0x0a },
    { 0x3d79, 0x9d },
    { 0x3d7a, 0xc5 },
    { 0x3d7b, 0xb5 },
    { 0x3d7c, 0xdc },
    { 0x3d7d, 0xac },
    { 0x3d7e, 0x6a },
    { 0x3d7f, 0xb3 },
    { 0x3d80, 0x67 },
    { 0x3d81, 0x98 },
    { 0x3d82, 0x99 },
    { 0x3d83, 0x5d },
    { 0x3d84, 0x18 },
    { 0x3d85, 0x75 },
    { 0x3d86, 0x1e },
    { 0x3d87, 0x97 },
    { 0x3d88, 0x26 },
    { 0x3d89, 0xd1 },
    { 0x3d8a, 0x59 },
    { 0x3d8b, 0xab },
    { 0x3d8c, 0x86 },
    { 0x3d8d, 0x0d },
    { 0x3d8e, 0x23 },
    { 0x3d8f, 0xaf },
    { 0x3d90, 0x4d },
    { 0x3d91, 0x0d },
    { 0x3d92, 0xae },
    { 0x3d93, 0x3a },
    { 0x3d94, 0xbf },
    { 0x3d95, 0x73 },
    { 0x3d96, 0x01 },
    { 0x3d97, 0x9f },
    { 0x3d98, 0xef },
    { 0x3d99, 0x8d },
    { 0x3d9a, 0xec },
    { 0x3d9b, 0x49 },
    { 0x3d9c, 0x40 },
    { 0x3d9d, 0x92 },
    { 0x3d9e, 0xd2 },
    { 0x3d9f, 0xe5 },
    { 0x3da0, 0xa3 },
    { 0x3da1, 0xaf },
    { 0x3da2, 0x3b },
    { 0x3da3, 0x99 },
    { 0x3da4, 0x2d },
    { 0x3da5, 0x25 },
    { 0x3da6, 0x6c },
    { 0x3da7, 0x14 },
    { 0x3da8, 0x27 },
    { 0x3da9, 0xc9 },
    { 0x3daa, 0xcb },
    { 0x3dab, 0xb2 },
    { 0x3dac, 0xee },
    { 0x3dad, 0x08 },
    { 0x3dae, 0xbd },
    { 0x3daf, 0xd2 },
    { 0x3db0, 0x69 },
    { 0x3db1, 0x1d },
    { 0x3db2, 0x8c },
    { 0x3db3, 0xa2 },
    { 0x3db4, 0x8a },
    { 0x3db5, 0x37 },
    { 0x3db6, 0xf4 },
    { 0x3db7, 0x80 },
    { 0x3db8, 0xce },
    { 0x3db9, 0xd7 },
    { 0x3dba, 0x92 },
    { 0x3dbb, 0x69 },
    { 0x3dbc, 0x26 },
    { 0x3dbd, 0xfd },
    { 0x3dbe, 0x64 },
    { 0x3dbf, 0x29 },
    { 0x3dc0, 0xfd },
    { 0x3dc1, 0x58 },
    { 0x3dc2, 0xba },
    { 0x3dc3, 0x7a },
    { 0x3dc4, 0x14 },
    { 0x3dc5, 0xe3 },
    { 0x3dc6, 0xc5 },
    { 0x3dc7, 0x71 },
    { 0x3dc8, 0xc1 },
    { 0x3dc9, 0xec },
    { 0x3dca, 0x6a },
    { 0x3dcb, 0x5d },
    { 0x3dcc, 0x29 },
    { 0x3dcd, 0xe1 },
    { 0x3dce, 0x0e },
    { 0x3dcf, 0xd8 },
    { 0x3dd0, 0xf0 },
    { 0x3dd1, 0x30 },
    { 0x3dd2, 0x1f },
    { 0x3dd3, 0xc4 },
    { 0x3dd4, 0xb1 },
    { 0x3dd5, 0xae },
    { 0x3dd6, 0x8c },
    { 0x3dd7, 0xfd },
    { 0x3dd8, 0xb4 },
    { 0x3dd9, 0x86 },
    { 0x3dda, 0x86 },
    { 0x3ddb, 0xba },
    { 0x3ddc, 0x85 },
    { 0x3ddd, 0x3f },
    { 0x3dde, 0xad },
    { 0x3ddf, 0x62 },
    { 0x3de0, 0x86 },
    { 0x3de1, 0x84 },
    { 0x3de2, 0xa0 },
    { 0x3de3, 0xa8 },
    { 0x3de4, 0xab },
    { 0x3de5, 0x9c },
    { 0x3de6, 0xfa },
    { 0x3de7, 0x22 },
    { 0x3de8, 0xd8 },
    { 0x3de9, 0xfd },
    { 0x3dea, 0x88 },
    { 0x3deb, 0x2a },
    { 0x3dec, 0xc6 },
    { 0x3ded, 0xaa },
    { 0x3dee, 0x9d },
    { 0x3def, 0xd7 },
    { 0x3df0, 0x07 },
    { 0x3df1, 0x34 },
    { 0x3df2, 0x54 },
    { 0x3df3, 0xa7 },
    { 0x3df4, 0x52 },
    { 0x3df5, 0xd1 },
    { 0x3df6, 0x7a },
    { 0x3df7, 0xec },
    { 0x3df8, 0xdf },
    { 0x3df9, 0x8e },
    { 0x3dfa, 0x1d },
    { 0x3dfb, 0x99 },
    { 0x3dfc, 0x4a },
    { 0x3dfd, 0x08 },
    { 0x3dfe, 0xca },
    { 0x3dff, 0x6e },
    { 0x3e00, 0x99 },
    { 0x3e01, 0x8c },
    { 0x3e02, 0xa8 },
    { 0x3e03, 0xa0 },
    { 0x3e04, 0x8e },
    { 0x3e05, 0x33 },
    { 0x3e06, 0x0f },
    { 0x3e07, 0x3b },
    { 0x3e08, 0x74 },
    { 0x3e09, 0x10 },
    { 0x3e0a, 0x93 },
    { 0x3e0b, 0x4c },
    { 0x3e0c, 0x21 },
    { 0x3e0d, 0x99 },
    { 0x3e0e, 0xca },
    { 0x3e0f, 0xc5 },
    { 0x3e10, 0x25 },
    { 0x3e11, 0x8e },
    { 0x3e12, 0x9f },
    { 0x3e13, 0xfa },
    { 0x3e14, 0xfb },
    { 0x3e15, 0x1e },
    { 0x3e16, 0xc7 },
    { 0x3e17, 0xb0 },
    { 0x3e18, 0x19 },
    { 0x3e19, 0x27 },
    { 0x3e1a, 0x78 },
    { 0x3e1b, 0x09 },
    { 0x3e1c, 0xbe },
    { 0x3e1d, 0x17 },
    { 0x3e1e, 0xb4 },
    { 0x3e1f, 0xde },
    { 0x3e20, 0x39 },
    { 0x3e21, 0x17 },
    { 0x3e22, 0x32 },
    { 0x3e23, 0x2d },
    { 0x3e24, 0x1f },
    { 0x3e25, 0x81 },
    { 0x3e26, 0x97 },
    { 0x3e27, 0x02 },
    { 0x3e28, 0x6d },
    { 0x3e29, 0xff },
    { 0x3e2a, 0xd7 },
    { 0x3e2b, 0x45 },
    { 0x3e2c, 0xbf },
    { 0x3e2d, 0x60 },
    { 0x3e2e, 0x6e },
    { 0x3e2f, 0xde },
    { 0x3e30, 0x31 },
    { 0x3e31, 0xf3 },
    { 0x3e32, 0x3b },
    { 0x3e33, 0xbb },
    { 0x3e34, 0x3d },
    { 0x3e35, 0x7c },
    { 0x3e36, 0x0e },
    { 0x3e37, 0x8c },
    { 0x3e38, 0x05 },
    { 0x3e39, 0x44 },
    { 0x3e3a, 0x54 },
    { 0x3e3b, 0x6d },
    { 0x3e3c, 0xee },
    { 0x3e3d, 0x69 },
    { 0x3e3e, 0x50 },
    { 0x3e3f, 0x3b },
    { 0x3e40, 0x50 },
    { 0x3e41, 0xf0 },
    { 0x3e42, 0x29 },
    { 0x3e43, 0x89 },
    { 0x3e44, 0x63 },
    { 0x3e45, 0xdf },
    { 0x3e46, 0x0a },
    { 0x3e47, 0x68 },
    { 0x3e48, 0xcf },
    { 0x3e49, 0x1b },
    { 0x3e4a, 0x29 },
    { 0x3e4b, 0x59 },
    { 0x3e4c, 0x9c },
    { 0x3e4d, 0x8b },
    { 0x3e4e, 0x11 },
    { 0x3e4f, 0xbc },
    { 0x3e50, 0x56 },
    { 0x3e51, 0xea },
    { 0x3e52, 0xa5 },
    { 0x3e53, 0x94 },
    { 0x3e54, 0xd9 },
    { 0x3e55, 0x26 },
    { 0x3e56, 0xce },
    { 0x3e57, 0x31 },
    { 0x3e58, 0x59 },
    { 0x3e59, 0x4d },
    { 0x3e5a, 0x91 },
    { 0x3e5b, 0x7d },
    { 0x3e5c, 0x3b },
    { 0x3e5d, 0x32 },
    { 0x3e5e, 0x7d },
    { 0x3e5f, 0xc9 },
    { 0x3e60, 0x0a },
    { 0x3e61, 0x8e },
    { 0x3e62, 0xb7 },
    { 0x3e63, 0x3e },
    { 0x3e64, 0x42 },
    { 0x3e65, 0xc8 },
    { 0x3e66, 0x9b },
    { 0x3e67, 0xd8 },
    { 0x3e68, 0xb7 },
    { 0x3e69, 0xd9 },
    { 0x3e6a, 0xee },
    { 0x3e6b, 0x53 },
    { 0x3e6c, 0xc9 },
    { 0x3e6d, 0x07 },
    { 0x3e6e, 0xf9 },
    { 0x3e6f, 0x01 },
    { 0x3e70, 0x8c },
    { 0x3e71, 0x17 },
    { 0x3e72, 0x6f },
    { 0x3e73, 0x5f },
    { 0x3e74, 0xed },
    { 0x3e75, 0x2c },
    { 0x3e76, 0x55 },
    { 0x3e77, 0xd7 },
    { 0x3e78, 0x3c },
    { 0x3e79, 0xa4 },
    { 0x3e7a, 0xc8 },
    { 0x3e7b, 0x13 },
    { 0x3e7c, 0x39 },
    { 0x3e7d, 0xcc },
    { 0x3e7e, 0x42 },
    { 0x3e7f, 0x7a },
    { 0x3e80, 0x73 },
    { 0x3e81, 0xfa },
    { 0x3e82, 0xe0 },
    { 0x3e83, 0xa4 },
    { 0x3e84, 0xf9 },
    { 0x3e85, 0xe6 },
    { 0x3e86, 0x0e },
    { 0x3e87, 0x92 },
    { 0x3e88, 0x06 },
    { 0x3e89, 0xf9 },
    { 0x3e8a, 0xba },
    { 0x3e8b, 0x9d },
    { 0x3e8c, 0xcf },
    { 0x3e8d, 0x02 },
    { 0x3e8e, 0x71 },
    { 0x3e8f, 0xb8 },
    { 0x3e90, 0x4f },
    { 0x3e91, 0xee },
    { 0x3e92, 0x3d },
    { 0x3e93, 0xa2 },
    { 0x3e94, 0xee },
    { 0x3e95, 0x88 },
    { 0x3e96, 0x23 },
    { 0x3e97, 0x96 },
    { 0x3e98, 0xbd },
    { 0x3e99, 0xd8 },
    { 0x3e9a, 0x6f },
    { 0x3e9b, 0x62 },
    { 0x3e9c, 0x98 },
    { 0x3e9d, 0x1d },
    { 0x3e9e, 0x37 },
    { 0x3e9f, 0x80 },
    { 0x3ea0, 0x0d },
    { 0x3ea1, 0xfc },
    { 0x3ea2, 0x31 },
    { 0x3ea3, 0xaf },
    { 0x3ea4, 0xd5 },
    { 0x3ea5, 0x48 },
    { 0x3ea6, 0xdf },
    { 0x3ea7, 0x2e },
    { 0x3ea8, 0xa4 },
    { 0x3ea9, 0xa9 },
    { 0x3eaa, 0x10 },
    { 0x3eab, 0x10 },
    { 0x3eac, 0x7f },
    { 0x3ead, 0xc9 },
    { 0x3eae, 0x0d },
    { 0x3eaf, 0x88 },
    { 0x3eb0, 0x29 },
    { 0x3eb1, 0x08 },
    { 0x3eb2, 0xae },
    { 0x3eb3, 0x0e },
    { 0x3eb4, 0xba },
    { 0x3eb5, 0x18 },
    { 0x3eb6, 0x67 },
    { 0x3eb7, 0x80 },
    { 0x3eb8, 0xe4 },
    { 0x3eb9, 0xa6 },
    { 0x3eba, 0x7c },
    { 0x3ebb, 0x7b },
    { 0x3ebc, 0xb9 },
    { 0x3ebd, 0xf8 },
    { 0x3ebe, 0xba },
    { 0x3ebf, 0x22 },
    { 0x3ec0, 0x6b },
    { 0x3ec1, 0xba },
    { 0x3ec2, 0xaf },
    { 0x3ec3, 0x10 },
    { 0x3ec4, 0x93 },
    { 0x3ec5, 0xac },
    { 0x3ec6, 0xcc },
    { 0x3ec7, 0x9e },
    { 0x3ec8, 0x52 },
    { 0x3ec9, 0x81 },
    { 0x3eca, 0xef },
    { 0x3ecb, 0xa2 },
    { 0x3ecc, 0xca },
    { 0x3ecd, 0x55 },
    { 0x3ece, 0x58 },
    { 0x3ecf, 0x4c },
    { 0x3ed0, 0xb4 },
    { 0x3ed1, 0xad },
    { 0x3ed2, 0x35 },
    { 0x3ed3, 0xa8 },
    { 0x3ed4, 0x2e },
    { 0x3ed5, 0x7c },
    { 0x3ed6, 0xa7 },
    { 0x3ed7, 0x3f },
    { 0x3ed8, 0x58 },
    { 0x3ed9, 0xb4 },
    { 0x3eda, 0x1e },
    { 0x3edb, 0x59 },
    { 0x3edc, 0x3d },
    { 0x3edd, 0xab },
    { 0x3ede, 0x24 },
    { 0x3edf, 0x65 },
    { 0x3ee0, 0xf3 },
    { 0x3ee1, 0x00 },
    { 0x3ee2, 0xb4 },
    { 0x3ee3, 0xcc },
    { 0x3ee4, 0xec },
    { 0x3ee5, 0x19 },
    { 0x3ee6, 0x91 },
    { 0x3ee7, 0xbd },
    { 0x3ee8, 0x37 },
    { 0x3ee9, 0xc1 },
    { 0x3eea, 0x6d },
    { 0x3eeb, 0xac },
    { 0x3eec, 0x0b },
    { 0x3eed, 0xba },
    { 0x3eee, 0x6c },
    { 0x3eef, 0x30 },
    { 0x3ef0, 0x98 },
    { 0x3ef1, 0xcc },
    { 0x3ef2, 0xb5 },
    { 0x3ef3, 0x2a },
    { 0x3ef4, 0x4c },
    { 0x3ef5, 0xcf },
    { 0x3ef6, 0x39 },
    { 0x3ef7, 0x4f },
    { 0x3ef8, 0xf2 },
    { 0x3ef9, 0xd8 },
    { 0x3efa, 0x34 },
    { 0x3efb, 0x87 },
    { 0x3efc, 0xb1 },
    { 0x3efd, 0x3c },
    { 0x3efe, 0x52 },
    { 0x3eff, 0x69 },
    { 0x3f00, 0xf9 },
    { 0x3f01, 0x60 },
    { 0x3f02, 0x82 },
    { 0x3f03, 0x9d },
    { 0x3f04, 0xfc },
    { 0x3f05, 0x54 },
    { 0x3f06, 0xec },
    { 0x3f07, 0x0d },
    { 0x3f08, 0x64 },
    { 0x3f09, 0x65 },
    { 0x3f0a, 0xe0 },
    { 0x3f0b, 0xc0 },
    { 0x3f0c, 0x6b },
    { 0x3f0d, 0x8d },
    { 0x3f0e, 0xc0 },
    { 0x3f0f, 0xcf },
    { 0x3f10, 0xda },
    { 0x3f11, 0x65 },
    { 0x3f12, 0x4c },
    { 0x3f13, 0x61 },
    { 0x3f14, 0x4c },
    { 0x3f15, 0x07 },
    { 0x3f16, 0x10 },
    { 0x3f17, 0xba },
    { 0x3f18, 0x3b },
    { 0x3f19, 0x99 },
    { 0x3f1a, 0xdb },
    { 0x3f1b, 0x84 },
    { 0x3f1c, 0x9e },
    { 0x3f1d, 0xc5 },
    { 0x3f1e, 0x6c },
    { 0x3f1f, 0xc3 },
    { 0x3f20, 0x6b },
    { 0x3f21, 0x5a },
    { 0x3f22, 0x18 },
    { 0x3f23, 0xa8 },
    { 0x3f24, 0x8e },
    { 0x3f25, 0xee },
    { 0x3f26, 0xe6 },
    { 0x3f27, 0x0b },
    { 0x3f28, 0xce },
    { 0x3f29, 0xf9 },
    { 0x3f2a, 0x56 },
    { 0x3f2b, 0x53 },
    { 0x3f2c, 0xf0 },
    { 0x3f2d, 0x9f },
    { 0x3f2e, 0xa5 },
    { 0x3f2f, 0x78 },
    { 0x3f30, 0x20 },
    { 0x3f31, 0x01 },
    { 0x3f32, 0xbc },
    { 0x3f33, 0xf0 },
    { 0x3f34, 0x34 },
    { 0x3f35, 0x2c },
    { 0x3f36, 0x33 },
    { 0x3f37, 0xce },
    { 0x3f38, 0xa3 },
    { 0x3f39, 0xca },
    { 0x3f3a, 0xd4 },
    { 0x3f3b, 0xbf },
    { 0x3f3c, 0x34 },
    { 0x3f3d, 0xfd },
    { 0x3f3e, 0x09 },
    { 0x3f3f, 0x24 },
    { 0x3f40, 0x90 },
    { 0x3f41, 0x4c },
    { 0x3f42, 0x42 },
    { 0x3f43, 0xb7 },
    { 0x3f44, 0xb0 },
    { 0x3f45, 0x91 },
    { 0x3f46, 0xa7 },
    { 0x3f47, 0xf5 },
    { 0x3f48, 0x69 },
    { 0x3f49, 0xe2 },
    { 0x3f4a, 0xb7 },
    { 0x3f4b, 0x01 },
    { 0x3f4c, 0x94 },
    { 0x3f4d, 0x81 },
    { 0x3f4e, 0xf6 },
    { 0x3f4f, 0x85 },
    { 0x3f50, 0xa7 },
    { 0x3f51, 0xde },
    { 0x3f52, 0xc0 },
    { 0x3f53, 0xcd },
    { 0x3f54, 0x7d },
    { 0x3f55, 0xae },
    { 0x3f56, 0x28 },
    { 0x3f57, 0x16 },
    { 0x3f58, 0x78 },
    { 0x3f59, 0x44 },
    { 0x3f5a, 0x2b },
    { 0x3f5b, 0x9f },
    { 0x3f5c, 0x73 },
    { 0x3f5d, 0xb5 },
    { 0x3f5e, 0x4a },
    { 0x3f5f, 0x87 },
    { 0x3f60, 0xd9 },
    { 0x3f61, 0xb1 },
    { 0x3f62, 0x18 },
    { 0x3f63, 0x75 },
    { 0x3f64, 0x44 },
    { 0x3f65, 0x6e },
    { 0x3f66, 0x08 },
    { 0x3f67, 0x1a },
    { 0x3f68, 0x82 },
    { 0x3f69, 0xf2 },
    { 0x3f6a, 0xb0 },
    { 0x3f6b, 0x2d },
    { 0x3f6c, 0x3a },
    { 0x3f6d, 0x2f },
    { 0x3f6e, 0xa5 },
    { 0x3f6f, 0x4a },
    { 0x3f70, 0x26 },
    { 0x3f71, 0x63 },
    { 0x3f72, 0x54 },
    { 0x3f73, 0xbe },
    { 0x3f74, 0x64 },
    { 0x3f75, 0xf6 },
    { 0x3f76, 0x23 },
    { 0x3f77, 0xa3 },
    { 0x3f78, 0xa6 },
    { 0x3f79, 0xcb },
    { 0x3f7a, 0x3f },
    { 0x3f7b, 0x9d },
    { 0x3f7c, 0x7d },
    { 0x3f7d, 0x14 },
    { 0x3f7e, 0x9e },
    { 0x3f7f, 0x26 },
    { 0x3f80, 0x94 },
    { 0x3f81, 0x40 },
    { 0x3f82, 0x69 },
    { 0x3f83, 0xdd },
    { 0x3f84, 0xad },
    { 0x3f85, 0xfb },
    { 0x3f86, 0xcf },
    { 0x3f87, 0xa2 },
    { 0x3f88, 0xb3 },
    { 0x3f89, 0x84 },
    { 0x3f8a, 0xf4 },
    { 0x3f8b, 0x1c },
    { 0x3f8c, 0x4d },
    { 0x3f8d, 0x7e },
    { 0x3f8e, 0xdc },
    { 0x3f8f, 0xa4 },
    { 0x3f90, 0x6a },
    { 0x3f91, 0xd2 },
    { 0x3f92, 0x4d },
    { 0x3f93, 0xff },
    { 0x3f94, 0x61 },
    { 0x3f95, 0xe7 },
    { 0x3f96, 0x1a },
    { 0x3f97, 0x0d },
    { 0x3f98, 0x0c },
    { 0x3f99, 0x01 },
    { 0x3f9a, 0xe1 },
    { 0x3f9b, 0xc4 },
    { 0x3f9c, 0x49 },
    { 0x3f9d, 0x39 },
    { 0x3f9e, 0x69 },
    { 0x3f9f, 0x65 },
    { 0x3fa0, 0x34 },
    { 0x3fa1, 0x97 },
    { 0x3fa2, 0x23 },
    { 0x3fa3, 0xfb },
    { 0x3fa4, 0xb8 },
    { 0x3fa5, 0xa4 },
    { 0x3fa6, 0xa8 },
    { 0x3fa7, 0xa2 },
    { 0x3fa8, 0xcc },
    { 0x3fa9, 0xf4 },
    { 0x3faa, 0x0f },
    { 0x3fab, 0x8e },
    { 0x3fac, 0x02 },
    { 0x3fad, 0x9f },
    { 0x3fae, 0x57 },
    { 0x3faf, 0x08 },
    { 0x3fb0, 0x2d },
    { 0x3fb1, 0x1e },
    { 0x3fb2, 0x2e },
    { 0x3fb3, 0xac },
    { 0x3fb4, 0x39 },
    { 0x3fb5, 0x13 },
    { 0x3fb6, 0xef },
    { 0x3fb7, 0x5f },
    { 0x3fb8, 0x14 },
    { 0x3fb9, 0x1d },
    { 0x3fba, 0x37 },
    { 0x3fbb, 0x6d },
    { 0x3fbc, 0x9c },
    { 0x3fbd, 0xc5 },
    { 0x3fbe, 0xf6 },
    { 0x3fbf, 0xc5 },
    { 0x3fc0, 0x47 },
    { 0x3fc1, 0xce },
    { 0x3fc2, 0x98 },
    { 0x3fc3, 0x8c },
    { 0x3fc4, 0x2c },
    { 0x3fc5, 0x82 },
    { 0x3fc6, 0xaf },
    { 0x3fc7, 0x77 },
    { 0x3fc8, 0x09 },
    { 0x3fc9, 0x73 },
    { 0x3fca, 0x37 },
    { 0x3fcb, 0x36 },
    { 0x3fcc, 0x8c },
    { 0x3fcd, 0xc2 },
    { 0x3fce, 0x78 },
    { 0x3fcf, 0x26 },
    { 0x3fd0, 0xbd },
    { 0x3fd1, 0x3c },
    { 0x3fd2, 0xe1 },
    { 0x3fd3, 0x48 },
    { 0x3fd4, 0x0e },
    { 0x3fd5, 0x03 },
    { 0x3fd6, 0x03 },
    { 0x3fd7, 0x01 },
    { 0x3fd8, 0x92 },
    { 0x3fd9, 0x2f },
    { 0x3fda, 0x04 },
    { 0x3fdb, 0x57 },
    { 0x3fdc, 0x1d },
    { 0x3fdd, 0xb6 },
    { 0x3fde, 0x0c },
    { 0x3fdf, 0xd6 },
    { 0x3fe0, 0xa5 },
    { 0x3fe1, 0x67 },
    { 0x3fe2, 0x73 },
    { 0x3fe3, 0x54 },
    { 0x3fe4, 0xb1 },
    { 0x3fe5, 0xc2 },
    { 0x3fe6, 0xf8 },
    { 0x3fe7, 0x53 },
    { 0x3fe8, 0x22 },
    { 0x3fe9, 0x1e },
    { 0x3fea, 0x86 },
    { 0x3feb, 0x34 },
    { 0x3fec, 0xde },
    { 0x3fed, 0x69 },
    { 0x3fee, 0x63 },
    { 0x3fef, 0x3b },
    { 0x3ff0, 0xe6 },
    { 0x3ff1, 0xfb },
    { 0x3ff2, 0x13 },
    { 0x3ff3, 0xcc },
    { 0x3ff4, 0x05 },
    { 0x3ff5, 0xd8 },
    { 0x3ff6, 0x40 },
    { 0x3ff7, 0x17 },
    { 0x3ff8, 0x39 },
    { 0x3ff9, 0x82 },
    { 0x3ffa, 0x7a },
    { 0x3ffb, 0xc7 },
    { 0x3ffc, 0x37 },
    { 0x3ffd, 0x74 },
    { 0x3ffe, 0xcc },
    { 0x3fff, 0x44 },
    { 0x4000, 0xae },
    { 0x4001, 0x21 },
    { 0x4002, 0x62 },
    { 0x4003, 0x92 },
    { 0x4004, 0x67 },
    { 0x4005, 0xb5 },
    { 0x4006, 0xde },
    { 0x4007, 0x6d },
    { 0x4008, 0xc5 },
    { 0x4009, 0x0b },
    { 0x400a, 0x34 },
    { 0x400b, 0x21 },
    { 0x400c, 0x8f },
    { 0x400d, 0x20 },
    { 0x400e, 0xd6 },
    { 0x400f, 0xc3 },
    { 0x4010, 0x7c },
    { 0x4011, 0xbb },
    { 0x4012, 0xa8 },
    { 0x4013, 0xc9 },
    { 0x4014, 0xb7 },
    { 0x4015, 0x0d },
    { 0x4016, 0x80 },
    { 0x4017, 0x9b },
    { 0x4018, 0xaf },
    { 0x4019, 0x2f },
    { 0x401a, 0x10 },
    { 0x401b, 0x19 },
    { 0x401c, 0x78 },
    { 0x401d, 0x31 },
    { 0x401e, 0x21 },
    { 0x401f, 0xab },
    { 0x4020, 0x7c },
    { 0x4021, 0x56 },
    { 0x4022, 0xcf },
    { 0x4023, 0xb1 },
    { 0x4024, 0xa5 },
    { 0x4025, 0x7f },
    { 0x4026, 0xd7 },
    { 0x4027, 0x19 },
    { 0x4028, 0x4d },
    { 0x4029, 0x9d },
    { 0x402a, 0x49 },
    { 0x402b, 0x06 },
    { 0x402c, 0x8e },
    { 0x402d, 0x84 },
    { 0x402e, 0xb3 },
    { 0x402f, 0xa6 },
    { 0x4030, 0xbe },
    { 0x4031, 0x1b },
    { 0x4032, 0x28 },
    { 0x4033, 0x44 },
    { 0x4034, 0xa3 },
    { 0x4035, 0xaf },
    { 0x4036, 0x21 },
    { 0x4037, 0x09 },
    { 0x4038, 0x2b },
    { 0x4039, 0xbf },
    { 0x403a, 0xb8 },
    { 0x403b, 0x94 },
    { 0x403c, 0x28 },
    { 0x403d, 0xba },
    { 0x403e, 0x19 },
    { 0x403f, 0xc4 },
    { 0x4040, 0xc5 },
    { 0x4041, 0x55 },
    { 0x4042, 0xad },
    { 0x4043, 0x92 },
    { 0x4044, 0xaf },
    { 0x4045, 0x8f },
    { 0x4046, 0xf5 },
    { 0x4047, 0x6f },
    { 0x4048, 0x34 },
    { 0x4049, 0xda },
    { 0x404a, 0x9e },
    { 0x404b, 0xa5 },
    { 0x404c, 0xa6 },
    { 0x404d, 0xd0 },
    { 0x404e, 0xc3 },
    { 0x404f, 0x06 },
    { 0x4050, 0x17 },
    { 0x4051, 0x66 },
    { 0x4052, 0x73 },
    { 0x4053, 0x31 },
    { 0x4054, 0x1a },
    { 0x4055, 0x2f },
    { 0x4056, 0xfe },
    { 0x4057, 0xad },
    { 0x4058, 0xa2 },
    { 0x4059, 0xa8 },
    { 0x405a, 0xb4 },
    { 0x405b, 0xbb },
    { 0x405c, 0x2d },
    { 0x405d, 0x9e },
    { 0x405e, 0xaa },
    { 0x405f, 0xee },
    { 0x4060, 0x64 },
    { 0x4061, 0x14 },
    { 0x4062, 0x18 },
    { 0x4063, 0xe4 },
    { 0x4064, 0x5c },
    { 0x4065, 0xb9 },
    { 0x4066, 0x70 },
    { 0x4067, 0x0b },
    { 0x4068, 0xa3 },
    { 0x4069, 0x03 },
    { 0x406a, 0x10 },
    { 0x406b, 0xae },
    { 0x406c, 0x79 },
    { 0x406d, 0xfb },
    { 0x406e, 0xbd },
    { 0x406f, 0x22 },
    { 0x4070, 0x5b },
    { 0x4071, 0xc9 },
    { 0x4072, 0xd3 },
    { 0x4073, 0x28 },
    { 0x4074, 0x90 },
    { 0x4075, 0x9d },
    { 0x4076, 0xb9 },
    { 0x4077, 0xb9 },
    { 0x4078, 0x9d },
    { 0x4079, 0xe5 },
    { 0x407a, 0x29 },
    { 0x407b, 0x9e },
    { 0x407c, 0xd1 },
    { 0x407d, 0xbe },
    { 0x407e, 0x93 },
    { 0x407f, 0xc6 },
    { 0x4080, 0x79 },
    { 0x4081, 0xf7 },
    { 0x4082, 0xf5 },
    { 0x4083, 0xc8 },
    { 0x4084, 0x66 },
    { 0x4085, 0xca },
    { 0x4086, 0x44 },
    { 0x4087, 0xc8 },
    { 0x4088, 0x03 },
    { 0x4089, 0x53 },
    { 0x408a, 0x24 },
    { 0x408b, 0x83 },
    { 0x408c, 0x3b },
    { 0x408d, 0xf7 },
    { 0x408e, 0x31 },
    { 0x408f, 0x86 },
    { 0x4090, 0x08 },
    { 0x4091, 0xf4 },
    { 0x4092, 0xed },
    { 0x4093, 0x85 },
    { 0x4094, 0xaa },
    { 0x4095, 0x21 },
    { 0x4096, 0x7d },
    { 0x4097, 0xb7 },
    { 0x4098, 0xee },
    { 0x4099, 0xdb },
    { 0x409a, 0xbd },
    { 0x409b, 0xe8 },
    { 0x409c, 0x87 },
    { 0x409d, 0x0d },
    { 0x409e, 0xea },
    { 0x409f, 0x20 },
    { 0x40a0, 0x68 },
    { 0x40a1, 0xbf },
    { 0x40a2, 0x28 },
    { 0x40a3, 0x07 },
    { 0x40a4, 0xdb },
    { 0x40a5, 0xfb },
    { 0x40a6, 0x58 },
    { 0x40a7, 0xee },
    { 0x40a8, 0x83 },
    { 0x40a9, 0xaf },
    { 0x40aa, 0x00 },
    { 0x40ab, 0x8b },
    { 0x40ac, 0x57 },
    { 0x40ad, 0xc8 },
    { 0x40ae, 0xff },
    { 0x40af, 0x68 },
    { 0x40b0, 0xf5 },
    { 0x40b1, 0x2d },
    { 0x40b2, 0xd1 },
    { 0x40b3, 0x49 },
    { 0x40b4, 0xb2 },
    { 0x40b5, 0x81 },
    { 0x40b6, 0xaa },
    { 0x40b7, 0x27 },
    { 0x40b8, 0x64 },
    { 0x40b9, 0x17 },
    { 0x40ba, 0x38 },
    { 0x40bb, 0x2b },
    { 0x40bc, 0xa4 },
    { 0x40bd, 0x4b },
    { 0x40be, 0xeb },
    { 0x40bf, 0x78 },
    { 0x40c0, 0xda },
    { 0x40c1, 0x33 },
    { 0x40c2, 0x5f },
    { 0x40c3, 0xab },
    { 0x40c4, 0x1f },
    { 0x40c5, 0xf7 },
    { 0x40c6, 0xc3 },
    { 0x40c7, 0x94 },
    { 0x40c8, 0x4e },
    { 0x40c9, 0x6b },
    { 0x40ca, 0x51 },
    { 0x40cb, 0x4c },
    { 0x40cc, 0x4c },
    { 0x40cd, 0xf4 },
    { 0x40ce, 0xf8 },
    { 0x40cf, 0xd2 },
    { 0x40d0, 0x84 },
    { 0x40d1, 0x92 },
    { 0x40d2, 0x70 },
    { 0x40d3, 0x70 },
    { 0x40d4, 0xdd },
    { 0x40d5, 0x37 },
    { 0x40d6, 0xb9 },
    { 0x40d7, 0xb3 },
    { 0x40d8, 0x04 },
    { 0x40d9, 0x84 },
    { 0x40da, 0x56 },
    { 0x40db, 0x4a },
    { 0x40dc, 0x8d },
    { 0x40dd, 0xba },
    { 0x40de, 0x5e },
    { 0x40df, 0x3c },
    { 0x40e0, 0x12 },
    { 0x40e1, 0xb3 },
    { 0x40e2, 0xf4 },
    { 0x40e3, 0xf8 },
    { 0x40e4, 0x61 },
    { 0x40e5, 0x77 },
    { 0x40e6, 0x0e },
    { 0x40e7, 0x0e },
    { 0x40e8, 0x10 },
    { 0x40e9, 0x42 },
    { 0x40ea, 0xd0 },
    { 0x40eb, 0x56 },
    { 0x40ec, 0xb1 },
    { 0x40ed, 0xf4 },
    { 0x40ee, 0xc3 },
    { 0x40ef, 0x62 },
    { 0x40f0, 0x62 },
    { 0x40f1, 0x26 },
    { 0x40f2, 0x26 },
    { 0x40f3, 0x8a },
    { 0x40f4, 0x77 },
    { 0x40f5, 0x54 },
    { 0x40f6, 0x3d },
    { 0x40f7, 0xe5 },
    { 0x40f8, 0x26 },
    { 0x40f9, 0x09 },
    { 0x40fa, 0x2b },
    { 0x40fb, 0x3e },
    { 0x40fc, 0xfc },
    { 0x40fd, 0xc4 },
    { 0x40fe, 0x99 },
    { 0x40ff, 0x68 },
    { 0x4100, 0x2d },
    { 0x4101, 0xde },
    { 0x4102, 0xc2 },
    { 0x4103, 0x81 },
    { 0x4104, 0x6c },
    { 0x4105, 0x10 },
    { 0x4106, 0x8b },
    { 0x4107, 0x46 },
    { 0x4108, 0xd9 },
    { 0x4109, 0x7e },
    { 0x410a, 0x8b },
    { 0x410b, 0x77 },
    { 0x410c, 0xe0 },
    { 0x410d, 0xfb },
    { 0x410e, 0xf8 },
    { 0x410f, 0x7f },
    { 0x4110, 0x71 },
    { 0x4111, 0x8f },
    { 0x4112, 0xee },
    { 0x4113, 0x7d },
    { 0x4114, 0x61 },
    { 0x4115, 0xef },
    { 0x4116, 0x59 },
    { 0x4117, 0x21 },
    { 0x4118, 0x1a },
    { 0x4119, 0x96 },
    { 0x411a, 0x40 },
    { 0x411b, 0xd1 },
    { 0x411c, 0x7d },
    { 0x411d, 0xb1 },
    { 0x411e, 0x61 },
    { 0x411f, 0x8e },
    { 0x4120, 0x1a },
    { 0x4121, 0x08 },
    { 0x4122, 0x40 },
    { 0x4123, 0x84 },
    { 0x4124, 0x49 },
    { 0x4125, 0xbe },
    { 0x4126, 0x7f },
    { 0x4127, 0x3b },
    { 0x4128, 0x40 },
    { 0x4129, 0x48 },
    { 0x412a, 0x7f },
    { 0x412b, 0xdb },
    { 0x412c, 0xc0 },
    { 0x412d, 0x88 },
    { 0x412e, 0x09 },
    { 0x412f, 0xee },
    { 0x4130, 0x71 },
    { 0x4131, 0x5f },
    { 0x4132, 0x05 },
    { 0x4133, 0x43 },
    { 0x4134, 0x3b },
    { 0x4135, 0x4d },
    { 0x4136, 0xdf },
    { 0x4137, 0x1f },
    { 0x4138, 0xc2 },
    { 0x4139, 0x2f },
    { 0x413a, 0x85 },
    { 0x413b, 0xae },
    { 0x413c, 0x32 },
    { 0x413d, 0xf4 },
    { 0x413e, 0x9d },
    { 0x413f, 0x27 },
    { 0x4140, 0x16 },
    { 0x4141, 0x74 },
    { 0x4142, 0xac },
    { 0x4143, 0x57 },
    { 0x4144, 0xe5 },
    { 0x4145, 0x99 },
    { 0x4146, 0xc8 },
    { 0x4147, 0x1a },
    { 0x4148, 0xe9 },
    { 0x4149, 0x0d },
    { 0x414a, 0x53 },
    { 0x414b, 0x24 },
    { 0x414c, 0x92 },
    { 0x414d, 0x65 },
    { 0x414e, 0x1a },
    { 0x414f, 0x04 },
    { 0x4150, 0x96 },
    { 0x4151, 0x3e },
    { 0x4152, 0x0d },
    { 0x4153, 0x05 },
    { 0x4154, 0xec },
    { 0x4155, 0x04 },
    { 0x4156, 0xb8 },
    { 0x4157, 0x77 },
    { 0x4158, 0x4c },
    { 0x4159, 0xac },
    { 0x415a, 0x37 },
    { 0x415b, 0x3d },
    { 0x415c, 0x90 },
    { 0x415d, 0x93 },
    { 0x415e, 0xb5 },
    { 0x415f, 0xf6 },
    { 0x4160, 0x1e },
    { 0x4161, 0xda },
    { 0x4162, 0x5a },
    { 0x4163, 0x16 },
    { 0x4164, 0xd0 },
    { 0x4165, 0xd0 },
    { 0x4166, 0xd1 },
    { 0x4167, 0x1c },
    { 0x4168, 0xba },
    { 0x4169, 0x3e },
    { 0x416a, 0x66 },
    { 0x416b, 0xce },
    { 0x416c, 0x74 },
    { 0x416d, 0xfc },
    { 0x416e, 0xaf },
    { 0x416f, 0x44 },
    { 0x4170, 0xa0 },
    { 0x4171, 0xed },
    { 0x4172, 0x84 },
    { 0x4173, 0xea },
    { 0x4174, 0x1b },
    { 0x4175, 0x26 },
    { 0x4176, 0x22 },
    { 0x4177, 0x1d },
    { 0x4178, 0x36 },
    { 0x4179, 0xf0 },
    { 0x417a, 0x14 },
    { 0x417b, 0x75 },
    { 0x417c, 0x29 },
    { 0x417d, 0xf4 },
    { 0x417e, 0x59 },
    { 0x417f, 0x53 },
    { 0x4180, 0x1a },
    { 0x4181, 0xf2 },
    { 0x4182, 0x9a },
    { 0x4183, 0xf1 },
    { 0x4184, 0xfb },
    { 0x4185, 0x76 },
    { 0x4186, 0xef },
    { 0x4187, 0x73 },
    { 0x4188, 0xa3 },
    { 0x4189, 0x73 },
    { 0x418a, 0xa9 },
    { 0x418b, 0xd7 },
    { 0x418c, 0x79 },
    { 0x418d, 0x92 },
    { 0x418e, 0xb4 },
    { 0x418f, 0xb1 },
    { 0x4190, 0x9f },
    { 0x4191, 0x38 },
    { 0x4192, 0x91 },
    { 0x4193, 0xbd },
    { 0x4194, 0xd3 },
    { 0x4195, 0xe7 },
    { 0x4196, 0x73 },
    { 0x4197, 0xa5 },
    { 0x4198, 0xd7 },
    { 0x4199, 0x55 },
    { 0x419a, 0xd8 },
    { 0x419b, 0x32 },
    { 0x419c, 0x79 },
    { 0x419d, 0xea },
    { 0x419e, 0x75 },
    { 0x419f, 0x9f },
    { 0x41a0, 0xd6 },
    { 0x41a1, 0x3a },
    { 0x41a2, 0xf5 },
    { 0x41a3, 0xdf },
    { 0x41a4, 0x0b },
    { 0x41a5, 0x4c },
    { 0x41a6, 0x82 },
    { 0x41a7, 0x8c },
    { 0x41a8, 0x48 },
    { 0x41a9, 0xa1 },
    { 0x41aa, 0x9b },
    { 0x41ab, 0xf8 },
    { 0x41ac, 0x63 },
    { 0x41ad, 0x41 },
    { 0x41ae, 0x68 },
    { 0x41af, 0xb4 },
    { 0x41b0, 0xd1 },
    { 0x41b1, 0x9c },
    { 0x41b2, 0x21 },
    { 0x41b3, 0x06 },
    { 0x41b4, 0x6c },
    { 0x41b5, 0x98 },
    { 0x41b6, 0xbe },
    { 0x41b7, 0xe1 },
    { 0x41b8, 0x38 },
    { 0x41b9, 0x08 },
    { 0x41ba, 0xfc },
    { 0x41bb, 0xb9 },
    { 0x41bc, 0xb8 },
    { 0x41bd, 0x6c },
    { 0x41be, 0xe7 },
    { 0x41bf, 0x4c },
    { 0x41c0, 0x27 },
    { 0x41c1, 0xf5 },
    { 0x41c2, 0x03 },
    { 0x41c3, 0x30 },
    { 0x41c4, 0x91 },
    { 0x41c5, 0xd3 },
    { 0x41c6, 0x83 },
    { 0x41c7, 0xc8 },
    { 0x41c8, 0x63 },
    { 0x41c9, 0x47 },
    { 0x41ca, 0x23 },
    { 0x41cb, 0x81 },
    { 0x41cc, 0x34 },
    { 0x41cd, 0xe7 },
    { 0x41ce, 0xf7 },
    { 0x41cf, 0x35 },
    { 0x41d0, 0x1d },
    { 0x41d1, 0xcb },
    { 0x41d2, 0x07 },
    { 0x41d3, 0xe8 },
    { 0x41d4, 0x5a },
    { 0x41d5, 0x0f },
    { 0x41d6, 0x0d },
    { 0x41d7, 0x3b },
    { 0x41d8, 0x73 },
    { 0x41d9, 0x66 },
    { 0x41da, 0x04 },
    { 0x41db, 0xaa },
    { 0x41dc, 0x42 },
    { 0x41dd, 0x4a },
    { 0x41de, 0xbf },
    { 0x41df, 0xaf },
    { 0x41e0, 0x28 },
    { 0x41e1, 0xb9 },
    { 0x41e2, 0xed },
    { 0x41e3, 0x99 },
    { 0x41e4, 0x16 },
    { 0x41e5, 0x43 },
    { 0x41e6, 0xb3 },
    { 0x41e7, 0xb1 },
    { 0x41e8, 0x4c },
    { 0x41e9, 0xbc },
    { 0x41ea, 0x52 },
    { 0x41eb, 0x17 },
    { 0x41ec, 0x27 },
    { 0x41ed, 0xb1 },
    { 0x41ee, 0xd0 },
    { 0x41ef, 0x82 },
    { 0x41f0, 0x1c },
    { 0x41f1, 0x8a },
    { 0x41f2, 0x8e },
    { 0x41f3, 0x90 },
    { 0x41f4, 0x1e },
    { 0x41f5, 0xcf },
    { 0x41f6, 0x03 },
    { 0x41f7, 0xc2 },
    { 0x41f8, 0xb2 },
    { 0x41f9, 0xba },
    { 0x41fa, 0xa3 },
    { 0x41fb, 0x72 },
    { 0x41fc, 0x19 },
    { 0x41fd, 0x33 },
    { 0x41fe, 0xfe },
    { 0x41ff, 0x63 },
    { 0x4200, 0x88 },
    { 0x4201, 0x2a },
    { 0x4202, 0xe2 },
    { 0x4203, 0x2d },
    { 0x4204, 0xde },
    { 0x4205, 0x01 },
    { 0x4206, 0x8c },
    { 0x4207, 0x87 },
    { 0x4208, 0x16 },
    { 0x4209, 0x22 },
    { 0x420a, 0xd7 },
    { 0x420b, 0x57 },
    { 0x420c, 0x59 },
    { 0x420d, 0xbb },
    { 0x420e, 0xec },
    { 0x420f, 0x88 },
    { 0x4210, 0x4b },
    { 0x4211, 0x32 },
    { 0x4212, 0x63 },
    { 0x4213, 0x68 },
    { 0x4214, 0xef },
    { 0x4215, 0xe0 },
    { 0x4216, 0xbb },
    { 0x4217, 0x4d },
    { 0x4218, 0x56 },
    { 0x4219, 0xa3 },
    { 0x421a, 0x77 },
    { 0x421b, 0x8e },
    { 0x421c, 0x13 },
    { 0x421d, 0x07 },
    { 0x421e, 0xaa },
    { 0x421f, 0x5d },
    { 0x4220, 0x6f },
    { 0x4221, 0xcd },
    { 0x4222, 0xc7 },
    { 0x4223, 0x5c },
    { 0x4224, 0x33 },
    { 0x4225, 0xbf },
    { 0x4226, 0x4f },
    { 0x4227, 0x1d },
    { 0x4228, 0xb6 },
    { 0x4229, 0xc8 },
    { 0x422a, 0x8e },
    { 0x422b, 0x70 },
    { 0x422c, 0x80 },
    { 0x422d, 0x50 },
    { 0x422e, 0x93 },
    { 0x422f, 0x43 },
    { 0x4230, 0x55 },
    { 0x4231, 0x61 },
    { 0x4232, 0x3b },
    { 0x4233, 0x11 },
    { 0x4234, 0xbc },
    { 0x4235, 0xb5 },
    { 0x4236, 0xb0 },
    { 0x4237, 0xea },
    { 0x4238, 0x55 },
    { 0x4239, 0xd0 },
    { 0x423a, 0x59 },
    { 0x423b, 0x3c },
    { 0x423c, 0x23 },
    { 0x423d, 0x53 },
    { 0x423e, 0x0f },
    { 0x423f, 0x44 },
    { 0x4240, 0xf6 },
    { 0x4241, 0x12 },
    { 0x4242, 0x8d },
    { 0x4243, 0xc9 },
    { 0x4244, 0x20 },
    { 0x4245, 0xa8 },
    { 0x4246, 0xb9 },
    { 0x4247, 0x81 },
    { 0x4248, 0xa9 },
    { 0x4249, 0xa4 },
    { 0x424a, 0x97 },
    { 0x424b, 0x12 },
    { 0x424c, 0x24 },
    { 0x424d, 0x04 },
    { 0x424e, 0x97 },
    { 0x424f, 0x36 },
    { 0x4250, 0x2f },
    { 0x4251, 0x85 },
    { 0x4252, 0xa0 },
    { 0x4253, 0x7e },
    { 0x4254, 0x64 },
    { 0x4255, 0xe2 },
    { 0x4256, 0x15 },
    { 0x4257, 0xd1 },
    { 0x4258, 0xcc },
    { 0x4259, 0x8c },
    { 0x425a, 0x47 },
    { 0x425b, 0xa8 },
    { 0x425c, 0x4f },
    { 0x425d, 0xb2 },
    { 0x425e, 0xe3 },
    { 0x425f, 0x58 },
    { 0x4260, 0x2d },
    { 0x4261, 0x27 },
    { 0x4262, 0x59 },
    { 0x4263, 0xc3 },
    { 0x4264, 0xd7 },
    { 0x4265, 0xa6 },
    { 0x4266, 0xb8 },
    { 0x4267, 0xe1 },
    { 0x4268, 0x8c },
    { 0x4269, 0xb3 },
    { 0x426a, 0xdc },
    { 0x426b, 0xa5 },
    { 0x426c, 0xe2 },
    { 0x426d, 0xc5 },
    { 0x426e, 0xfa },
    { 0x426f, 0x6f },
    { 0x4270, 0x25 },
    { 0x4271, 0x17 },
    { 0x4272, 0x35 },
    { 0x4273, 0x45 },
    { 0x4274, 0x2d },
    { 0x4275, 0xa7 },
    { 0x4276, 0xba },
    { 0x4277, 0xbd },
    { 0x4278, 0xe2 },
    { 0x4279, 0x8b },
    { 0x427a, 0x34 },
    { 0x427b, 0x0e },
    { 0x427c, 0x91 },
    { 0x427d, 0x45 },
    { 0x427e, 0x4a },
    { 0x427f, 0x40 },
    { 0x4280, 0x9b },
    { 0x4281, 0xc2 },
    { 0x4282, 0x43 },
    { 0x4283, 0x1e },
    { 0x4284, 0x41 },
    { 0x4285, 0x24 },
    { 0x4286, 0x32 },
    { 0x4287, 0x06 },
    { 0x4288, 0xf3 },
    { 0x4289, 0x4d },
    { 0x428a, 0x53 },
    { 0x428b, 0x5d },
    { 0x428c, 0xc1 },
    { 0x428d, 0x1f },
    { 0x428e, 0x55 },
    { 0x428f, 0x66 },
    { 0x4290, 0x3a },
    { 0x4291, 0x6e },
    { 0x4292, 0x04 },
    { 0x4293, 0x23 },
    { 0x4294, 0x92 },
    { 0x4295, 0xeb },
    { 0x4296, 0xe6 },
    { 0x4297, 0x26 },
    { 0x4298, 0x16 },
    { 0x4299, 0x33 },
    { 0x429a, 0xdd },
    { 0x429b, 0xfa },
    { 0x429c, 0x44 },
    { 0x429d, 0xbd },
    { 0x429e, 0x9a },
    { 0x429f, 0x31 },
    { 0x42a0, 0x82 },
    { 0x42a1, 0x21 },
    { 0x42a2, 0x8d },
    { 0x42a3, 0x2f },
    { 0x42a4, 0xd1 },
    { 0x42a5, 0x31 },
    { 0x42a6, 0xe7 },
    { 0x42a7, 0x8f },
    { 0x42a8, 0x83 },
    { 0x42a9, 0x25 },
    { 0x42aa, 0xe6 },
    { 0x42ab, 0x46 },
    { 0x42ac, 0x38 },
    { 0x42ad, 0xd8 },
    { 0x42ae, 0xb1 },
    { 0x42af, 0x29 },
    { 0x42b0, 0x03 },
    { 0x42b1, 0x7a },
    { 0x42b2, 0x75 },
    { 0x42b3, 0x8f },
    { 0x42b4, 0x9e },
    { 0x42b5, 0xa7 },
    { 0x42b6, 0xe8 },
    { 0x42b7, 0x7e },
    { 0x42b8, 0x21 },
    { 0x42b9, 0x2b },
    { 0x42ba, 0xdf },
    { 0x42bb, 0x06 },
    { 0x42bc, 0x5d },
    { 0x42bd, 0x52 },
    { 0x42be, 0xd6 },
    { 0x42bf, 0x37 },
    { 0x42c0, 0xcf },
    { 0x42c1, 0x86 },
    { 0x42c2, 0x10 },
    { 0x42c3, 0xe6 },
    { 0x42c4, 0xd4 },
    { 0x42c5, 0x9e },
    { 0x42c6, 0xef },
    { 0x42c7, 0x37 },
    { 0x42c8, 0xc0 },
    { 0x42c9, 0x53 },
    { 0x42ca, 0x20 },
    { 0x42cb, 0x0b },
    { 0x42cc, 0x37 },
    { 0x42cd, 0x20 },
    { 0x42ce, 0x6d },
    { 0x42cf, 0xc5 },
    { 0x42d0, 0x11 },
    { 0x42d1, 0x2e },
    { 0x42d2, 0x2e },
    { 0x42d3, 0x73 },
    { 0x42d4, 0x4d },
    { 0x42d5, 0xf9 },
    { 0x42d6, 0x1a },
    { 0x42d7, 0xab },
    { 0x42d8, 0x1d },
    { 0x42d9, 0x4d },
    { 0x42da, 0x61 },
    { 0x42db, 0xf1 },
    { 0x42dc, 0xf6 },
    { 0x42dd, 0x52 },
    { 0x42de, 0x6b },
    { 0x42df, 0xbe },
    { 0x42e0, 0xe7 },
    { 0x42e1, 0x71 },
    { 0x42e2, 0x00 },
    { 0x42e3, 0x9b },
    { 0x42e4, 0x91 },
    { 0x42e5, 0xc0 },
    { 0x42e6, 0xbe },
    { 0x42e7, 0xdc },
    { 0x42e8, 0x3d },
    { 0x42e9, 0x01 },
    { 0x42ea, 0x74 },
    { 0x42eb, 0xf3 },
    { 0x42ec, 0x04 },
    { 0x42ed, 0x5e },
    { 0x42ee, 0x74 },
    { 0x42ef, 0x16 },
    { 0x42f0, 0x89 },
    { 0x42f1, 0x73 },
    { 0x42f2, 0xfa },
    { 0x42f3, 0x27 },
    { 0x42f4, 0x5e },
    { 0x42f5, 0x78 },
    { 0x42f6, 0xdd },
    { 0x42f7, 0x6c },
    { 0x42f8, 0x33 },
    { 0x42f9, 0x19 },
    { 0x42fa, 0x25 },
    { 0x42fb, 0x39 },
    { 0x42fc, 0xeb },
    { 0x42fd, 0x43 },
    { 0x42fe, 0xe8 },
    { 0x42ff, 0x6d },
    { 0x4300, 0x80 },
    { 0x4301, 0x6e },
    { 0x4302, 0x74 },
    { 0x4303, 0x7a },
    { 0x4304, 0x51 },
    { 0x4305, 0x38 },
    { 0x4306, 0x79 },
    { 0x4307, 0x2a },
    { 0x4308, 0x18 },
    { 0x4309, 0xb3 },
    { 0x430a, 0xcf },
    { 0x430b, 0x48 },
    { 0x430c, 0xca },
    { 0x430d, 0x08 },
    { 0x430e, 0x1b },
    { 0x430f, 0x7d },
    { 0x4310, 0x3a },
    { 0x4311, 0xdd },
    { 0x4312, 0xae },
    { 0x4313, 0x27 },
    { 0x4314, 0x77 },
    { 0x4315, 0xed },
    { 0x4316, 0xab },
    { 0x4317, 0xe5 },
    { 0x4318, 0xc3 },
    { 0x4319, 0xf3 },
    { 0x431a, 0x0f },
    { 0x431b, 0xb2 },
    { 0x431c, 0xf3 },
    { 0x431d, 0x7b },
    { 0x431e, 0x1e },
    { 0x431f, 0xd9 },
    { 0x4320, 0x5d },
    { 0x4321, 0x82 },
    { 0x4322, 0xa2 },
    { 0x4323, 0x3a },
    { 0x4324, 0xc7 },
    { 0x4325, 0x55 },
    { 0x4326, 0x7f },
    { 0x4327, 0xd4 },
    { 0x4328, 0x04 },
    { 0x4329, 0x8a },
    { 0x432a, 0x0a },
    { 0x432b, 0x4f },
    { 0x432c, 0x87 },
    { 0x432d, 0x18 },
    { 0x432e, 0x8f },
    { 0x432f, 0x8e },
    { 0x4330, 0x02 },
    { 0x4331, 0x7c },
    { 0x4332, 0xe4 },
    { 0x4333, 0x20 },
    { 0x4334, 0x56 },
    { 0x4335, 0x7c },
    { 0x4336, 0x37 },
    { 0x4337, 0x78 },
    { 0x4338, 0x2b },
    { 0x4339, 0x33 },
    { 0x433a, 0xa1 },
    { 0x433b, 0xf3 },
    { 0x433c, 0x65 },
    { 0x433d, 0x12 },
    { 0x433e, 0xbf },
    { 0x433f, 0x10 },
    { 0x4340, 0xb6 },
    { 0x4341, 0xa2 },
    { 0x4342, 0x87 },
    { 0x4343, 0xdc },
    { 0x4344, 0x35 },
    { 0x4345, 0x7e },
    { 0x4346, 0x93 },
    { 0x4347, 0xe5 },
    { 0x4348, 0x35 },
    { 0x4349, 0x8a },
    { 0x434a, 0x72 },
    { 0x434b, 0x4f },
    { 0x434c, 0xd3 },
    { 0x434d, 0x26 },
    { 0x434e, 0x9e },
    { 0x434f, 0x32 },
    { 0x4350, 0x3f },
    { 0x4351, 0x8f },
    { 0x4352, 0x31 },
    { 0x4353, 0xf1 },
    { 0x4354, 0xb0 },
    { 0x4355, 0x2d },
    { 0x4356, 0xde },
    { 0x4357, 0xd6 },
    { 0x4358, 0x6e },
    { 0x4359, 0x7c },
    { 0x435a, 0x60 },
    { 0x435b, 0x93 },
    { 0x435c, 0x9d },
    { 0x435d, 0x58 },
    { 0x435e, 0x81 },
    { 0x435f, 0x69 },
    { 0x4360, 0x1d },
    { 0x4361, 0x31 },
    { 0x4362, 0x2d },
    { 0x4363, 0x77 },
    { 0x4364, 0x94 },
    { 0x4365, 0xc7 },
    { 0x4366, 0x59 },
    { 0x4367, 0x4f },
    { 0x4368, 0xa0 },
    { 0x4369, 0x83 },
    { 0x436a, 0xb9 },
    { 0x436b, 0x43 },
    { 0x436c, 0x17 },
    { 0x436d, 0x2a },
    { 0x436e, 0x6a },
    { 0x436f, 0x27 },
    { 0x4370, 0xf8 },
    { 0x4371, 0xa5 },
    { 0x4372, 0xfb },
    { 0x4373, 0xdd },
    { 0x4374, 0xb2 },
    { 0x4375, 0xe4 },
    { 0x4376, 0x56 },
    { 0x4377, 0x14 },
    { 0x4378, 0x6c },
    { 0x4379, 0x5e },
    { 0x437a, 0x2e },
    { 0x437b, 0x58 },
    { 0x437c, 0x43 },
    { 0x437d, 0xc1 },
    { 0x437e, 0x3a },
    { 0x437f, 0xc7 },
    { 0x4380, 0x6e },
    { 0x4381, 0x35 },
    { 0x4382, 0x84 },
    { 0x4383, 0x02 },
    { 0x4384, 0x44 },
    { 0x4385, 0x2f },
    { 0x4386, 0x73 },
    { 0x4387, 0xa8 },
    { 0x4388, 0xed },
    { 0x4389, 0x8f },
    { 0x438a, 0xbc },
    { 0x438b, 0xda },
    { 0x438c, 0x8f },
    { 0x438d, 0x1c },
    { 0x438e, 0x31 },
    { 0x438f, 0xd3 },
    { 0x4390, 0x1a },
    { 0x4391, 0x79 },
    { 0x4392, 0x86 },
    { 0x4393, 0xb2 },
    { 0x4394, 0xff },
    { 0x4395, 0x29 },
    { 0x4396, 0x0a },
    { 0x4397, 0x70 },
    { 0x4398, 0xc5 },
    { 0x4399, 0xfc },
    { 0x439a, 0x2e },
    { 0x439b, 0xf2 },
    { 0x439c, 0x52 },
    { 0x439d, 0x7c },
    { 0x439e, 0x2a },
    { 0x439f, 0xf6 },
    { 0x43a0, 0x06 },
    { 0x43a1, 0x5a },
    { 0x43a2, 0xcf },
    { 0x43a3, 0x2a },
    { 0x43a4, 0x11 },
    { 0x43a5, 0x0b },
    { 0x43a6, 0x40 },
    { 0x43a7, 0xc0 },
    { 0x43a8, 0xe7 },
    { 0x43a9, 0x25 },
    { 0x43aa, 0x1b },
    { 0x43ab, 0x6a },
    { 0x43ac, 0x28 },
    { 0x43ad, 0x09 },
    { 0x43ae, 0x50 },
    { 0x43af, 0x87 },
    { 0x43b0, 0x47 },
    { 0x43b1, 0x0f },
    { 0x43b2, 0x0c },
    { 0x43b3, 0xec },
    { 0x43b4, 0x8e },
    { 0x43b5, 0x18 },
    { 0x43b6, 0x92 },
    { 0x43b7, 0xc1 },
    { 0x43b8, 0xe8 },
    { 0x43b9, 0x5c },
    { 0x43ba, 0x48 },
    { 0x43bb, 0xb1 },
    { 0x43bc, 0xc9 },
    { 0x43bd, 0xb6 },
    { 0x43be, 0xa9 },
    { 0x43bf, 0x2e },
    { 0x43c0, 0x22 },
    { 0x43c1, 0x4d },
    { 0x43c2, 0xac },
    { 0x43c3, 0xc3 },
    { 0x43c4, 0xb9 },
    { 0x43c5, 0xa2 },
    { 0x43c6, 0x46 },
    { 0x43c7, 0x61 },
    { 0x43c8, 0xcd },
    { 0x43c9, 0x7c },
    { 0x43ca, 0xfc },
    { 0x43cb, 0x64 },
    { 0x43cc, 0xdb },
    { 0x43cd, 0xa0 },
    { 0x43ce, 0x15 },
    { 0x43cf, 0x4c },
    { 0x43d0, 0xac },
    { 0x43d1, 0x6e },
    { 0x43d2, 0xd1 },
    { 0x43d3, 0xd3 },
    { 0x43d4, 0x18 },
    { 0x43d5, 0x67 },
    { 0x43d6, 0x36 },
    { 0x43d7, 0xdc },
    { 0x43d8, 0x1a },
    { 0x43d9, 0xf0 },
    { 0x43da, 0xc0 },
    { 0x43db, 0x2d },
    { 0x43dc, 0x99 },
    { 0x43dd, 0x42 },
    { 0x43de, 0xa9 },
    { 0x43df, 0x18 },
    { 0x43e0, 0x75 },
    { 0x43e1, 0x0c },
    { 0x43e2, 0xca },
    { 0x43e3, 0xd9 },
    { 0x43e4, 0x65 },
    { 0x43e5, 0xdf },
    { 0x43e6, 0x3c },
    { 0x43e7, 0xf4 },
    { 0x43e8, 0x24 },
    { 0x43e9, 0xf1 },
    { 0x43ea, 0x7f },
    { 0x43eb, 0x2b },
    { 0x43ec, 0xff },
    { 0x43ed, 0x21 },
    { 0x43ee, 0x7b },
    { 0x43ef, 0x1a },
    { 0x43f0, 0xc3 },
    { 0x43f1, 0x1d },
    { 0x43f2, 0xa1 },
    { 0x43f3, 0x61 },
    { 0x43f4, 0xc0 },
    { 0x43f5, 0xeb },
    { 0x43f6, 0x55 },
    { 0x43f7, 0x75 },
    { 0x43f8, 0xb5 },
    { 0x43f9, 0x50 },
    { 0x43fa, 0x71 },
    { 0x43fb, 0xa6 },
    { 0x43fc, 0x75 },
    { 0x43fd, 0xff },
    { 0x43fe, 0x11 },
    { 0x43ff, 0x32 },
    { 0x4400, 0xc9 },
    { 0x4401, 0x79 },
    { 0x4402, 0x95 },
    { 0x4403, 0xe7 },
    { 0x4404, 0xd9 },
    { 0x4405, 0x59 },
    { 0x4406, 0x33 },
    { 0x4407, 0x0b },
    { 0x4408, 0x51 },
    { 0x4409, 0x27 },
    { 0x440a, 0x7b },
    { 0x440b, 0xeb },
    { 0x440c, 0x7f },
    { 0x440d, 0x0c },
    { 0x440e, 0xbe },
    { 0x440f, 0xce },
    { 0x4410, 0x66 },
    { 0x4411, 0x70 },
    { 0x4412, 0xd6 },
    { 0x4413, 0x00 },
    { 0x4414, 0x54 },
    { 0x4415, 0xfe },
    { 0x4416, 0xdc },
    { 0x4417, 0x18 },
    { 0x4418, 0xda },
    { 0x4419, 0x05 },
    { 0x441a, 0xe1 },
    { 0x441b, 0xc6 },
    { 0x441c, 0xf8 },
    { 0x441d, 0x38 },
    { 0x441e, 0x6a },
    { 0x441f, 0xa9 },
    { 0x4420, 0xe1 },
    { 0x4421, 0x3b },
    { 0x4422, 0x1b },
    { 0x4423, 0xe7 },
    { 0x4424, 0xd6 },
    { 0x4425, 0xf1 },
    { 0x4426, 0x02 },
    { 0x4427, 0x1b },
    { 0x4428, 0x47 },
    { 0x4429, 0x8f },
    { 0x442a, 0x5d },
    { 0x442b, 0x27 },
    { 0x442c, 0x58 },
    { 0x442d, 0x8f },
    { 0x442e, 0x97 },
    { 0x442f, 0x2f },
    { 0x4430, 0x37 },
    { 0x4431, 0xb5 },
    { 0x4432, 0x29 },
    { 0x4433, 0x34 },
    { 0x4434, 0x2d },
    { 0x4435, 0xff },
    { 0x4436, 0xfe },
    { 0x4437, 0x94 },
    { 0x4438, 0xb5 },
    { 0x4439, 0x98 },
    { 0x443a, 0x4e },
    { 0x443b, 0x22 },
    { 0x443c, 0x24 },
    { 0x443d, 0x68 },
    { 0x443e, 0x28 },
    { 0x443f, 0x18 },
    { 0x4440, 0xfb },
    { 0x4441, 0x8e },
    { 0x4442, 0xaa },
    { 0x4443, 0xe1 },
    { 0x4444, 0xad },
    { 0x4445, 0x12 },
    { 0x4446, 0x8e },
    { 0x4447, 0x8c },
    { 0x4448, 0x9d },
    { 0x4449, 0xdd },
    { 0x444a, 0x00 },
    { 0x444b, 0x0a },
    { 0x444c, 0xe0 },
    { 0x444d, 0xb6 },
    { 0x444e, 0x80 },
    { 0x444f, 0xc3 },
    { 0x4450, 0xaf },
    { 0x4451, 0x36 },
    { 0x4452, 0x3c },
    { 0x4453, 0xfb },
    { 0x4454, 0xcc },
    { 0x4455, 0xe4 },
    { 0x4456, 0xe7 },
    { 0x4457, 0xf5 },
    { 0x4458, 0x79 },
    { 0x4459, 0x7f },
    { 0x445a, 0x28 },
    { 0x445b, 0xe4 },
    { 0x445c, 0x47 },
    { 0x445d, 0x25 },
    { 0x445e, 0x3c },
    { 0x445f, 0xd7 },
    { 0x4460, 0xc0 },
    { 0x4461, 0x57 },
    { 0x4462, 0x1a },
    { 0x4463, 0x16 },
    { 0x4464, 0xa0 },
    { 0x4465, 0x27 },
    { 0x4466, 0x2c },
    { 0x4467, 0x82 },
    { 0x4468, 0xe2 },
    { 0x4469, 0xaf },
    { 0x446a, 0x31 },
    { 0x446b, 0x4d },
    { 0x446c, 0x3a },
    { 0x446d, 0x09 },
    { 0x446e, 0xc0 },
    { 0x446f, 0xc8 },
    { 0x4470, 0xd3 },
    { 0x4471, 0xf6 },
    { 0x4472, 0xa4 },
    { 0x4473, 0xcd },
    { 0x4474, 0x6f },
    { 0x4475, 0xef },
    { 0x4476, 0x19 },
    { 0x4477, 0x6a },
    { 0x4478, 0x3a },
    { 0x4479, 0x9d },
    { 0x447a, 0x5f },
    { 0x447b, 0x27 },
    { 0x447c, 0x88 },
    { 0x447d, 0x5f },
    { 0x447e, 0xb6 },
    { 0x447f, 0x17 },
    { 0x4480, 0xd4 },
    { 0x4481, 0xdb },
    { 0x4482, 0x84 },
    { 0x4483, 0x0a },
    { 0x4484, 0x17 },
    { 0x4485, 0xfe },
    { 0x4486, 0x4c },
    { 0x4487, 0x70 },
    { 0x4488, 0x2d },
    { 0x4489, 0xc3 },
    { 0x448a, 0x92 },
    { 0x448b, 0x7d },
    { 0x448c, 0x93 },
    { 0x448d, 0x19 },
    { 0x448e, 0x3c },
    { 0x448f, 0xdb },
    { 0x4490, 0x84 },
    { 0x4491, 0x9d },
    { 0x4492, 0x40 },
    { 0x4493, 0x18 },
    { 0x4494, 0x34 },
    { 0x4495, 0x4b },
    { 0x4496, 0x4b },
    { 0x4497, 0x88 },
    { 0x4498, 0x09 },
    { 0x4499, 0xb3 },
    { 0x449a, 0x8d },
    { 0x449b, 0x93 },
    { 0x449c, 0x5c },
    { 0x449d, 0x94 },
    { 0x449e, 0x17 },
    { 0x449f, 0x74 },
    { 0x44a0, 0x77 },
    { 0x44a1, 0x47 },
    { 0x44a2, 0xf4 },
    { 0x44a3, 0x5d },
    { 0x44a4, 0x3e },
    { 0x44a5, 0x43 },
    { 0x44a6, 0xa6 },
    { 0x44a7, 0x0b },
    { 0x44a8, 0x46 },
    { 0x44a9, 0x44 },
    { 0x44aa, 0x4b },
    { 0x44ab, 0xb8 },
    { 0x44ac, 0xfc },
    { 0x44ad, 0x4d },
    { 0x44ae, 0x75 },
    { 0x44af, 0x8c },
    { 0x44b0, 0x44 },
    { 0x44b1, 0xa4 },
    { 0x44b2, 0x16 },
    { 0x44b3, 0xc2 },
    { 0x44b4, 0x44 },
    { 0x44b5, 0x15 },
    { 0x44b6, 0x8d },
    { 0x44b7, 0x26 },
    { 0x44b8, 0xd6 },
    { 0x44b9, 0x2f },
    { 0x44ba, 0x04 },
    { 0x44bb, 0xbd },
    { 0x44bc, 0x98 },
    { 0x44bd, 0x94 },
    { 0x44be, 0x82 },
    { 0x44bf, 0x83 },
    { 0x44c0, 0xf1 },
    { 0x44c1, 0xfd },
    { 0x44c2, 0x89 },
    { 0x44c3, 0xd7 },
    { 0x44c4, 0xd6 },
    { 0x44c5, 0x0e },
    { 0x44c6, 0x4c },
    { 0x44c7, 0x54 },
    { 0x44c8, 0x9c },
    { 0x44c9, 0xfd },
    { 0x44ca, 0xca },
    { 0x44cb, 0xf5 },
    { 0x44cc, 0x04 },
    { 0x44cd, 0x1e },
    { 0x44ce, 0x40 },
    { 0x44cf, 0x50 },
    { 0x44d0, 0x6e },
    { 0x44d1, 0xb1 },
    { 0x44d2, 0xd6 },
    { 0x44d3, 0x5d },
    { 0x44d4, 0x1f },
    { 0x44d5, 0x20 },
    { 0x44d6, 0x25 },
    { 0x44d7, 0xc5 },
    { 0x44d8, 0x14 },
    { 0x44d9, 0x8f },
    { 0x44da, 0xf9 },
    { 0x44db, 0x10 },
    { 0x44dc, 0xed },
    { 0x44dd, 0xed },
    { 0x44de, 0x52 },
    { 0x44df, 0xf6 },
    { 0x44e0, 0x9b },
    { 0x44e1, 0x28 },
    { 0x44e2, 0x60 },
    { 0x44e3, 0xd9 },
    { 0x44e4, 0xbd },
    { 0x44e5, 0x15 },
    { 0x44e6, 0x3d },
    { 0x44e7, 0xde },
    { 0x44e8, 0x29 },
    { 0x44e9, 0x67 },
    { 0x44ea, 0x16 },
    { 0x44eb, 0x80 },
    { 0x44ec, 0xaf },
    { 0x44ed, 0x6b },
    { 0x44ee, 0xa9 },
    { 0x44ef, 0x36 },
    { 0x44f0, 0x90 },
    { 0x44f1, 0x7a },
    { 0x44f2, 0x1d },
    { 0x44f3, 0x67 },
    { 0x44f4, 0xfd },
    { 0x44f5, 0x32 },
    { 0x44f6, 0x01 },
    { 0x44f7, 0xba },
    { 0x44f8, 0xba },
    { 0x44f9, 0x8a },
    { 0x44fa, 0x78 },
    { 0x44fb, 0xee },
    { 0x44fc, 0x01 },
    { 0x44fd, 0xa8 },
    { 0x44fe, 0x6a },
    { 0x44ff, 0x7f },
    { 0x4500, 0x60 },
    { 0x4501, 0xa8 },
    { 0x4502, 0xc4 },
    { 0x4503, 0x40 },
    { 0x4504, 0x9c },
    { 0x4505, 0xa2 },
    { 0x4506, 0xca },
    { 0x4507, 0xf1 },
    { 0x4508, 0x93 },
    { 0x4509, 0xe2 },
    { 0x450a, 0x2a },
    { 0x450b, 0xa2 },
    { 0x450c, 0xcd },
    { 0x450d, 0x78 },
    { 0x450e, 0x43 },
    { 0x450f, 0x8d },
    { 0x4510, 0xac },
    { 0x4511, 0xb3 },
    { 0x4512, 0xf9 },
    { 0x4513, 0x6b },
    { 0x4514, 0x7d },
    { 0x4515, 0xc8 },
    { 0x4516, 0x54 },
    { 0x4517, 0xf9 },
    { 0x4518, 0xca },
    { 0x4519, 0xab },
    { 0x451a, 0x0e },
    { 0x451b, 0x46 },
    { 0x451c, 0xb7 },
    { 0x451d, 0xdf },
    { 0x451e, 0xb5 },
    { 0x451f, 0xe5 },
    { 0x4520, 0x5a },
    { 0x4521, 0x50 },
    { 0x4522, 0xdc },
    { 0x4523, 0x88 },
    { 0x4524, 0x06 },
    { 0x4525, 0x8d },
    { 0x4526, 0xa4 },
    { 0x4527, 0xa1 },
    { 0x4528, 0x75 },
    { 0x4529, 0x7d },
    { 0x452a, 0x62 },
    { 0x452b, 0xdc },
    { 0x452c, 0x15 },
    { 0x452d, 0x3b },
    { 0x452e, 0x25 },
    { 0x452f, 0x50 },
    { 0x4530, 0x74 },
    { 0x4531, 0x9d },
    { 0x4532, 0x0d },
    { 0x4533, 0x12 },
    { 0x4534, 0x45 },
    { 0x4535, 0x89 },
    { 0x4536, 0xb6 },
    { 0x4537, 0xa5 },
    { 0x4538, 0xa2 },
    { 0x4539, 0x6b },
    { 0x453a, 0x75 },
    { 0x453b, 0xda },
    { 0x453c, 0x56 },
    { 0x453d, 0x68 },
    { 0x453e, 0x1b },
    { 0x453f, 0x7e },
    { 0x4540, 0xd6 },
    { 0x4541, 0x07 },
    { 0x4542, 0xdf },
    { 0x4543, 0x36 },
    { 0x4544, 0x07 },
    { 0x4545, 0xf4 },
    { 0x4546, 0xe1 },
    { 0x4547, 0x6c },
    { 0x4548, 0x2b },
    { 0x4549, 0x27 },
    { 0x454a, 0xb9 },
    { 0x454b, 0xd4 },
    { 0x454c, 0xc3 },
    { 0x454d, 0x76 },
    { 0x454e, 0xed },
    { 0x454f, 0x44 },
    { 0x4550, 0x37 },
    { 0x4551, 0x5b },
    { 0x4552, 0xa8 },
    { 0x4553, 0x8b },
    { 0x4554, 0x11 },
    { 0x4555, 0xda },
    { 0x4556, 0x31 },
    { 0x4557, 0x4b },
    { 0x4558, 0x94 },
    { 0x4559, 0xff },
    { 0x455a, 0xd4 },
    { 0x455b, 0xcf },
    { 0x455c, 0x07 },
    { 0x455d, 0x64 },
    { 0x455e, 0xa6 },
    { 0x455f, 0x39 },
    { 0x4560, 0xb6 },
    { 0x4561, 0xf2 },
    { 0x4562, 0x0b },
    { 0x4563, 0xf1 },
    { 0x4564, 0xe6 },
    { 0x4565, 0x64 },
    { 0x4566, 0xe5 },
    { 0x4567, 0xbc },
    { 0x4568, 0x1c },
    { 0x4569, 0xe8 },
    { 0x456a, 0x42 },
    { 0x456b, 0xf4 },
    { 0x456c, 0x49 },
    { 0x456d, 0xca },
    { 0x456e, 0x83 },
    { 0x456f, 0x8d },
    { 0x4570, 0x05 },
    { 0x4571, 0x23 },
    { 0x4572, 0x0b },
    { 0x4573, 0xd9 },
    { 0x4574, 0xd2 },
    { 0x4575, 0xb0 },
    { 0x4576, 0x90 },
    { 0x4577, 0x56 },
    { 0x4578, 0x27 },
    { 0x4579, 0x0e },
    { 0x457a, 0xcf },
    { 0x457b, 0x96 },
    { 0x457c, 0x51 },
    { 0x457d, 0x51 },
    { 0x457e, 0x77 },
    { 0x457f, 0xae },
    { 0x4580, 0x95 },
    { 0x4581, 0x2d },
    { 0x4582, 0x7f },
    { 0x4583, 0xdf },
    { 0x4584, 0xf8 },
    { 0x4585, 0x26 },
    { 0x4586, 0x2a },
    { 0x4587, 0xf9 },
    { 0x4588, 0xca },
    { 0x4589, 0x9d },
    { 0x458a, 0x79 },
    { 0x458b, 0x5f },
    { 0x458c, 0x02 },
    { 0x458d, 0x03 },
    { 0x458e, 0xb6 },
    { 0x458f, 0x01 },
    { 0x4590, 0xbf },
    { 0x4591, 0xe2 },
    { 0x4592, 0x61 },
    { 0x4593, 0xf8 },
    { 0x4594, 0x72 },
    { 0x4595, 0x6f },
    { 0x4596, 0x35 },
    { 0x4597, 0x55 },
    { 0x4598, 0x3a },
    { 0x4599, 0xa0 },
    { 0x459a, 0xee },
    { 0x459b, 0xb6 },
    { 0x459c, 0xf7 },
    { 0x459d, 0xcf },
    { 0x459e, 0x77 },
    { 0x459f, 0x6c },
    { 0x45a0, 0x03 },
    { 0x45a1, 0x0b },
    { 0x45a2, 0x04 },
    { 0x45a3, 0xac },
    { 0x45a4, 0xf7 },
    { 0x45a5, 0xc4 },
    { 0x45a6, 0x95 },
    { 0x45a7, 0x1e },
    { 0x45a8, 0x37 },
    { 0x45a9, 0xcb },
    { 0x45aa, 0x32 },
    { 0x45ab, 0xc1 },
    { 0x45ac, 0x69 },
    { 0x45ad, 0x91 },
    { 0x45ae, 0x7c },
    { 0x45af, 0xa7 },
    { 0x45b0, 0x06 },
    { 0x45b1, 0xe8 },
    { 0x45b2, 0xaf },
    { 0x45b3, 0x1b },
    { 0x45b4, 0xe5 },
    { 0x45b5, 0x46 },
    { 0x45b6, 0xf9 },
    { 0x45b7, 0x21 },
    { 0x45b8, 0xf9 },
    { 0x45b9, 0x42 },
    { 0x45ba, 0x64 },
    { 0x45bb, 0x5f },
    { 0x45bc, 0x4a },
    { 0x45bd, 0x59 },
    { 0x45be, 0x47 },
    { 0x45bf, 0x3f },
    { 0x45c0, 0xca },
    { 0x45c1, 0x99 },
    { 0x45c2, 0x03 },
    { 0x45c3, 0x74 },
    { 0x45c4, 0xf2 },
    { 0x45c5, 0x07 },
    { 0x45c6, 0x7f },
    { 0x45c7, 0x83 },
    { 0x45c8, 0x04 },
    { 0x45c9, 0x59 },
    { 0x45ca, 0xb5 },
    { 0x45cb, 0x18 },
    { 0x45cc, 0x34 },
    { 0x45cd, 0x3f },
    { 0x45ce, 0xea },
    { 0x45cf, 0x1d },
    { 0x45d0, 0x5b },
    { 0x45d1, 0x62 },
    { 0x45d2, 0x13 },
    { 0x45d3, 0xcc },
    { 0x45d4, 0x02 },
    { 0x45d5, 0x70 },
    { 0x45d6, 0x05 },
    { 0x45d7, 0xe5 },
    { 0x45d8, 0x19 },
    { 0x45d9, 0x1a },
    { 0x45da, 0x60 },
    { 0x45db, 0xb7 },
    { 0x45dc, 0x65 },
    { 0x45dd, 0xc6 },
    { 0x45de, 0x03 },
    { 0x45df, 0x26 },
    { 0x45e0, 0xde },
    { 0x45e1, 0x75 },
    { 0x45e2, 0x53 },
    { 0x45e3, 0xac },
    { 0x45e4, 0x83 },
    { 0x45e5, 0xb0 },
    { 0x45e6, 0x7b },
    { 0x45e7, 0xca },
    { 0x45e8, 0x7f },
    { 0x45e9, 0xaf },
    { 0x45ea, 0xfe },
    { 0x45eb, 0x06 },
    { 0x45ec, 0xe1 },
    { 0x45ed, 0x4a },
    { 0x45ee, 0x5d },
    { 0x45ef, 0x8b },
    { 0x45f0, 0xfa },
    { 0x45f1, 0xe8 },
    { 0x45f2, 0xfa },
    { 0x45f3, 0x5a },
    { 0x45f4, 0x55 },
    { 0x45f5, 0xbe },
    { 0x45f6, 0xc1 },
    { 0x45f7, 0x54 },
    { 0x45f8, 0x56 },
    { 0x45f9, 0x9f },
    { 0x45fa, 0xe5 },
    { 0x45fb, 0x10 },
    { 0x45fc, 0xc3 },
    { 0x45fd, 0xf6 },
    { 0x45fe, 0x85 },
    { 0x45ff, 0xbd },
    { 0x4600, 0xc9 },
    { 0x4601, 0x4f },
    { 0x4602, 0x35 },
    { 0x4603, 0xba },
    { 0x4604, 0x4f },
    { 0x4605, 0xea },
    { 0x4606, 0xbb },
    { 0x4607, 0xff },
    { 0x4608, 0xb7 },
    { 0x4609, 0x4e },
    { 0x460a, 0xea },
    { 0x460b, 0xb5 },
    { 0x460c, 0xff },
    { 0x460d, 0x46 },
    { 0x460e, 0x9f },
    { 0x460f, 0xe1 },
    { 0x4610, 0x45 },
    { 0x4611, 0xb1 },
    { 0x4612, 0x32 },
    { 0x4613, 0x34 },
    { 0x4614, 0x2b },
    { 0x4615, 0x4a },
    { 0x4616, 0x99 },
    { 0x4617, 0x3c },
    { 0x4618, 0xc1 },
    { 0x4619, 0x6f },
    { 0x461a, 0xb6 },
    { 0x461b, 0x25 },
    { 0x461c, 0x0f },
    { 0x461d, 0x6f },
    { 0x461e, 0xca },
    { 0x461f, 0x00 },
    { 0x4620, 0x6f },
    { 0x4621, 0xaa },
    { 0x4622, 0x4e },
    { 0x4623, 0x27 },
    { 0x4624, 0xf4 },
    { 0x4625, 0xaa },
    { 0x4626, 0x3b },
    { 0x4627, 0x44 },
    { 0x4628, 0x91 },
    { 0x4629, 0x8a },
    { 0x462a, 0xcd },
    { 0x462b, 0x82 },
    { 0x462c, 0x16 },
    { 0x462d, 0x1d },
    { 0x462e, 0x3f },
    { 0x462f, 0x94 },
    { 0x4630, 0x74 },
    { 0x4631, 0xf8 },
    { 0x4632, 0x19 },
    { 0x4633, 0x9c },
    { 0x4634, 0xd4 },
    { 0x4635, 0xf6 },
    { 0x4636, 0x03 },
    { 0x4637, 0x7e },
    { 0x4638, 0x95 },
    { 0x4639, 0xaf },
    { 0x463a, 0xe1 },
    { 0x463b, 0xa7 },
    { 0x463c, 0x7e },
    { 0x463d, 0x70 },
    { 0x463e, 0x77 },
    { 0x463f, 0x58 },
    { 0x4640, 0xa2 },
    { 0x4641, 0xa1 },
    { 0x4642, 0x44 },
    { 0x4643, 0x9e },
    { 0x4644, 0x06 },
    { 0x4645, 0x71 },
    { 0x4646, 0xd8 },
    { 0x4647, 0xf1 },
    { 0x4648, 0xc4 },
    { 0x4649, 0x6b },
    { 0x464a, 0xda },
    { 0x464b, 0xb3 },
    { 0x464c, 0x65 },
    { 0x464d, 0xe7 },
    { 0x464e, 0xdc },
    { 0x464f, 0x6d },
    { 0x4650, 0x37 },
    { 0x4651, 0x41 },
    { 0x4652, 0x8e },
    { 0x4653, 0x84 },
    { 0x4654, 0x2b },
    { 0x4655, 0xe1 },
    { 0x4656, 0xab },
    { 0x4657, 0x0d },
    { 0x4658, 0x81 },
    { 0x4659, 0x69 },
    { 0x465a, 0x36 },
    { 0x465b, 0x12 },
    { 0x465c, 0x24 },
    { 0x465d, 0xcb },
    { 0x465e, 0xb9 },
    { 0x465f, 0x6c },
    { 0x4660, 0x45 },
    { 0x4661, 0x2a },
    { 0x4662, 0xd8 },
    { 0x4663, 0x67 },
    { 0x4664, 0xf4 },
    { 0x4665, 0xa3 },
    { 0x4666, 0x49 },
    { 0x4667, 0x0c },
    { 0x4668, 0x7a },
    { 0x4669, 0x59 },
    { 0x466a, 0x63 },
    { 0x466b, 0x96 },
    { 0x466c, 0x47 },
    { 0x466d, 0xf0 },
    { 0x466e, 0xa9 },
    { 0x466f, 0x02 },
    { 0x4670, 0x84 },
    { 0x4671, 0xc3 },
    { 0x4672, 0x6c },
    { 0x4673, 0x9e },
    { 0x4674, 0x89 },
    { 0x4675, 0xc9 },
    { 0x4676, 0x6b },
    { 0x4677, 0xb4 },
    { 0x4678, 0x01 },
    { 0x4679, 0xb8 },
    { 0x467a, 0x7a },
    { 0x467b, 0xa4 },
    { 0x467c, 0x99 },
    { 0x467d, 0x08 },
    { 0x467e, 0x85 },
    { 0x467f, 0xf7 },
    { 0x4680, 0x28 },
    { 0x4681, 0x29 },
    { 0x4682, 0xa8 },
    { 0x4683, 0x17 },
    { 0x4684, 0xe2 },
    { 0x4685, 0x92 },
    { 0x4686, 0x89 },
    { 0x4687, 0x07 },
    { 0x4688, 0x13 },
    { 0x4689, 0x28 },
    { 0x468a, 0x08 },
    { 0x468b, 0xb2 },
    { 0x468c, 0xf1 },
    { 0x468d, 0x6e },
    { 0x468e, 0x71 },
    { 0x468f, 0x1d },
    { 0x4690, 0xab },
    { 0x4691, 0x28 },
    { 0x4692, 0x84 },
    { 0x4693, 0x0d },
    { 0x4694, 0xfa },
    { 0x4695, 0x63 },
    { 0x4696, 0xe3 },
    { 0x4697, 0x02 },
    { 0x4698, 0x63 },
    { 0x4699, 0xf9 },
    { 0x469a, 0xd4 },
    { 0x469b, 0x74 },
    { 0x469c, 0x58 },
    { 0x469d, 0xc9 },
    { 0x469e, 0xcc },
    { 0x469f, 0xf2 },
    { 0x46a0, 0x3e },
    { 0x46a1, 0xc6 },
    { 0x46a2, 0xeb },
    { 0x46a3, 0x93 },
    { 0x46a4, 0x6d },
    { 0x46a5, 0xb0 },
    { 0x46a6, 0x35 },
    { 0x46a7, 0xa0 },
    { 0x46a8, 0x57 },
    { 0x46a9, 0x71 },
    { 0x46aa, 0xe5 },
    { 0x46ab, 0x73 },
    { 0x46ac, 0xff },
    { 0x46ad, 0x93 },
    { 0x46ae, 0x1f },
    { 0x46af, 0xeb },
    { 0x46b0, 0x9c },
    { 0x46b1, 0xd1 },
    { 0x46b2, 0xed },
    { 0x46b3, 0xc3 },
    { 0x46b4, 0x3e },
    { 0x46b5, 0x8c },
    { 0x46b6, 0xe4 },
    { 0x46b7, 0x7d },
    { 0x46b8, 0x83 },
    { 0x46b9, 0x30 },
    { 0x46ba, 0x34 },
    { 0x46bb, 0x20 },
    { 0x46bc, 0x1b },
    { 0x46bd, 0x57 },
    { 0x46be, 0x3b },
    { 0x46bf, 0xd5 },
    { 0x46c0, 0x28 },
    { 0x46c1, 0x35 },
    { 0x46c2, 0xf2 },
    { 0x46c3, 0x98 },
    { 0x46c4, 0x02 },
    { 0x46c5, 0x90 },
    { 0x46c6, 0x3d },
    { 0x46c7, 0x24 },
    { 0x46c8, 0x3b },
    { 0x46c9, 0x87 },
    { 0x46ca, 0xaf },
    { 0x46cb, 0xc6 },
    { 0x46cc, 0x12 },
    { 0x46cd, 0x88 },
    { 0x46ce, 0xa9 },
    { 0x46cf, 0xf3 },
    { 0x46d0, 0xe1 },
    { 0x46d1, 0x24 },
    { 0x46d2, 0x03 },
    { 0x46d3, 0x23 },
    { 0x46d4, 0xdc },
    { 0x46d5, 0x42 },
    { 0x46d6, 0x61 },
    { 0x46d7, 0x4f },
    { 0x46d8, 0xb7 },
    { 0x46d9, 0xf4 },
    { 0x46da, 0xe3 },
    { 0x46db, 0xfb },
    { 0x46dc, 0x55 },
    { 0x46dd, 0xd7 },
    { 0x46de, 0x3a },
    { 0x46df, 0xc5 },
    { 0x46e0, 0x94 },
    { 0x46e1, 0xfb },
    { 0x46e2, 0xa9 },
    { 0x46e3, 0x99 },
    { 0x46e4, 0x27 },
    { 0x46e5, 0xdc },
    { 0x46e6, 0x1e },
    { 0x46e7, 0x43 },
    { 0x46e8, 0x11 },
    { 0x46e9, 0x35 },
    { 0x46ea, 0x13 },
    { 0x46eb, 0xec },
    { 0x46ec, 0xd3 },
    { 0x46ed, 0x55 },
    { 0x46ee, 0xfa },
    { 0x46ef, 0xd0 },
    { 0x46f0, 0xf4 },
    { 0x46f1, 0x7f },
    { 0x46f2, 0x0b },
    { 0x46f3, 0x5a },
    { 0x46f4, 0xf6 },
    { 0x46f5, 0xc4 },
    { 0x46f6, 0x9b },
    { 0x46f7, 0xcd },
    { 0x46f8, 0xb5 },
    { 0x46f9, 0x92 },
    { 0x46fa, 0x95 },
    { 0x46fb, 0x44 },
    { 0x46fc, 0x75 },
    { 0x46fd, 0x6a },
    { 0x46fe, 0xd9 },
    { 0x46ff, 0x85 },
    { 0x4700, 0xb3 },
    { 0x4701, 0x61 },
    { 0x4702, 0x55 },
    { 0x4703, 0xca },
    { 0x4704, 0x6c },
    { 0x4705, 0x43 },
    { 0x4706, 0x12 },
    { 0x4707, 0x8e },
    { 0x4708, 0x75 },
    { 0x4709, 0x08 },
    { 0x470a, 0x24 },
    { 0x470b, 0xaf },
    { 0x470c, 0x77 },
    { 0x470d, 0x6b },
    { 0x470e, 0x4f },
    { 0x470f, 0x8a },
    { 0x4710, 0xa0 },
    { 0x4711, 0xa3 },
    { 0x4712, 0xb9 },
    { 0x4713, 0xd0 },
    { 0x4714, 0x0d },
    { 0x4715, 0x57 },
    { 0x4716, 0x25 },
    { 0x4717, 0xa2 },
    { 0x4718, 0xc0 },
    { 0x4719, 0x8d },
    { 0x471a, 0x8c },
    { 0x471b, 0xee },
    { 0x471c, 0x3a },
    { 0x471d, 0xe4 },
    { 0x471e, 0xd8 },
    { 0x471f, 0x5d },
    { 0x4720, 0xcf },
    { 0x4721, 0x2d },
    { 0x4722, 0x4e },
    { 0x4723, 0xf5 },
    { 0x4724, 0x5d },
    { 0x4725, 0x02 },
    { 0x4726, 0x10 },
    { 0x4727, 0x02 },
    { 0x4728, 0x08 },
    { 0x4729, 0x14 },
    { 0x472a, 0xaf },
    { 0x472b, 0x0e },
    { 0x472c, 0xe7 },
    { 0x472d, 0xdc },
    { 0x472e, 0xb3 },
    { 0x472f, 0xc5 },
    { 0x4730, 0xf0 },
    { 0x4731, 0x85 },
    { 0x4732, 0x30 },
    { 0x4733, 0x7a },
    { 0x4734, 0xdb },
    { 0x4735, 0x0e },
    { 0x4736, 0xf7 },
    { 0x4737, 0x32 },
    { 0x4738, 0xc6 },
    { 0x4739, 0xe6 },
    { 0x473a, 0x20 },
    { 0x473b, 0x1c },
    { 0x473c, 0xd3 },
    { 0x473d, 0x03 },
    { 0x473e, 0xb4 },
    { 0x473f, 0xfd },
    { 0x4740, 0x9f },
    { 0x4741, 0xda },
    { 0x4742, 0x5b },
    { 0x4743, 0xa4 },
    { 0x4744, 0x07 },
    { 0x4745, 0x40 },
    { 0x4746, 0xd3 },
    { 0x4747, 0xb0 },
    { 0x4748, 0x10 },
    { 0x4749, 0x63 },
    { 0x474a, 0xec },
    { 0x474b, 0xb0 },
    { 0x474c, 0x85 },
    { 0x474d, 0xce },
    { 0x474e, 0x57 },
    { 0x474f, 0xfb },
    { 0x4750, 0x24 },
    { 0x4751, 0x60 },
    { 0x4752, 0x46 },
    { 0x4753, 0x82 },
    { 0x4754, 0x2e },
    { 0x4755, 0x8e },
    { 0x4756, 0xc2 },
    { 0x4757, 0x7b },
    { 0x4758, 0x1b },
    { 0x4759, 0xf5 },
    { 0x475a, 0x3a },
    { 0x475b, 0x9e },
    { 0x475c, 0xbc },
    { 0x475d, 0x54 },
    { 0x475e, 0xdb },
    { 0x475f, 0x1a },
    { 0x4760, 0x25 },
    { 0x4761, 0x8e },
    { 0x4762, 0x50 },
    { 0x4763, 0x6e },
    { 0x4764, 0xce },
    { 0x4765, 0xec },
    { 0x4766, 0xe1 },
    { 0x4767, 0x04 },
    { 0x4768, 0x8d },
    { 0x4769, 0xca },
    { 0x476a, 0xfb },
    { 0x476b, 0x61 },
    { 0x476c, 0x79 },
    { 0x476d, 0x97 },
    { 0x476e, 0x77 },
    { 0x476f, 0xd6 },
    { 0x4770, 0xa8 },
    { 0x4771, 0xa0 },
    { 0x4772, 0x0e },
    { 0x4773, 0xc2 },
    { 0x4774, 0x48 },
    { 0x4775, 0x45 },
    { 0x4776, 0x6e },
    { 0x4777, 0x29 },
    { 0x4778, 0xd9 },
    { 0x4779, 0xab },
    { 0x477a, 0x0b },
    { 0x477b, 0x25 },
    { 0x477c, 0x4b },
    { 0x477d, 0x94 },
    { 0x477e, 0x5c },
    { 0x477f, 0x1f },
    { 0x4780, 0xcf },
    { 0x4781, 0x76 },
    { 0x4782, 0x9f },
    { 0x4783, 0x54 },
    { 0x4784, 0xb7 },
    { 0x4785, 0x3c },
    { 0x4786, 0xa5 },
    { 0x4787, 0xf9 },
    { 0x4788, 0xf9 },
    { 0x4789, 0x6a },
    { 0x478a, 0xa7 },
    { 0x478b, 0x3d },
    { 0x478c, 0x8e },
    { 0x478d, 0x9c },
    { 0x478e, 0x24 },
    { 0x478f, 0xf7 },
    { 0x4790, 0x3a },
    { 0x4791, 0x0a },
    { 0x4792, 0x4e },
    { 0x4793, 0x58 },
    { 0x4794, 0x08 },
    { 0x4795, 0x55 },
    { 0x4796, 0x48 },
    { 0x4797, 0x44 },
    { 0x4798, 0xc8 },
    { 0x4799, 0xbb },
    { 0x479a, 0x19 },
    { 0x479b, 0x09 },
    { 0x479c, 0x25 },
    { 0x479d, 0x39 },
    { 0x479e, 0x39 },
    { 0x479f, 0xd0 },
    { 0x47a0, 0x38 },
    { 0x47a1, 0xfd },
    { 0x47a2, 0xb7 },
    { 0x47a3, 0xe7 },
    { 0x47a4, 0xd1 },
    { 0x47a5, 0xb7 },
    { 0x47a6, 0x84 },
    { 0x47a7, 0xa5 },
    { 0x47a8, 0xe8 },
    { 0x47a9, 0x97 },
    { 0x47aa, 0x6d },
    { 0x47ab, 0x13 },
    { 0x47ac, 0x82 },
    { 0x47ad, 0x65 },
    { 0x47ae, 0x58 },
    { 0x47af, 0xd6 },
    { 0x47b0, 0xf3 },
    { 0x47b1, 0x66 },
    { 0x47b2, 0x06 },
    { 0x47b3, 0x4b },
    { 0x47b4, 0xd8 },
    { 0x47b5, 0x16 },
    { 0x47b6, 0x1f },
    { 0x47b7, 0xce },
    { 0x47b8, 0x5b },
    { 0x47b9, 0x32 },
    { 0x47ba, 0x7b },
    { 0x47bb, 0x26 },
    { 0x47bc, 0x4e },
    { 0x47bd, 0x27 },
    { 0x47be, 0xbe },
    { 0x47bf, 0x3e },
    { 0x47c0, 0x2b },
    { 0x47c1, 0x5d },
    { 0x47c2, 0xbe },
    { 0x47c3, 0x28 },
    { 0x47c4, 0xf5 },
    { 0x47c5, 0xd0 },
    { 0x47c6, 0x35 },
    { 0x47c7, 0x9e },
    { 0x47c8, 0xae },
    { 0x47c9, 0xa3 },
    { 0x47ca, 0x06 },
    { 0x47cb, 0x50 },
    { 0x47cc, 0xc0 },
    { 0x47cd, 0xe6 },
    { 0x47ce, 0x2e },
    { 0x47cf, 0xaf },
    { 0x47d0, 0x87 },
    { 0x47d1, 0x32 },
    { 0x47d2, 0xa5 },
    { 0x47d3, 0x78 },
    { 0x47d4, 0x6f },
    { 0x47d5, 0x89 },
    { 0x47d6, 0x8d },
    { 0x47d7, 0x3e },
    { 0x47d8, 0xc7 },
    { 0x47d9, 0xf7 },
    { 0x47da, 0xf8 },
    { 0x47db, 0x57 },
    { 0x47dc, 0x7d },
    { 0x47dd, 0x52 },
    { 0x47de, 0x4b },
    { 0x47df, 0x37 },
    { 0x47e0, 0x63 },
    { 0x47e1, 0x0e },
    { 0x47e2, 0x25 },
    { 0x47e3, 0xc6 },
    { 0x47e4, 0xa9 },
    { 0x47e5, 0x9f },
    { 0x47e6, 0x9f },
    { 0x47e7, 0x3a },
    { 0x47e8, 0x54 },
    { 0x47e9, 0xb8 },
    { 0x47ea, 0xfb },
    { 0x47eb, 0x5a },
    { 0x47ec, 0xc0 },
    { 0x47ed, 0xdf },
    { 0x47ee, 0x68 },
    { 0x47ef, 0x2b },
    { 0x47f0, 0xe0 },
    { 0x47f1, 0xd2 },
    { 0x47f2, 0xc4 },
    { 0x47f3, 0x34 },
    { 0x47f4, 0x45 },
    { 0x47f5, 0x59 },
    { 0x47f6, 0x16 },
    { 0x47f7, 0x3e },
    { 0x47f8, 0x7d },
    { 0x47f9, 0x0f },
    { 0x47fa, 0x89 },
    { 0x47fb, 0xec },
    { 0x47fc, 0x8d },
    { 0x47fd, 0x14 },
    { 0x47fe, 0x87 },
    { 0x47ff, 0xcf },
    { 0x4800, 0x93 },
    { 0x4801, 0xda },
    { 0x4802, 0x11 },
    { 0x4803, 0xd6 },
    { 0x4804, 0xdd },
    { 0x4805, 0xce },
    { 0x4806, 0x08 },
    { 0x4807, 0xc1 },
    { 0x4808, 0x6a },
    { 0x4809, 0x84 },
    { 0x480a, 0xfc },
    { 0x480b, 0xf8 },
    { 0x480c, 0x83 },
    { 0x480d, 0x03 },
    { 0x480e, 0x4d },
    { 0x480f, 0x75 },
    { 0x4810, 0x90 },
    { 0x4811, 0x15 },
    { 0x4812, 0xaa },
    { 0x4813, 0x09 },
    { 0x4814, 0x5f },
    { 0x4815, 0xa4 },
    { 0x4816, 0xc9 },
    { 0x4817, 0xd4 },
    { 0x4818, 0x2a },
    { 0x4819, 0x23 },
    { 0x481a, 0x8e },
    { 0x481b, 0x15 },
    { 0x481c, 0x4b },
    { 0x481d, 0xb2 },
    { 0x481e, 0x6d },
    { 0x481f, 0xb1 },
    { 0x4820, 0x60 },
    { 0x4821, 0x94 },
    { 0x4822, 0x3f },
    { 0x4823, 0x05 },
    { 0x4824, 0x9f },
    { 0x4825, 0x1c },
    { 0x4826, 0x88 },
    { 0x4827, 0x3e },
    { 0x4828, 0xd9 },
    { 0x4829, 0x11 },
    { 0x482a, 0xd3 },
    { 0x482b, 0x3e },
    { 0x482c, 0x95 },
    { 0x482d, 0x56 },
    { 0x482e, 0x40 },
    { 0x482f, 0xed },
    { 0x4830, 0xa8 },
    { 0x4831, 0xe5 },
    { 0x4832, 0xeb },
    { 0x4833, 0xd7 },
    { 0x4834, 0x5d },
    { 0x4835, 0x40 },
    { 0x4836, 0xbb },
    { 0x4837, 0xf6 },
    { 0x4838, 0xc7 },
    { 0x4839, 0x87 },
    { 0x483a, 0x6d },
    { 0x483b, 0x2b },
    { 0x483c, 0xa7 },
    { 0x483d, 0xd6 },
    { 0x483e, 0xf0 },
    { 0x483f, 0xf5 },
    { 0x4840, 0x88 },
    { 0x4841, 0xfc },
    { 0x4842, 0x24 },
    { 0x4843, 0x3b },
    { 0x4844, 0xe6 },
    { 0x4845, 0x6a },
    { 0x4846, 0x40 },
    { 0x4847, 0x94 },
    { 0x4848, 0x35 },
    { 0x4849, 0x56 },
    { 0x484a, 0x2d },
    { 0x484b, 0x73 },
    { 0x484c, 0x11 },
    { 0x484d, 0x3b },
    { 0x484e, 0x20 },
    { 0x484f, 0xa1 },
    { 0x4850, 0xc6 },
    { 0x4851, 0x3b },
    { 0x4852, 0x12 },
    { 0x4853, 0xc3 },
    { 0x4854, 0x80 },
    { 0x4855, 0x81 },
    { 0x4856, 0x89 },
    { 0x4857, 0x22 },
    { 0x4858, 0x3f },
    { 0x4859, 0x05 },
    { 0x485a, 0x8d },
    { 0x485b, 0x9c },
    { 0x485c, 0xce },
    { 0x485d, 0x05 },
    { 0x485e, 0xb0 },
    { 0x485f, 0x14 },
    { 0x4860, 0xb8 },
    { 0x4861, 0xe2 },
    { 0x4862, 0xd2 },
    { 0x4863, 0x7d },
    { 0x4864, 0xe0 },
    { 0x4865, 0x33 },
    { 0x4866, 0x0a },
    { 0x4867, 0x1a },
    { 0x4868, 0x31 },
    { 0x4869, 0x37 },
    { 0x486a, 0x73 },
    { 0x486b, 0x80 },
    { 0x486c, 0xd5 },
    { 0x486d, 0x97 },
    { 0x486e, 0xad },
    { 0x486f, 0xfb },
    { 0x4870, 0x94 },
    { 0x4871, 0x60 },
    { 0x4872, 0x68 },
    { 0x4873, 0x71 },
    { 0x4874, 0xca },
    { 0x4875, 0xf0 },
    { 0x4876, 0x7e },
    { 0x4877, 0x3a },
    { 0x4878, 0x21 },
    { 0x4879, 0xf5 },
    { 0x487a, 0xb2 },
    { 0x487b, 0x1c },
    { 0x487c, 0x49 },
    { 0x487d, 0x0e },
    { 0x487e, 0xaf },
    { 0x487f, 0x4e },
    { 0x4880, 0x2e },
    { 0x4881, 0x34 },
    { 0x4882, 0x6b },
    { 0x4883, 0x7d },
    { 0x4884, 0x0d },
    { 0x4885, 0x19 },
    { 0x4886, 0x81 },
    { 0x4887, 0x04 },
    { 0x4888, 0x05 },
    { 0x4889, 0xa6 },
    { 0x488a, 0xbd },
    { 0x488b, 0x7d },
    { 0x488c, 0x6b },
    { 0x488d, 0xd1 },
    { 0x488e, 0x5b },
    { 0x488f, 0x00 },
    { 0x4890, 0xae },
    { 0x4891, 0x1d },
    { 0x4892, 0x41 },
    { 0x4893, 0xfd },
    { 0x4894, 0xe0 },
    { 0x4895, 0x2f },
    { 0x4896, 0x49 },
    { 0x4897, 0x4f },
    { 0x4898, 0x92 },
    { 0x4899, 0x53 },
    { 0x489a, 0xc6 },
    { 0x489b, 0xc5 },
    { 0x489c, 0x92 },
    { 0x489d, 0x32 },
    { 0x489e, 0x7b },
    { 0x489f, 0x82 },
    { 0x48a0, 0x0f },
    { 0x48a1, 0xd6 },
    { 0x48a2, 0x94 },
    { 0x48a3, 0x33 },
    { 0x48a4, 0xb5 },
    { 0x48a5, 0xc0 },
    { 0x48a6, 0x36 },
    { 0x48a7, 0xf8 },
    { 0x48a8, 0x53 },
    { 0x48a9, 0x32 },
    { 0x48aa, 0x87 },
    { 0x48ab, 0x5c },
    { 0x48ac, 0x9a },
    { 0x48ad, 0x53 },
    { 0x48ae, 0x48 },
    { 0x48af, 0x92 },
    { 0x48b0, 0xaf },
    { 0x48b1, 0x92 },
    { 0x48b2, 0x7d },
    { 0x48b3, 0x60 },
    { 0x48b4, 0x8d },
    { 0x48b5, 0x54 },
    { 0x48b6, 0xcf },
    { 0x48b7, 0xe9 },
    { 0x48b8, 0xe3 },
    { 0x48b9, 0x5c },
    { 0x48ba, 0x88 },
    { 0x48bb, 0xfd },
    { 0x48bc, 0x7b },
    { 0x48bd, 0xf5 },
    { 0x48be, 0x02 },
    { 0x48bf, 0xb6 },
    { 0x48c0, 0xf2 },
    { 0x48c1, 0x10 },
    { 0x48c2, 0xc5 },
    { 0x48c3, 0x4f },
    { 0x48c4, 0xf9 },
    { 0x48c5, 0xfd },
    { 0x48c6, 0xc9 },
    { 0x48c7, 0x7a },
    { 0x48c8, 0x32 },
    { 0x48c9, 0x79 },
    { 0x48ca, 0xf0 },
    { 0x48cb, 0x70 },
    { 0x48cc, 0xf6 },
    { 0x48cd, 0xbe },
    { 0x48ce, 0xef },
    { 0x48cf, 0x9a },
    { 0x48d0, 0xbb },
    { 0x48d1, 0x29 },
    { 0x48d2, 0x32 },
    { 0x48d3, 0xb4 },
    { 0x48d4, 0x92 },
    { 0x48d5, 0x51 },
    { 0x48d6, 0x9d },
    { 0x48d7, 0xba },
    { 0x48d8, 0xaf },
    { 0x48d9, 0xda },
    { 0x48da, 0xb2 },
    { 0x48db, 0x12 },
    { 0x48dc, 0x47 },
    { 0x48dd, 0x02 },
    { 0x48de, 0xfb },
    { 0x48df, 0x9b },
    { 0x48e0, 0xbf },
    { 0x48e1, 0xce },
    { 0x48e2, 0xe8 },
    { 0x48e3, 0xe0 },
    { 0x48e4, 0x07 },
    { 0x48e5, 0x76 },
    { 0x48e6, 0x14 },
    { 0x48e7, 0xbd },
    { 0x48e8, 0x04 },
    { 0x48e9, 0x0d },
    { 0x48ea, 0xf5 },
    { 0x48eb, 0xee },
    { 0x48ec, 0x68 },
    { 0x48ed, 0x71 },
    { 0x48ee, 0x66 },
    { 0x48ef, 0xd9 },
    { 0x48f0, 0xb9 },
    { 0x48f1, 0x5b },
    { 0x48f2, 0xd3 },
    { 0x48f3, 0x49 },
    { 0x48f4, 0xb8 },
    { 0x48f5, 0x7d },
    { 0x48f6, 0xd7 },
    { 0x48f7, 0x7a },
    { 0x48f8, 0x3d },
    { 0x48f9, 0x02 },
    { 0x48fa, 0x27 },
    { 0x48fb, 0x7f },
    { 0x48fc, 0xc1 },
    { 0x48fd, 0x91 },
    { 0x48fe, 0x2f },
    { 0x48ff, 0x78 },
    { 0x4900, 0x28 },
    { 0x4901, 0x3a },
    { 0x4902, 0x06 },
    { 0x4903, 0x0c },
    { 0x4904, 0x88 },
    { 0x4905, 0xac },
    { 0x4906, 0xfd },
    { 0x4907, 0xcb },
    { 0x4908, 0x01 },
    { 0x4909, 0x19 },
    { 0x490a, 0x66 },
    { 0x490b, 0xb9 },
    { 0x490c, 0x5e },
    { 0x490d, 0xf6 },
    { 0x490e, 0x43 },
    { 0x490f, 0x72 },
    { 0x4910, 0x3f },
    { 0x4911, 0x81 },
    { 0x4912, 0xdd },
    { 0x4913, 0x25 },
    { 0x4914, 0x7c },
    { 0x4915, 0xf1 },
    { 0x4916, 0x82 },
    { 0x4917, 0x41 },
    { 0x4918, 0xd7 },
    { 0x4919, 0x58 },
    { 0x491a, 0xe8 },
    { 0x491b, 0x47 },
    { 0x491c, 0xfe },
    { 0x491d, 0x03 },
    { 0x491e, 0x2a },
    { 0x491f, 0xf6 },
    { 0x4920, 0xc3 },
    { 0x4921, 0x29 },
    { 0x4922, 0xd0 },
    { 0x4923, 0x8e },
    { 0x4924, 0x37 },
    { 0x4925, 0xf0 },
    { 0x4926, 0x34 },
    { 0x4927, 0x05 },
    { 0x4928, 0x21 },
    { 0x4929, 0xeb },
    { 0x492a, 0x44 },
    { 0x492b, 0x40 },
    { 0x492c, 0xa4 },
    { 0x492d, 0xac },
    { 0x492e, 0x4b },
    { 0x492f, 0x0f },
    { 0x4930, 0xc7 },
    { 0x4931, 0x46 },
    { 0x4932, 0x43 },
    { 0x4933, 0xd2 },
    { 0x4934, 0x12 },
    { 0x4935, 0x27 },
    { 0x4936, 0xee },
    { 0x4937, 0xa2 },
    { 0x4938, 0x18 },
    { 0x4939, 0xcf },
    { 0x493a, 0x82 },
    { 0x493b, 0xe7 },
    { 0x493c, 0x84 },
    { 0x493d, 0xfa },
    { 0x493e, 0xda },
    { 0x493f, 0x9b },
    { 0x4940, 0x14 },
    { 0x4941, 0x48 },
    { 0x4942, 0x2f },
    { 0x4943, 0x1c },
    { 0x4944, 0x8e },
    { 0x4945, 0x15 },
    { 0x4946, 0x14 },
    { 0x4947, 0x82 },
    { 0x4948, 0x51 },
    { 0x4949, 0x8a },
    { 0x494a, 0xae },
    { 0x494b, 0xc1 },
    { 0x494c, 0x1f },
    { 0x494d, 0x9d },
    { 0x494e, 0x12 },
    { 0x494f, 0x95 },
    { 0x4950, 0x24 },
    { 0x4951, 0x56 },
    { 0x4952, 0x01 },
    { 0x4953, 0x43 },
    { 0x4954, 0xce },
    { 0x4955, 0x19 },
    { 0x4956, 0xed },
    { 0x4957, 0xd2 },
    { 0x4958, 0x1f },
    { 0x4959, 0x84 },
    { 0x495a, 0xd8 },
    { 0x495b, 0x88 },
    { 0x495c, 0x48 },
    { 0x495d, 0x93 },
    { 0x495e, 0xf0 },
    { 0x495f, 0x46 },
    { 0x4960, 0x19 },
    { 0x4961, 0xd8 },
    { 0x4962, 0x8c },
    { 0x4963, 0xbd },
    { 0x4964, 0x98 },
    { 0x4965, 0xb5 },
    { 0x4966, 0xc5 },
    { 0x4967, 0x35 },
    { 0x4968, 0x1d },
    { 0x4969, 0x57 },
    { 0x496a, 0x7d },
    { 0x496b, 0x3e },
    { 0x496c, 0xcb },
    { 0x496d, 0xa1 },
    { 0x496e, 0x66 },
    { 0x496f, 0x38 },
    { 0x4970, 0xbb },
    { 0x4971, 0xe3 },
    { 0x4972, 0x7e },
    { 0x4973, 0x1e },
    { 0x4974, 0x79 },
    { 0x4975, 0x8a },
    { 0x4976, 0xf4 },
    { 0x4977, 0x77 },
    { 0x4978, 0x0b },
    { 0x4979, 0x8d },
    { 0x497a, 0x19 },
    { 0x497b, 0xf5 },
    { 0x497c, 0x2e },
    { 0x497d, 0x9a },
    { 0x497e, 0xfc },
    { 0x497f, 0x9b },
    { 0x4980, 0xc4 },
    { 0x4981, 0xcf },
    { 0x4982, 0x84 },
    { 0x4983, 0x49 },
    { 0x4984, 0x19 },
    { 0x4985, 0x55 },
    { 0x4986, 0x09 },
    { 0x4987, 0x31 },
    { 0x4988, 0x19 },
    { 0x4989, 0xc4 },
    { 0x498a, 0xcc },
    { 0x498b, 0x94 },
    { 0x498c, 0x51 },
    { 0x498d, 0xdd },
    { 0x498e, 0x4a },
    { 0x498f, 0x27 },
    { 0x4990, 0xc8 },
    { 0x4991, 0xaa },
    { 0x4992, 0x49 },
    { 0x4993, 0x5e },
    { 0x4994, 0xea },
    { 0x4995, 0x93 },
    { 0x4996, 0xf4 },
    { 0x4997, 0xe7 },
    { 0x4998, 0x18 },
    { 0x4999, 0xe4 },
    { 0x499a, 0xee },
    { 0x499b, 0x8a },
    { 0x499c, 0x2f },
    { 0x499d, 0x41 },
    { 0x499e, 0xe9 },
    { 0x499f, 0xe0 },
    { 0x49a0, 0x82 },
    { 0x49a1, 0x85 },
    { 0x49a2, 0x28 },
    { 0x49a3, 0xf6 },
    { 0x49a4, 0x1f },
    { 0x49a5, 0xfa },
    { 0x49a6, 0x8e },
    { 0x49a7, 0x19 },
    { 0x49a8, 0x92 },
    { 0x49a9, 0x0d },
    { 0x49aa, 0xb1 },
    { 0x49ab, 0x2c },
    { 0x49ac, 0x72 },
    { 0x49ad, 0x86 },
    { 0x49ae, 0x0b },
    { 0x49af, 0x37 },
    { 0x49b0, 0xe5 },
    { 0x49b1, 0x98 },
    { 0x49b2, 0x2b },
    { 0x49b3, 0x18 },
    { 0x49b4, 0xb9 },
    { 0x49b5, 0x55 },
    { 0x49b6, 0xf0 },
    { 0x49b7, 0xdf },
    { 0x49b8, 0x02 },
    { 0x49b9, 0x08 },
    { 0x49ba, 0x31 },
    { 0x49bb, 0xaa },
    { 0x49bc, 0x1d },
    { 0x49bd, 0x94 },
    { 0x49be, 0xd8 },
    { 0x49bf, 0x0a },
    { 0x49c0, 0x6a },
    { 0x49c1, 0x12 },
    { 0x49c2, 0x8b },
    { 0x49c3, 0x67 },
    { 0x49c4, 0x4b },
    { 0x49c5, 0x3f },
    { 0x49c6, 0xf2 },
    { 0x49c7, 0x39 },
    { 0x49c8, 0x36 },
    { 0x49c9, 0x27 },
    { 0x49ca, 0xd2 },
    { 0x49cb, 0xd9 },
    { 0x49cc, 0xee },
    { 0x49cd, 0xaf },
    { 0x49ce, 0xbe },
    { 0x49cf, 0x3e },
    { 0x49d0, 0x76 },
    { 0x49d1, 0x99 },
    { 0x49d2, 0x23 },
    { 0x49d3, 0x63 },
    { 0x49d4, 0xed },
    { 0x49d5, 0xe0 },
    { 0x49d6, 0x99 },
    { 0x49d7, 0x7e },
    { 0x49d8, 0xf3 },
    { 0x49d9, 0xb0 },
    { 0x49da, 0x20 },
    { 0x49db, 0xe9 },
    { 0x49dc, 0xb4 },
    { 0x49dd, 0x72 },
    { 0x49de, 0xf4 },
    { 0x49df, 0x52 },
    { 0x49e0, 0x1a },
    { 0x49e1, 0xcc },
    { 0x49e2, 0xca },
    { 0x49e3, 0x51 },
    { 0x49e4, 0x1a },
    { 0x49e5, 0x8a },
    { 0x49e6, 0xa4 },
    { 0x49e7, 0xff },
    { 0x49e8, 0xbc },
    { 0x49e9, 0xea },
    { 0x49ea, 0x7a },
    { 0x49eb, 0x1d },
    { 0x49ec, 0x27 },
    { 0x49ed, 0x71 },
    { 0x49ee, 0xda },
    { 0x49ef, 0x8a },
    { 0x49f0, 0x7c },
    { 0x49f1, 0x48 },
    { 0x49f2, 0xcb },
    { 0x49f3, 0x9f },
    { 0x49f4, 0xc9 },
    { 0x49f5, 0x69 },
    { 0x49f6, 0x5d },
    { 0x49f7, 0x84 },
    { 0x49f8, 0x2d },
    { 0x49f9, 0x3f },
    { 0x49fa, 0x14 },
    { 0x49fb, 0x6a },
    { 0x49fc, 0xc2 },
    { 0x49fd, 0x24 },
    { 0x49fe, 0x49 },
    { 0x49ff, 0x2b },
    { 0x4a00, 0x4c },
    { 0x4a01, 0x37 },
    { 0x4a02, 0x55 },
    { 0x4a03, 0x51 },
    { 0x4a04, 0x8c },
    { 0x4a05, 0x70 },
    { 0x4a06, 0x48 },
    { 0x4a07, 0x46 },
    { 0x4a08, 0x47 },
    { 0x4a09, 0x00 },
    { 0x4a0a, 0xf8 },
    { 0x4a0b, 0xb4 },
    { 0x4a0c, 0x87 },
    { 0x4a0d, 0x9b },
    { 0x4a0e, 0x66 },
    { 0x4a0f, 0xd1 },
    { 0x4a10, 0x8e },
    { 0x4a11, 0x14 },
    { 0x4a12, 0x81 },
    { 0x4a13, 0x38 },
    { 0x4a14, 0xe3 },
    { 0x4a15, 0xb8 },
    { 0x4a16, 0x91 },
    { 0x4a17, 0x4d },
    { 0x4a18, 0x7a },
    { 0x4a19, 0xdc },
    { 0x4a1a, 0x43 },
    { 0x4a1b, 0x02 },
    { 0x4a1c, 0x70 },
    { 0x4a1d, 0xef },
    { 0x4a1e, 0x44 },
    { 0x4a1f, 0x0a },
    { 0x4a20, 0xdd },
    { 0x4a21, 0xcc },
    { 0x4a22, 0xa3 },
    { 0x4a23, 0xee },
    { 0x4a24, 0x90 },
    { 0x4a25, 0xa9 },
    { 0x4a26, 0x19 },
    { 0x4a27, 0xf9 },
    { 0x4a28, 0x6d },
    { 0x4a29, 0x24 },
    { 0x4a2a, 0x18 },
    { 0x4a2b, 0x1b },
    { 0x4a2c, 0xb5 },
    { 0x4a2d, 0x6f },
    { 0x4a2e, 0x1f },
    { 0x4a2f, 0x8f },
    { 0x4a30, 0xc9 },
    { 0x4a31, 0x1c },
    { 0x4a32, 0xa2 },
    { 0x4a33, 0x88 },
    { 0x4a34, 0x47 },
    { 0x4a35, 0x8f },
    { 0x4a36, 0xb2 },
    { 0x4a37, 0xec },
    { 0x4a38, 0xbf },
    { 0x4a39, 0x27 },
    { 0x4a3a, 0xe7 },
    { 0x4a3b, 0x67 },
    { 0x4a3c, 0x19 },
    { 0x4a3d, 0xcf },
    { 0x4a3e, 0x3a },
    { 0x4a3f, 0x8d },
    { 0x4a40, 0xaa },
    { 0x4a41, 0x7e },
    { 0x4a42, 0x89 },
    { 0x4a43, 0xc1 },
    { 0x4a44, 0xc3 },
    { 0x4a45, 0x6b },
    { 0x4a46, 0x20 },
    { 0x4a47, 0xb4 },
    { 0x4a48, 0x65 },
    { 0x4a49, 0x8a },
    { 0x4a4a, 0x0b },
    { 0x4a4b, 0xab },
    { 0x4a4c, 0xa5 },
    { 0x4a4d, 0x67 },
    { 0x4a4e, 0x7e },
    { 0x4a4f, 0x31 },
    { 0x4a50, 0x57 },
    { 0x4a51, 0x7e },
    { 0x4a52, 0x52 },
    { 0x4a53, 0x62 },
    { 0x4a54, 0xe7 },
    { 0x4a55, 0x92 },
    { 0x4a56, 0xab },
    { 0x4a57, 0xe5 },
    { 0x4a58, 0xaa },
    { 0x4a59, 0x95 },
    { 0x4a5a, 0x90 },
    { 0x4a5b, 0x72 },
    { 0x4a5c, 0x5f },
    { 0x4a5d, 0x73 },
    { 0x4a5e, 0xe6 },
    { 0x4a5f, 0x21 },
    { 0x4a60, 0x72 },
    { 0x4a61, 0xd0 },
    { 0x4a62, 0x49 },
    { 0x4a63, 0x6c },
    { 0x4a64, 0xfb },
    { 0x4a65, 0x90 },
    { 0x4a66, 0x45 },
    { 0x4a67, 0x94 },
    { 0x4a68, 0x85 },
    { 0x4a69, 0x24 },
    { 0x4a6a, 0xf6 },
    { 0x4a6b, 0x55 },
    { 0x4a6c, 0x2f },
    { 0x4a6d, 0xe9 },
    { 0x4a6e, 0x74 },
    { 0x4a6f, 0x07 },
    { 0x4a70, 0x53 },
    { 0x4a71, 0x07 },
    { 0x4a72, 0xdb },
    { 0x4a73, 0x9f },
    { 0x4a74, 0x76 },
    { 0x4a75, 0x41 },
    { 0x4a76, 0xca },
    { 0x4a77, 0x1b },
    { 0x4a78, 0x4a },
    { 0x4a79, 0x6e },
    { 0x4a7a, 0x08 },
    { 0x4a7b, 0x9a },
    { 0x4a7c, 0xf6 },
    { 0x4a7d, 0x29 },
    { 0x4a7e, 0x0e },
    { 0x4a7f, 0xc4 },
    { 0x4a80, 0xa0 },
    { 0x4a81, 0xb7 },
    { 0x4a82, 0xcb },
    { 0x4a83, 0x32 },
    { 0x4a84, 0x08 },
    { 0x4a85, 0x56 },
    { 0x4a86, 0xa0 },
    { 0x4a87, 0x03 },
    { 0x4a88, 0xc2 },
    { 0x4a89, 0xce },
    { 0x4a8a, 0xb7 },
    { 0x4a8b, 0x3b },
    { 0x4a8c, 0x7b },
    { 0x4a8d, 0x13 },
    { 0x4a8e, 0xd1 },
    { 0x4a8f, 0x55 },
    { 0x4a90, 0x19 },
    { 0x4a91, 0x0a },
    { 0x4a92, 0xb9 },
    { 0x4a93, 0x21 },
    { 0x4a94, 0xab },
    { 0x4a95, 0xad },
    { 0x4a96, 0x4e },
    { 0x4a97, 0x7a },
    { 0x4a98, 0x07 },
    { 0x4a99, 0xaa },
    { 0x4a9a, 0x89 },
    { 0x4a9b, 0xe5 },
    { 0x4a9c, 0x2d },
    { 0x4a9d, 0x0f },
    { 0x4a9e, 0xbb },
    { 0x4a9f, 0x80 },
    { 0x4aa0, 0x1a },
    { 0x4aa1, 0x32 },
    { 0x4aa2, 0xa2 },
    { 0x4aa3, 0xdd },
    { 0x4aa4, 0x2c },
    { 0x4aa5, 0x29 },
    { 0x4aa6, 0xb0 },
    { 0x4aa7, 0x85 },
    { 0x4aa8, 0x89 },
    { 0x4aa9, 0x7c },
    { 0x4aaa, 0xf9 },
    { 0x4aab, 0x6f },
    { 0x4aac, 0xfd },
    { 0x4aad, 0x8f },
    { 0x4aae, 0x28 },
    { 0x4aaf, 0x92 },
    { 0x4ab0, 0xfb },
    { 0x4ab1, 0x7d },
    { 0x4ab2, 0x4d },
    { 0x4ab3, 0x46 },
    { 0x4ab4, 0x6c },
    { 0x4ab5, 0x43 },
    { 0x4ab6, 0x8c },
    { 0x4ab7, 0xda },
    { 0x4ab8, 0x89 },
    { 0x4ab9, 0x7b },
    { 0x4aba, 0x1f },
    { 0x4abb, 0xca },
    { 0x4abc, 0x1c },
    { 0x4abd, 0x74 },
    { 0x4abe, 0x59 },
    { 0x4abf, 0xeb },
    { 0x4ac0, 0x0e },
    { 0x4ac1, 0x44 },
    { 0x4ac2, 0x23 },
    { 0x4ac3, 0xc4 },
    { 0x4ac4, 0xba },
    { 0x4ac5, 0x2b },
    { 0x4ac6, 0x84 },
    { 0x4ac7, 0x5f },
    { 0x4ac8, 0x5c },
    { 0x4ac9, 0x69 },
    { 0x4aca, 0xa0 },
    { 0x4acb, 0x80 },
    { 0x4acc, 0xf0 },
    { 0x4acd, 0x46 },
    { 0x4ace, 0x88 },
    { 0x4acf, 0x78 },
    { 0x4ad0, 0x1a },
    { 0x4ad1, 0xd0 },
    { 0x4ad2, 0x0c },
    { 0x4ad3, 0x48 },
    { 0x4ad4, 0x25 },
    { 0x4ad5, 0x9f },
    { 0x4ad6, 0xd3 },
    { 0x4ad7, 0x05 },
    { 0x4ad8, 0xb1 },
    { 0x4ad9, 0xe2 },
    { 0x4ada, 0x73 },
    { 0x4adb, 0xc1 },
    { 0x4adc, 0x5f },
    { 0x4add, 0x9e },
    { 0x4ade, 0x1d },
    { 0x4adf, 0x5c },
    { 0x4ae0, 0xd0 },
    { 0x4ae1, 0x31 },
    { 0x4ae2, 0xbd },
    { 0x4ae3, 0x8b },
    { 0x4ae4, 0x0b },
    { 0x4ae5, 0xab },
    { 0x4ae6, 0x93 },
    { 0x4ae7, 0x58 },
    { 0x4ae8, 0x63 },
    { 0x4ae9, 0xa7 },
    { 0x4aea, 0xec },
    { 0x4aeb, 0x97 },
    { 0x4aec, 0x72 },
    { 0x4aed, 0xbb },
    { 0x4aee, 0x12 },
    { 0x4aef, 0x88 },
    { 0x4af0, 0x1b },
    { 0x4af1, 0x79 },
    { 0x4af2, 0x2e },
    { 0x4af3, 0x86 },
    { 0x4af4, 0xd7 },
    { 0x4af5, 0xeb },
    { 0x4af6, 0xc5 },
    { 0x4af7, 0x74 },
    { 0x4af8, 0xb5 },
    { 0x4af9, 0x81 },
    { 0x4afa, 0xd3 },
    { 0x4afb, 0xeb },
    { 0x4afc, 0xaa },
    { 0x4afd, 0x10 },
    { 0x4afe, 0x19 },
    { 0x4aff, 0xdd },
    { 0x4b00, 0x25 },
    { 0x4b01, 0x64 },
    { 0x4b02, 0x4e },
    { 0x4b03, 0x06 },
    { 0x4b04, 0x24 },
    { 0x4b05, 0x50 },
    { 0x4b06, 0x19 },
    { 0x4b07, 0xc4 },
    { 0x4b08, 0x02 },
    { 0x4b09, 0xae },
    { 0x4b0a, 0x47 },
    { 0x4b0b, 0xef },
    { 0x4b0c, 0xca },
    { 0x4b0d, 0x93 },
    { 0x4b0e, 0x0b },
    { 0x4b0f, 0xaf },
    { 0x4b10, 0x73 },
    { 0x4b11, 0x0a },
    { 0x4b12, 0x13 },
    { 0x4b13, 0xf3 },
    { 0x4b14, 0xaa },
    { 0x4b15, 0x0b },
    { 0x4b16, 0x0d },
    { 0x4b17, 0xb2 },
    { 0x4b18, 0x74 },
    { 0x4b19, 0x42 },
    { 0x4b1a, 0x19 },
    { 0x4b1b, 0xb2 },
    { 0x4b1c, 0x26 },
    { 0x4b1d, 0x9b },
    { 0x4b1e, 0xd9 },
    { 0x4b1f, 0x10 },
    { 0x4b20, 0xa5 },
    { 0x4b21, 0x06 },
    { 0x4b22, 0x9a },
    { 0x4b23, 0x38 },
    { 0x4b24, 0x5e },
    { 0x4b25, 0x69 },
    { 0x4b26, 0x21 },
    { 0x4b27, 0x55 },
    { 0x4b28, 0xa1 },
    { 0x4b29, 0x98 },
    { 0x4b2a, 0xed },
    { 0x4b2b, 0xbe },
    { 0x4b2c, 0xdc },
    { 0x4b2d, 0x22 },
    { 0x4b2e, 0x33 },
    { 0x4b2f, 0x28 },
    { 0x4b30, 0xfc },
    { 0x4b31, 0x5d },
    { 0x4b32, 0x92 },
    { 0x4b33, 0x3c },
    { 0x4b34, 0x53 },
    { 0x4b35, 0xc5 },
    { 0x4b36, 0xc9 },
    { 0x4b37, 0x44 },
    { 0x4b38, 0xa3 },
    { 0x4b39, 0x20 },
    { 0x4b3a, 0xaa },
    { 0x4b3b, 0x59 },
    { 0x4b3c, 0xd2 },
    { 0x4b3d, 0xa5 },
    { 0x4b3e, 0x84 },
    { 0x4b3f, 0x07 },
    { 0x4b40, 0x42 },
    { 0x4b41, 0x5a },
    { 0x4b42, 0x53 },
    { 0x4b43, 0x8a },
    { 0x4b44, 0x2f },
    { 0x4b45, 0x22 },
    { 0x4b46, 0x4b },
    { 0x4b47, 0x0e },
    { 0x4b48, 0x79 },
    { 0x4b49, 0x5d },
    { 0x4b4a, 0x6f },
    { 0x4b4b, 0x0f },
    { 0x4b4c, 0xd9 },
    { 0x4b4d, 0x9b },
    { 0x4b4e, 0x67 },
    { 0x4b4f, 0x9e },
    { 0x4b50, 0x2f },
    { 0x4b51, 0x3e },
    { 0x4b52, 0x34 },
    { 0x4b53, 0xfb },
    { 0x4b54, 0x5d },
    { 0x4b55, 0x90 },
    { 0x4b56, 0xab },
    { 0x4b57, 0x4a },
    { 0x4b58, 0x79 },
    { 0x4b59, 0x1a },
    { 0x4b5a, 0xa3 },
    { 0x4b5b, 0x84 },
    { 0x4b5c, 0x60 },
    { 0x4b5d, 0x74 },
    { 0x4b5e, 0xd0 },
    { 0x4b5f, 0xf8 },
    { 0x4b60, 0x1d },
    { 0x4b61, 0xf7 },
    { 0x4b62, 0x04 },
    { 0x4b63, 0xee },
    { 0x4b64, 0xa3 },
    { 0x4b65, 0x70 },
    { 0x4b66, 0x15 },
    { 0x4b67, 0x1d },
    { 0x4b68, 0x37 },
    { 0x4b69, 0x94 },
    { 0x4b6a, 0xd6 },
    { 0x4b6b, 0xe1 },
    { 0x4b6c, 0xa2 },
    { 0x4b6d, 0xbc },
    { 0x4b6e, 0xe7 },
    { 0x4b6f, 0xf0 },
    { 0x4b70, 0xd6 },
    { 0x4b71, 0x68 },
    { 0x4b72, 0x4a },
    { 0x4b73, 0xa5 },
    { 0x4b74, 0xa2 },
    { 0x4b75, 0xd1 },
    { 0x4b76, 0x9d },
    { 0x4b77, 0x6e },
    { 0x4b78, 0xd5 },
    { 0x4b79, 0x1c },
    { 0x4b7a, 0xba },
    { 0x4b7b, 0x98 },
    { 0x4b7c, 0x26 },
    { 0x4b7d, 0x40 },
    { 0x4b7e, 0xb2 },
    { 0x4b7f, 0x55 },
    { 0x4b80, 0x61 },
    { 0x4b81, 0x66 },
    { 0x4b82, 0xdb },
    { 0x4b83, 0x7d },
    { 0x4b84, 0x91 },
    { 0x4b85, 0x17 },
    { 0x4b86, 0xcb },
    { 0x4b87, 0x5c },
    { 0x4b88, 0x70 },
    { 0x4b89, 0x1a },
    { 0x4b8a, 0x5f },
    { 0x4b8b, 0x65 },
    { 0x4b8c, 0x0d },
    { 0x4b8d, 0x2f },
    { 0x4b8e, 0xa2 },
    { 0x4b8f, 0x54 },
    { 0x4b90, 0xef },
    { 0x4b91, 0x88 },
    { 0x4b92, 0x21 },
    { 0x4b93, 0x05 },
    { 0x4b94, 0x89 },
    { 0x4b95, 0x02 },
    { 0x4b96, 0xbb },
    { 0x4b97, 0xc3 },
    { 0x4b98, 0x91 },
    { 0x4b99, 0xe6 },
    { 0x4b9a, 0x53 },
    { 0x4b9b, 0x51 },
    { 0x4b9c, 0xc1 },
    { 0x4b9d, 0xcd },
    { 0x4b9e, 0x59 },
    { 0x4b9f, 0x0b },
    { 0x4ba0, 0x6b },
    { 0x4ba1, 0xfe },
    { 0x4ba2, 0x0a },
    { 0x4ba3, 0x2d },
    { 0x4ba4, 0x72 },
    { 0x4ba5, 0x64 },
    { 0x4ba6, 0xae },
    { 0x4ba7, 0xee },
    { 0x4ba8, 0x31 },
    { 0x4ba9, 0x41 },
    { 0x4baa, 0x7f },
    { 0x4bab, 0x0c },
    { 0x4bac, 0x85 },
    { 0x4bad, 0x45 },
    { 0x4bae, 0x52 },
    { 0x4baf, 0xd7 },
    { 0x4bb0, 0xf9 },
    { 0x4bb1, 0xbc },
    { 0x4bb2, 0xf8 },
    { 0x4bb3, 0xa8 },
    { 0x4bb4, 0xb9 },
    { 0x4bb5, 0xf7 },
    { 0x4bb6, 0xcc },
    { 0x4bb7, 0xd8 },
    { 0x4bb8, 0x34 },
    { 0x4bb9, 0x59 },
    { 0x4bba, 0xcc },
    { 0x4bbb, 0x24 },
    { 0x4bbc, 0xea },
    { 0x4bbd, 0xfa },
    { 0x4bbe, 0x44 },
    { 0x4bbf, 0xf2 },
    { 0x4bc0, 0xc2 },
    { 0x4bc1, 0xf5 },
    { 0x4bc2, 0x0e },
    { 0x4bc3, 0x73 },
    { 0x4bc4, 0xb7 },
    { 0x4bc5, 0x1a },
    { 0x4bc6, 0x26 },
    { 0x4bc7, 0xee },
    { 0x4bc8, 0x13 },
    { 0x4bc9, 0x7c },
    { 0x4bca, 0xbd },
    { 0x4bcb, 0x11 },
    { 0x4bcc, 0x23 },
    { 0x4bcd, 0xa5 },
    { 0x4bce, 0x2a },
    { 0x4bcf, 0x8d },
    { 0x4bd0, 0xa2 },
    { 0x4bd1, 0xe9 },
    { 0x4bd2, 0x26 },
    { 0x4bd3, 0xbd },
    { 0x4bd4, 0x23 },
    { 0x4bd5, 0xdb },
    { 0x4bd6, 0x3e },
    { 0x4bd7, 0x77 },
    { 0x4bd8, 0xb5 },
    { 0x4bd9, 0x62 },
    { 0x4bda, 0x22 },
    { 0x4bdb, 0x4e },
    { 0x4bdc, 0x5c },
    { 0x4bdd, 0xc4 },
    { 0x4bde, 0xda },
    { 0x4bdf, 0x30 },
    { 0x4be0, 0x92 },
    { 0x4be1, 0x19 },
    { 0x4be2, 0x34 },
    { 0x4be3, 0x7f },
    { 0x4be4, 0xda },
    { 0x4be5, 0xc7 },
    { 0x4be6, 0x6b },
    { 0x4be7, 0x8d },
    { 0x4be8, 0x2c },
    { 0x4be9, 0x66 },
    { 0x4bea, 0xd1 },
    { 0x4beb, 0xef },
    { 0x4bec, 0x57 },
    { 0x4bed, 0x97 },
    { 0x4bee, 0x10 },
    { 0x4bef, 0x21 },
    { 0x4bf0, 0xf3 },
    { 0x4bf1, 0xec },
    { 0x4bf2, 0x05 },
    { 0x4bf3, 0x11 },
    { 0x4bf4, 0xb2 },
    { 0x4bf5, 0x90 },
    { 0x4bf6, 0x18 },
    { 0x4bf7, 0xfd },
    { 0x4bf8, 0x6d },
    { 0x4bf9, 0xda },
    { 0x4bfa, 0xd2 },
    { 0x4bfb, 0xa8 },
    { 0x4bfc, 0xb6 },
    { 0x4bfd, 0x95 },
    { 0x4bfe, 0x1f },
    { 0x4bff, 0x1d },
    { 0x4c00, 0x78 },
    { 0x4c01, 0x08 },
    { 0x4c02, 0xb9 },
    { 0x4c03, 0x70 },
    { 0x4c04, 0x46 },
    { 0x4c05, 0x97 },
    { 0x4c06, 0x51 },
    { 0x4c07, 0xb0 },
    { 0x4c08, 0x88 },
    { 0x4c09, 0xd3 },
    { 0x4c0a, 0xbd },
    { 0x4c0b, 0xcf },
    { 0x4c0c, 0x23 },
    { 0x4c0d, 0x6e },
    { 0x4c0e, 0x5e },
    { 0x4c0f, 0x67 },
    { 0x4c10, 0x20 },
    { 0x4c11, 0x21 },
    { 0x4c12, 0xd4 },
    { 0x4c13, 0x70 },
    { 0x4c14, 0x57 },
    { 0x4c15, 0x74 },
    { 0x4c16, 0x3d },
    { 0x4c17, 0x97 },
    { 0x4c18, 0xc8 },
    { 0x4c19, 0x38 },
    { 0x4c1a, 0xc2 },
    { 0x4c1b, 0xaf },
    { 0x4c1c, 0xb9 },
    { 0x4c1d, 0x4c },
    { 0x4c1e, 0x67 },
    { 0x4c1f, 0xee },
    { 0x4c20, 0xdb },
    { 0x4c21, 0x6f },
    { 0x4c22, 0xef },
    { 0x4c23, 0x5a },
    { 0x4c24, 0xe9 },
    { 0x4c25, 0x48 },
    { 0x4c26, 0xc6 },
    { 0x4c27, 0x0b },
    { 0x4c28, 0x0c },
    { 0x4c29, 0xe1 },
    { 0x4c2a, 0xf3 },
    { 0x4c2b, 0x18 },
    { 0x4c2c, 0xf4 },
    { 0x4c2d, 0x02 },
    { 0x4c2e, 0xca },
    { 0x4c2f, 0x77 },
    { 0x4c30, 0x74 },
    { 0x4c31, 0x88 },
    { 0x4c32, 0x30 },
    { 0x4c33, 0x27 },
    { 0x4c34, 0x87 },
    { 0x4c35, 0x39 },
    { 0x4c36, 0x6c },
    { 0x4c37, 0xac },
    { 0x4c38, 0x15 },
    { 0x4c39, 0xf4 },
    { 0x4c3a, 0xc5 },
    { 0x4c3b, 0x4d },
    { 0x4c3c, 0xec },
    { 0x4c3d, 0xfa },
    { 0x4c3e, 0xd2 },
    { 0x4c3f, 0x39 },
    { 0x4c40, 0xb7 },
    { 0x4c41, 0x76 },
    { 0x4c42, 0xfa },
    { 0x4c43, 0x20 },
    { 0x4c44, 0xab },
    { 0x4c45, 0xda },
    { 0x4c46, 0x86 },
    { 0x4c47, 0x5d },
    { 0x4c48, 0xc6 },
    { 0x4c49, 0xb0 },
    { 0x4c4a, 0x29 },
    { 0x4c4b, 0x4e },
    { 0x4c4c, 0xe1 },
    { 0x4c4d, 0x85 },
    { 0x4c4e, 0xda },
    { 0x4c4f, 0xef },
    { 0x4c50, 0x68 },
    { 0x4c51, 0x1a },
    { 0x4c52, 0x04 },
    { 0x4c53, 0xbf },
    { 0x4c54, 0xfc },
    { 0x4c55, 0xfa },
    { 0x4c56, 0x82 },
    { 0x4c57, 0xd4 },
    { 0x4c58, 0x59 },
    { 0x4c59, 0x6b },
    { 0x4c5a, 0x72 },
    { 0x4c5b, 0x54 },
    { 0x4c5c, 0xa9 },
    { 0x4c5d, 0x7e },
    { 0x4c5e, 0x75 },
    { 0x4c5f, 0xf3 },
    { 0x4c60, 0xef },
    { 0x4c61, 0x0a },
    { 0x4c62, 0xaf },
    { 0x4c63, 0x4f },
    { 0x4c64, 0xf6 },
    { 0x4c65, 0x68 },
    { 0x4c66, 0x77 },
    { 0x4c67, 0x5c },
    { 0x4c68, 0xe5 },
    { 0x4c69, 0x46 },
    { 0x4c6a, 0xf4 },
    { 0x4c6b, 0x1b },
    { 0x4c6c, 0x4d },
    { 0x4c6d, 0x24 },
    { 0x4c6e, 0xa5 },
    { 0x4c6f, 0xcc },
    { 0x4c70, 0x67 },
    { 0x4c71, 0x7f },
    { 0x4c72, 0x54 },
    { 0x4c73, 0x62 },
    { 0x4c74, 0x4e },
    { 0x4c75, 0x2c },
    { 0x4c76, 0xb1 },
    { 0x4c77, 0xb2 },
    { 0x4c78, 0x92 },
    { 0x4c79, 0xa3 },
    { 0x4c7a, 0x84 },
    { 0x4c7b, 0xaa },
    { 0x4c7c, 0x62 },
    { 0x4c7d, 0x25 },
    { 0x4c7e, 0x41 },
    { 0x4c7f, 0x41 },
    { 0x4c80, 0x87 },
    { 0x4c81, 0xbc },
    { 0x4c82, 0x8f },
    { 0x4c83, 0xa0 },
    { 0x4c84, 0xb3 },
    { 0x4c85, 0x3f },
    { 0x4c86, 0x10 },
    { 0x4c87, 0x8d },
    { 0x4c88, 0x01 },
    { 0x4c89, 0xa5 },
    { 0x4c8a, 0x67 },
    { 0x4c8b, 0xf3 },
    { 0x4c8c, 0xf6 },
    { 0x4c8d, 0x20 },
    { 0x4c8e, 0xa4 },
    { 0x4c8f, 0xfe },
    { 0x4c90, 0xc6 },
    { 0x4c91, 0x76 },
    { 0x4c92, 0x6f },
    { 0x4c93, 0x85 },
    { 0x4c94, 0x4d },
    { 0x4c95, 0xde },
    { 0x4c96, 0x8c },
    { 0x4c97, 0xa1 },
    { 0x4c98, 0x1d },
    { 0x4c99, 0x3f },
    { 0x4c9a, 0x34 },
    { 0x4c9b, 0x7b },
    { 0x4c9c, 0x8d },
    { 0x4c9d, 0x05 },
    { 0x4c9e, 0x2a },
    { 0x4c9f, 0xc0 },
    { 0x4ca0, 0x93 },
    { 0x4ca1, 0xe3 },
    { 0x4ca2, 0xff },
    { 0x4ca3, 0x5b },
    { 0x4ca4, 0x28 },
    { 0x4ca5, 0x2f },
    { 0x4ca6, 0xb5 },
    { 0x4ca7, 0xc6 },
    { 0x4ca8, 0x7f },
    { 0x4ca9, 0x7a },
    { 0x4caa, 0xdf },
    { 0x4cab, 0x62 },
    { 0x4cac, 0x91 },
    { 0x4cad, 0x2e },
    { 0x4cae, 0x16 },
    { 0x4caf, 0x39 },
    { 0x4cb0, 0x19 },
    { 0x4cb1, 0x16 },
    { 0x4cb2, 0x7e },
    { 0x4cb3, 0x82 },
    { 0x4cb4, 0x7e },
    { 0x4cb5, 0xfe },
    { 0x4cb6, 0xc3 },
    { 0x4cb7, 0xd2 },
    { 0x4cb8, 0xb2 },
    { 0x4cb9, 0x9f },
    { 0x4cba, 0xb4 },
    { 0x4cbb, 0x93 },
    { 0x4cbc, 0x5a },
    { 0x4cbd, 0xc7 },
    { 0x4cbe, 0x7c },
    { 0x4cbf, 0xca },
    { 0x4cc0, 0x95 },
    { 0x4cc1, 0x69 },
    { 0x4cc2, 0x65 },
    { 0x4cc3, 0xaf },
    { 0x4cc4, 0x3a },
    { 0x4cc5, 0xd4 },
    { 0x4cc6, 0x59 },
    { 0x4cc7, 0xfa },
    { 0x4cc8, 0xc1 },
    { 0x4cc9, 0x72 },
    { 0x4cca, 0xcf },
    { 0x4ccb, 0x14 },
    { 0x4ccc, 0x47 },
    { 0x4ccd, 0x3a },
    { 0x4cce, 0x2f },
    { 0x4ccf, 0x77 },
    { 0x4cd0, 0xb0 },
    { 0x4cd1, 0x78 },
    { 0x4cd2, 0xe1 },
    { 0x4cd3, 0x2a },
    { 0x4cd4, 0xd7 },
    { 0x4cd5, 0x9e },
    { 0x4cd6, 0x36 },
    { 0x4cd7, 0xf9 },
    { 0x4cd8, 0x3e },
    { 0x4cd9, 0x67 },
    { 0x4cda, 0x07 },
    { 0x4cdb, 0xc5 },
    { 0x4cdc, 0x57 },
    { 0x4cdd, 0x1f },
    { 0x4cde, 0xe8 },
    { 0x4cdf, 0x9f },
    { 0x4ce0, 0x74 },
    { 0x4ce1, 0x52 },
    { 0x4ce2, 0xc1 },
    { 0x4ce3, 0xe9 },
    { 0x4ce4, 0x8d },
    { 0x4ce5, 0x35 },
    { 0x4ce6, 0x34 },
    { 0x4ce7, 0x24 },
    { 0x4ce8, 0xfc },
    { 0x4ce9, 0xb4 },
    { 0x4cea, 0x83 },
    { 0x4ceb, 0x71 },
    { 0x4cec, 0x74 },
    { 0x4ced, 0x3f },
    { 0x4cee, 0x96 },
    { 0x4cef, 0x04 },
    { 0x4cf0, 0xcc },
    { 0x4cf1, 0xef },
    { 0x4cf2, 0xdf },
    { 0x4cf3, 0xf6 },
    { 0x4cf4, 0x88 },
    { 0x4cf5, 0x63 },
    { 0x4cf6, 0x2b },
    { 0x4cf7, 0xef },
    { 0x4cf8, 0xab },
    { 0x4cf9, 0xf5 },
    { 0x4cfa, 0x0e },
    { 0x4cfb, 0x71 },
    { 0x4cfc, 0x13 },
    { 0x4cfd, 0xc8 },
    { 0x4cfe, 0x71 },
    { 0x4cff, 0x6b },
    { 0x4d00, 0xfb },
    { 0x4d01, 0xb7 },
    { 0x4d02, 0xf6 },
    { 0x4d03, 0x5f },
    { 0x4d04, 0xe4 },
    { 0x4d05, 0x05 },
    { 0x4d06, 0x4a },
    { 0x4d07, 0x2e },
    { 0x4d08, 0x1e },
    { 0x4d09, 0x46 },
    { 0x4d0a, 0xcd },
    { 0x4d0b, 0x22 },
    { 0x4d0c, 0xeb },
    { 0x4d0d, 0x0e },
    { 0x4d0e, 0xda },
    { 0x4d0f, 0xe6 },
    { 0x4d10, 0x1e },
    { 0x4d11, 0xb7 },
    { 0x4d12, 0xac },
    { 0x4d13, 0xd8 },
    { 0x4d14, 0x5f },
    { 0x4d15, 0xdf },
    { 0x4d16, 0x00 },
    { 0x4d17, 0x6e },
    { 0x4d18, 0xa3 },
    { 0x4d19, 0x14 },
    { 0x4d1a, 0xb2 },
    { 0x4d1b, 0xea },
    { 0x4d1c, 0x1e },
    { 0x4d1d, 0x8d },
    { 0x4d1e, 0xea },
    { 0x4d1f, 0x19 },
    { 0x4d20, 0x85 },
    { 0x4d21, 0xca },
    { 0x4d22, 0xba },
    { 0x4d23, 0xbe },
    { 0x4d24, 0x73 },
    { 0x4d25, 0x72 },
    { 0x4d26, 0x11 },
    { 0x4d27, 0x90 },
    { 0x4d28, 0x83 },
    { 0x4d29, 0x22 },
    { 0x4d2a, 0xea },
    { 0x4d2b, 0x0f },
    { 0x4d2c, 0x0b },
    { 0x4d2d, 0x29 },
    { 0x4d2e, 0xc7 },
    { 0x4d2f, 0x84 },
    { 0x4d30, 0x2b },
    { 0x4d31, 0xf4 },
    { 0x4d32, 0x5f },
    { 0x4d33, 0xf3 },
    { 0x4d34, 0x1b },
    { 0x4d35, 0x8e },
    { 0x4d36, 0x55 },
    { 0x4d37, 0xb1 },
    { 0x4d38, 0xcf },
    { 0x4d39, 0x3f },
    { 0x4d3a, 0xc5 },
    { 0x4d3b, 0x11 },
    { 0x4d3c, 0xed },
    { 0x4d3d, 0x29 },
    { 0x4d3e, 0x73 },
    { 0x4d3f, 0x93 },
    { 0x4d40, 0x51 },
    { 0x4d41, 0x0f },
    { 0x4d42, 0x42 },
    { 0x4d43, 0x12 },
    { 0x4d44, 0x7e },
    { 0x4d45, 0x17 },
    { 0x4d46, 0x05 },
    { 0x4d47, 0x03 },
    { 0x4d48, 0xc3 },
    { 0x4d49, 0xf3 },
    { 0x4d4a, 0x60 },
    { 0x4d4b, 0xac },
    { 0x4d4c, 0x74 },
    { 0x4d4d, 0xb7 },
    { 0x4d4e, 0x30 },
    { 0x4d4f, 0x1c },
    { 0x4d50, 0x85 },
    { 0x4d51, 0x83 },
    { 0x4d52, 0x2e },
    { 0x4d53, 0xe3 },
    { 0x4d54, 0x70 },
    { 0x4d55, 0xa8 },
    { 0x4d56, 0x6b },
    { 0x4d57, 0x22 },
    { 0x4d58, 0x00 },
    { 0x4d59, 0x0d },
    { 0x4d5a, 0xb0 },
    { 0x4d5b, 0x9e },
    { 0x4d5c, 0xd8 },
    { 0x4d5d, 0x99 },
    { 0x4d5e, 0x31 },
    { 0x4d5f, 0x47 },
    { 0x4d60, 0xbc },
    { 0x4d61, 0xb6 },
    { 0x4d62, 0x76 },
    { 0x4d63, 0xe0 },
    { 0x4d64, 0x19 },
    { 0x4d65, 0x2b },
    { 0x4d66, 0xce },
    { 0x4d67, 0x99 },
    { 0x4d68, 0x9a },
    { 0x4d69, 0xc1 },
    { 0x4d6a, 0xd2 },
    { 0x4d6b, 0x72 },
    { 0x4d6c, 0xe1 },
    { 0x4d6d, 0xc5 },
    { 0x4d6e, 0x9b },
    { 0x4d6f, 0x89 },
    { 0x4d70, 0xbf },
    { 0x4d71, 0xac },
    { 0x4d72, 0xfd },
    { 0x4d73, 0x56 },
    { 0x4d74, 0xad },
    { 0x4d75, 0xe0 },
    { 0x4d76, 0x99 },
    { 0x4d77, 0x44 },
    { 0x4d78, 0x8d },
    { 0x4d79, 0x02 },
    { 0x4d7a, 0x01 },
    { 0x4d7b, 0x0c },
    { 0x4d7c, 0x90 },
    { 0x4d7d, 0x6f },
    { 0x4d7e, 0x54 },
    { 0x4d7f, 0x01 },
    { 0x4d80, 0x83 },
    { 0x4d81, 0xad },
    { 0x4d82, 0x1e },
    { 0x4d83, 0x0e },
    { 0x4d84, 0xc5 },
    { 0x4d85, 0x65 },
    { 0x4d86, 0xea },
    { 0x4d87, 0xc4 },
    { 0x4d88, 0x11 },
    { 0x4d89, 0x02 },
    { 0x4d8a, 0x3e },
    { 0x4d8b, 0x9a },
    { 0x4d8c, 0x47 },
    { 0x4d8d, 0xab },
    { 0x4d8e, 0x47 },
    { 0x4d8f, 0x99 },
    { 0x4d90, 0x2b },
    { 0x4d91, 0xef },
    { 0x4d92, 0x31 },
    { 0x4d93, 0xc6 },
    { 0x4d94, 0xca },
    { 0x4d95, 0xef },
    { 0x4d96, 0x5d },
    { 0x4d97, 0x30 },
    { 0x4d98, 0x30 },
    { 0x4d99, 0x5b },
    { 0x4d9a, 0xaf },
    { 0x4d9b, 0xef },
    { 0x4d9c, 0x12 },
    { 0x4d9d, 0xac },
    { 0x4d9e, 0x42 },
    { 0x4d9f, 0xa7 },
    { 0x4da0, 0x44 },
    { 0x4da1, 0x02 },
    { 0x4da2, 0x21 },
    { 0x4da3, 0xea },
    { 0x4da4, 0xe6 },
    { 0x4da5, 0x8b },
    { 0x4da6, 0xab },
    { 0x4da7, 0xdd },
    { 0x4da8, 0x54 },
    { 0x4da9, 0x88 },
    { 0x4daa, 0xca },
    { 0x4dab, 0xd3 },
    { 0x4dac, 0x30 },
    { 0x4dad, 0x0e },
    { 0x4dae, 0x05 },
    { 0x4daf, 0x5a },
    { 0x4db0, 0xa8 },
    { 0x4db1, 0x7a },
    { 0x4db2, 0x35 },
    { 0x4db3, 0x51 },
    { 0x4db4, 0xbd },
    { 0x4db5, 0x8a },
    { 0x4db6, 0x4f },
    { 0x4db7, 0x73 },
    { 0x4db8, 0xb3 },
    { 0x4db9, 0xb7 },
    { 0x4dba, 0x36 },
    { 0x4dbb, 0x2a },
    { 0x4dbc, 0x19 },
    { 0x4dbd, 0xc7 },
    { 0x4dbe, 0x7b },
    { 0x4dbf, 0xc8 },
    { 0x4dc0, 0xa4 },
    { 0x4dc1, 0xb4 },
    { 0x4dc2, 0xfb },
    { 0x4dc3, 0x44 },
    { 0x4dc4, 0xf0 },
    { 0x4dc5, 0x24 },
    { 0x4dc6, 0xfe },
    { 0x4dc7, 0xfb },
    { 0x4dc8, 0xe5 },
    { 0x4dc9, 0xcd },
    { 0x4dca, 0xf9 },
    { 0x4dcb, 0x45 },
    { 0x4dcc, 0x00 },
    { 0x4dcd, 0x66 },
    { 0x4dce, 0x8c },
    { 0x4dcf, 0xcf },
    { 0x4dd0, 0x67 },
    { 0x4dd1, 0x32 },
    { 0x4dd2, 0xc6 },
    { 0x4dd3, 0x73 },
    { 0x4dd4, 0xf3 },
    { 0x4dd5, 0x3e },
    { 0x4dd6, 0x24 },
    { 0x4dd7, 0x08 },
    { 0x4dd8, 0x4a },
    { 0x4dd9, 0x53 },
    { 0x4dda, 0x65 },
    { 0x4ddb, 0x15 },
    { 0x4ddc, 0xa7 },
    { 0x4ddd, 0xed },
    { 0x4dde, 0xb7 },
    { 0x4ddf, 0xf1 },
    { 0x4de0, 0x0b },
    { 0x4de1, 0xb0 },
    { 0x4de2, 0x8c },
    { 0x4de3, 0x6f },
    { 0x4de4, 0xf9 },
    { 0x4de5, 0x1c },
    { 0x4de6, 0x9d },
    { 0x4de7, 0xbf },
    { 0x4de8, 0x97 },
    { 0x4de9, 0xf1 },
    { 0x4dea, 0xdb },
    { 0x4deb, 0x7c },
    { 0x4dec, 0xc9 },
    { 0x4ded, 0x41 },
    { 0x4dee, 0x71 },
    { 0x4def, 0xa0 },
    { 0x4df0, 0xbf },
    { 0x4df1, 0x01 },
    { 0x4df2, 0x90 },
    { 0x4df3, 0x6a },
    { 0x4df4, 0x30 },
    { 0x4df5, 0x51 },
    { 0x4df6, 0x80 },
    { 0x4df7, 0xa3 },
    { 0x4df8, 0xa4 },
    { 0x4df9, 0xc7 },
    { 0x4dfa, 0x59 },
    { 0x4dfb, 0xe4 },
    { 0x4dfc, 0x14 },
    { 0x4dfd, 0xc7 },
    { 0x4dfe, 0xa3 },
    { 0x4dff, 0x1e },
    { 0x4e00, 0xd0 },
    { 0x4e01, 0xc5 },
    { 0x4e02, 0xef },
    { 0x4e03, 0x61 },
    { 0x4e04, 0xad },
    { 0x4e05, 0xa4 },
    { 0x4e06, 0x63 },
    { 0x4e07, 0x60 },
    { 0x4e08, 0x6a },
    { 0x4e09, 0xba },
    { 0x4e0a, 0x9b },
    { 0x4e0b, 0x00 },
    { 0x4e0c, 0x6f },
    { 0x4e0d, 0x95 },
    { 0x4e0e, 0x20 },
    { 0x4e0f, 0x22 },
    { 0x4e10, 0xd8 },
    { 0x4e11, 0x59 },
    { 0x4e12, 0x5f },
    { 0x4e13, 0x8b },
    { 0x4e14, 0x72 },
    { 0x4e15, 0x31 },
    { 0x4e16, 0x1c },
    { 0x4e17, 0x97 },
    { 0x4e18, 0x24 },
    { 0x4e19, 0x5b },
    { 0x4e1a, 0x3e },
    { 0x4e1b, 0x14 },
    { 0x4e1c, 0x21 },
    { 0x4e1d, 0x60 },
    { 0x4e1e, 0x41 },
    { 0x4e1f, 0xbb },
    { 0x4e20, 0xc7 },
    { 0x4e21, 0xdb },
    { 0x4e22, 0x35 },
    { 0x4e23, 0xf9 },
    { 0x4e24, 0x6a },
    { 0x4e25, 0x7e },
    { 0x4e26, 0xa8 },
    { 0x4e27, 0x45 },
    { 0x4e28, 0xd0 },
    { 0x4e29, 0x41 },
    { 0x4e2a, 0x2a },
    { 0x4e2b, 0xfc },
    { 0x4e2c, 0xf4 },
    { 0x4e2d, 0xee },
    { 0x4e2e, 0x23 },
    { 0x4e2f, 0x9a },
    { 0x4e30, 0x85 },
    { 0x4e31, 0x7d },
    { 0x4e32, 0x53 },
    { 0x4e33, 0x50 },
    { 0x4e34, 0xc9 },
    { 0x4e35, 0xd5 },
    { 0x4e36, 0xcd },
    { 0x4e37, 0xca },
    { 0x4e38, 0x3e },
    { 0x4e39, 0xa7 },
    { 0x4e3a, 0x4c },
    { 0x4e3b, 0xeb },
    { 0x4e3c, 0x31 },
    { 0x4e3d, 0xff },
    { 0x4e3e, 0x8c },
    { 0x4e3f, 0x0d },
    { 0x4e40, 0xd4 },
    { 0x4e41, 0x31 },
    { 0x4e42, 0x6b },
    { 0x4e43, 0xec },
    { 0x4e44, 0x31 },
    { 0x4e45, 0x7a },
    { 0x4e46, 0xa6 },
    { 0x4e47, 0x4d },
    { 0x4e48, 0x40 },
    { 0x4e49, 0x93 },
    { 0x4e4a, 0x88 },
    { 0x4e4b, 0x83 },
    { 0x4e4c, 0x0e },
    { 0x4e4d, 0x3e },
    { 0x4e4e, 0x28 },
    { 0x4e4f, 0xd4 },
    { 0x4e50, 0xcc },
    { 0x4e51, 0x43 },
    { 0x4e52, 0xed },
    { 0x4e53, 0x72 },
    { 0x4e54, 0xee },
    { 0x4e55, 0x90 },
    { 0x4e56, 0x43 },
    { 0x4e57, 0x7c },
    { 0x4e58, 0x60 },
    { 0x4e59, 0x1d },
    { 0x4e5a, 0x07 },
    { 0x4e5b, 0x41 },
    { 0x4e5c, 0xad },
    { 0x4e5d, 0xdd },
    { 0x4e5e, 0x1d },
    { 0x4e5f, 0xfb },
    { 0x4e60, 0x14 },
    { 0x4e61, 0xad },
    { 0x4e62, 0x80 },
    { 0x4e63, 0xdc },
    { 0x4e64, 0x3d },
    { 0x4e65, 0xc6 },
    { 0x4e66, 0xac },
    { 0x4e67, 0x65 },
    { 0x4e68, 0x1c },
    { 0x4e69, 0x88 },
    { 0x4e6a, 0xf4 },
    { 0x4e6b, 0xc0 },
    { 0x4e6c, 0x51 },
    { 0x4e6d, 0xe9 },
    { 0x4e6e, 0xb4 },
    { 0x4e6f, 0xc3 },
    { 0x4e70, 0x68 },
    { 0x4e71, 0x2c },
    { 0x4e72, 0x27 },
    { 0x4e73, 0xd7 },
    { 0x4e74, 0xa2 },
    { 0x4e75, 0x09 },
    { 0x4e76, 0xf5 },
    { 0x4e77, 0x4b },
    { 0x4e78, 0x94 },
    { 0x4e79, 0xc1 },
    { 0x4e7a, 0x2f },
    { 0x4e7b, 0x09 },
    { 0x4e7c, 0x7b },
    { 0x4e7d, 0x7a },
    { 0x4e7e, 0xcd },
    { 0x4e7f, 0x06 },
    { 0x4e80, 0xa7 },
    { 0x4e81, 0xdd },
    { 0x4e82, 0xb0 },
    { 0x4e83, 0x43 },
    { 0x4e84, 0x45 },
    { 0x4e85, 0x6f },
    { 0x4e86, 0xb9 },
    { 0x4e87, 0xd9 },
    { 0x4e88, 0x5d },
    { 0x4e89, 0xc1 },
    { 0x4e8a, 0x0e },
    { 0x4e8b, 0x4d },
    { 0x4e8c, 0x0c },
    { 0x4e8d, 0xdb },
    { 0x4e8e, 0xfe },
    { 0x4e8f, 0x39 },
    { 0x4e90, 0x0d },
    { 0x4e91, 0x39 },
    { 0x4e92, 0x8d },
    { 0x4e93, 0xf4 },
    { 0x4e94, 0xe8 },
    { 0x4e95, 0x96 },
    { 0x4e96, 0xf1 },
    { 0x4e97, 0x60 },
    { 0x4e98, 0x14 },
    { 0x4e99, 0xad },
    { 0x4e9a, 0xd3 },
    { 0x4e9b, 0x96 },
    { 0x4e9c, 0x0b },
    { 0x4e9d, 0x4d },
    { 0x4e9e, 0xd3 },
    { 0x4e9f, 0x68 },
    { 0x4ea0, 0x89 },
    { 0x4ea1, 0xef },
    { 0x4ea2, 0x58 },
    { 0x4ea3, 0x3d },
    { 0x4ea4, 0xe2 },
    { 0x4ea5, 0x73 },
    { 0x4ea6, 0x0f },
    { 0x4ea7, 0x12 },
    { 0x4ea8, 0x07 },
    { 0x4ea9, 0x8c },
    { 0x4eaa, 0x3d },
    { 0x4eab, 0x9b },
    { 0x4eac, 0xa6 },
    { 0x4ead, 0xec },
    { 0x4eae, 0xd7 },
    { 0x4eaf, 0x2e },
    { 0x4eb0, 0x1f },
    { 0x4eb1, 0xa3 },
    { 0x4eb2, 0xaa },
    { 0x4eb3, 0xf0 },
    { 0x4eb4, 0xd6 },
    { 0x4eb5, 0xff },
    { 0x4eb6, 0xb1 },
    { 0x4eb7, 0x9c },
    { 0x4eb8, 0xe6 },
    { 0x4eb9, 0x4f },
    { 0x4eba, 0x7b },
    { 0x4ebb, 0xa8 },
    { 0x4ebc, 0xd1 },
    { 0x4ebd, 0x2d },
    { 0x4ebe, 0xd0 },
    { 0x4ebf, 0x36 },
    { 0x4ec0, 0x2a },
    { 0x4ec1, 0xd7 },
    { 0x4ec2, 0x0f },
    { 0x4ec3, 0x4b },
    { 0x4ec4, 0x28 },
    { 0x4ec5, 0xc1 },
    { 0x4ec6, 0x80 },
    { 0x4ec7, 0x3a },
    { 0x4ec8, 0x26 },
    { 0x4ec9, 0xd9 },
    { 0x4eca, 0x92 },
    { 0x4ecb, 0x17 },
    { 0x4ecc, 0xc9 },
    { 0x4ecd, 0x91 },
    { 0x4ece, 0x5b },
    { 0x4ecf, 0xf0 },
    { 0x4ed0, 0xf4 },
    { 0x4ed1, 0xfd },
    { 0x4ed2, 0x01 },
    { 0x4ed3, 0xe3 },
    { 0x4ed4, 0x9d },
    { 0x4ed5, 0x30 },
    { 0x4ed6, 0x85 },
    { 0x4ed7, 0x9f },
    { 0x4ed8, 0x19 },
    { 0x4ed9, 0xcc },
    { 0x4eda, 0xf4 },
    { 0x4edb, 0x53 },
    { 0x4edc, 0xeb },
    { 0x4edd, 0x74 },
    { 0x4ede, 0xa0 },
    { 0x4edf, 0xf6 },
    { 0x4ee0, 0x7f },
    { 0x4ee1, 0x22 },
    { 0x4ee2, 0x4b },
    { 0x4ee3, 0x44 },
    { 0x4ee4, 0xf1 },
    { 0x4ee5, 0xb2 },
    { 0x4ee6, 0x6a },
    { 0x4ee7, 0x23 },
    { 0x4ee8, 0xce },
    { 0x4ee9, 0x71 },
    { 0x4eea, 0x6f },
    { 0x4eeb, 0x22 },
    { 0x4eec, 0x87 },
    { 0x4eed, 0xf5 },
    { 0x4eee, 0x89 },
    { 0x4eef, 0x18 },
    { 0x4ef0, 0xae },
    { 0x4ef1, 0xa2 },
    { 0x4ef2, 0x88 },
    { 0x4ef3, 0xa7 },
    { 0x4ef4, 0x1b },
    { 0x4ef5, 0xb3 },
    { 0x4ef6, 0xfc },
    { 0x4ef7, 0x18 },
    { 0x4ef8, 0xee },
    { 0x4ef9, 0x99 },
    { 0x4efa, 0xe7 },
    { 0x4efb, 0xc1 },
    { 0x4efc, 0x8d },
    { 0x4efd, 0x73 },
    { 0x4efe, 0xfa },
    { 0x4eff, 0xd6 },
    { 0x4f00, 0xf3 },
    { 0x4f01, 0xe8 },
    { 0x4f02, 0x6e },
    { 0x4f03, 0x8d },
    { 0x4f04, 0xf6 },
    { 0x4f05, 0xe0 },
    { 0x4f06, 0xd4 },
    { 0x4f07, 0xac },
    { 0x4f08, 0xbe },
    { 0x4f09, 0x83 },
    { 0x4f0a, 0x2e },
    { 0x4f0b, 0xbd },
    { 0x4f0c, 0x6a },
    { 0x4f0d, 0xbe },
    { 0x4f0e, 0xbe },
    { 0x4f0f, 0xdd },
    { 0x4f10, 0xfd },
    { 0x4f11, 0x05 },
    { 0x4f12, 0x92 },
    { 0x4f13, 0xb9 },
    { 0x4f14, 0xbd },
    { 0x4f15, 0x2e },
    { 0x4f16, 0x36 },
    { 0x4f17, 0xea },
    { 0x4f18, 0xea },
    { 0x4f19, 0x46 },
    { 0x4f1a, 0xc9 },
    { 0x4f1b, 0xda },
    { 0x4f1c, 0x22 },
    { 0x4f1d, 0xe3 },
    { 0x4f1e, 0x18 },
    { 0x4f1f, 0x73 },
    { 0x4f20, 0x96 },
    { 0x4f21, 0x71 },
    { 0x4f22, 0xa4 },
    { 0x4f23, 0xab },
    { 0x4f24, 0x42 },
    { 0x4f25, 0xcf },
    { 0x4f26, 0x60 },
    { 0x4f27, 0x56 },
    { 0x4f28, 0xf2 },
    { 0x4f29, 0x3d },
    { 0x4f2a, 0xf0 },
    { 0x4f2b, 0x3f },
    { 0x4f2c, 0x24 },
    { 0x4f2d, 0x31 },
    { 0x4f2e, 0x33 },
    { 0x4f2f, 0x42 },
    { 0x4f30, 0x5c },
    { 0x4f31, 0xe7 },
    { 0x4f32, 0xa8 },
    { 0x4f33, 0xd7 },
    { 0x4f34, 0xda },
    { 0x4f35, 0x5f },
    { 0x4f36, 0xd3 },
    { 0x4f37, 0x9c },
    { 0x4f38, 0xef },
    { 0x4f39, 0x2e },
    { 0x4f3a, 0xd2 },
    { 0x4f3b, 0x7c },
    { 0x4f3c, 0xf2 },
    { 0x4f3d, 0x01 },
    { 0x4f3e, 0x25 },
    { 0x4f3f, 0xbb },
    { 0x4f40, 0xa0 },
    { 0x4f41, 0xd5 },
    { 0x4f42, 0x1c },
    { 0x4f43, 0x10 },
    { 0x4f44, 0xf8 },
    { 0x4f45, 0xc8 },
    { 0x4f46, 0x0a },
    { 0x4f47, 0xd1 },
    { 0x4f48, 0x16 },
    { 0x4f49, 0xe0 },
    { 0x4f4a, 0xc5 },
    { 0x4f4b, 0x85 },
    { 0x4f4c, 0x94 },
    { 0x4f4d, 0xa6 },
    { 0x4f4e, 0x9d },
    { 0x4f4f, 0x95 },
    { 0x4f50, 0x88 },
    { 0x4f51, 0x31 },
    { 0x4f52, 0x61 },
    { 0x4f53, 0xca },
    { 0x4f54, 0x26 },
    { 0x4f55, 0x74 },
    { 0x4f56, 0x75 },
    { 0x4f57, 0xd4 },
    { 0x4f58, 0xc8 },
    { 0x4f59, 0x44 },
    { 0x4f5a, 0xc9 },
    { 0x4f5b, 0xa7 },
    { 0x4f5c, 0x6d },
    { 0x4f5d, 0x07 },
    { 0x4f5e, 0xd1 },
    { 0x4f5f, 0x2d },
    { 0x4f60, 0x73 },
    { 0x4f61, 0x75 },
    { 0x4f62, 0xbd },
    { 0x4f63, 0xe3 },
    { 0x4f64, 0xf6 },
    { 0x4f65, 0x4b },
    { 0x4f66, 0x4e },
    { 0x4f67, 0x74 },
    { 0x4f68, 0xc0 },
    { 0x4f69, 0xf3 },
    { 0x4f6a, 0xf8 },
    { 0x4f6b, 0xf3 },
    { 0x4f6c, 0x5e },
    { 0x4f6d, 0x1f },
    { 0x4f6e, 0x69 },
    { 0x4f6f, 0xe1 },
    { 0x4f70, 0xc4 },
    { 0x4f71, 0x83 },
    { 0x4f72, 0xd8 },
    { 0x4f73, 0xb7 },
    { 0x4f74, 0x1a },
    { 0x4f75, 0xea },
    { 0x4f76, 0x3b },
    { 0x4f77, 0x63 },
    { 0x4f78, 0x46 },
    { 0x4f79, 0xf1 },
    { 0x4f7a, 0x63 },
    { 0x4f7b, 0x02 },
    { 0x4f7c, 0xd8 },
    { 0x4f7d, 0x6b },
    { 0x4f7e, 0x1a },
    { 0x4f7f, 0xc4 },
    { 0x4f80, 0xf6 },
    { 0x4f81, 0x92 },
    { 0x4f82, 0x1c },
    { 0x4f83, 0x45 },
    { 0x4f84, 0x1a },
    { 0x4f85, 0x1e },
    { 0x4f86, 0x43 },
    { 0x4f87, 0x6e },
    { 0x4f88, 0xa5 },
    { 0x4f89, 0x83 },
    { 0x4f8a, 0x5c },
    { 0x4f8b, 0xf9 },
    { 0x4f8c, 0xac },
    { 0x4f8d, 0x07 },
    { 0x4f8e, 0xb5 },
    { 0x4f8f, 0x6d },
    { 0x4f90, 0xba },
    { 0x4f91, 0x52 },
    { 0x4f92, 0x79 },
    { 0x4f93, 0xc0 },
    { 0x4f94, 0xb5 },
    { 0x4f95, 0xf2 },
    { 0x4f96, 0x8d },
    { 0x4f97, 0x96 },
    { 0x4f98, 0x48 },
    { 0x4f99, 0xa3 },
    { 0x4f9a, 0xef },
    { 0x4f9b, 0xd1 },
    { 0x4f9c, 0xe5 },
    { 0x4f9d, 0x43 },
    { 0x4f9e, 0x6a },
    { 0x4f9f, 0x67 },
    { 0x4fa0, 0x9d },
    { 0x4fa1, 0xe0 },
    { 0x4fa2, 0x48 },
    { 0x4fa3, 0x14 },
    { 0x4fa4, 0x7a },
    { 0x4fa5, 0x85 },
    { 0x4fa6, 0x6f },
    { 0x4fa7, 0x32 },
    { 0x4fa8, 0xa3 },
    { 0x4fa9, 0x33 },
    { 0x4faa, 0x3c },
    { 0x4fab, 0x67 },
    { 0x4fac, 0x5d },
    { 0x4fad, 0x67 },
    { 0x4fae, 0x5a },
    { 0x4faf, 0x50 },
    { 0x4fb0, 0xfa },
    { 0x4fb1, 0x1a },
    { 0x4fb2, 0xb9 },
    { 0x4fb3, 0xab },
    { 0x4fb4, 0x81 },
    { 0x4fb5, 0x7d },
    { 0x4fb6, 0x60 },
    { 0x4fb7, 0x82 },
    { 0x4fb8, 0x2b },
    { 0x4fb9, 0x14 },
    { 0x4fba, 0x3f },
    { 0x4fbb, 0x8a },
    { 0x4fbc, 0xfc },
    { 0x4fbd, 0x87 },
    { 0x4fbe, 0xeb },
    { 0x4fbf, 0x61 },
    { 0x4fc0, 0xbc },
    { 0x4fc1, 0x26 },
    { 0x4fc2, 0xf7 },
    { 0x4fc3, 0x92 },
    { 0x4fc4, 0x86 },
    { 0x4fc5, 0xb2 },
    { 0x4fc6, 0x85 },
    { 0x4fc7, 0x31 },
    { 0x4fc8, 0x14 },
    { 0x4fc9, 0xe5 },
    { 0x4fca, 0x50 },
    { 0x4fcb, 0x65 },
    { 0x4fcc, 0x9b },
    { 0x4fcd, 0x9f },
    { 0x4fce, 0xef },
    { 0x4fcf, 0x3f },
    { 0x4fd0, 0x19 },
    { 0x4fd1, 0x91 },
    { 0x4fd2, 0x51 },
    { 0x4fd3, 0x9e },
    { 0x4fd4, 0x1f },
    { 0x4fd5, 0x47 },
    { 0x4fd6, 0x12 },
    { 0x4fd7, 0x0c },
    { 0x4fd8, 0x29 },
    { 0x4fd9, 0x39 },
    { 0x4fda, 0x67 },
    { 0x4fdb, 0x3d },
    { 0x4fdc, 0x61 },
    { 0x4fdd, 0x22 },
    { 0x4fde, 0x4d },
    { 0x4fdf, 0xc2 },
    { 0x4fe0, 0x3c },
    { 0x4fe1, 0x23 },
    { 0x4fe2, 0x26 },
    { 0x4fe3, 0x2d },
    { 0x4fe4, 0x0b },
    { 0x4fe5, 0x24 },
    { 0x4fe6, 0x73 },
    { 0x4fe7, 0x78 },
    { 0x4fe8, 0x1a },
    { 0x4fe9, 0x3f },
    { 0x4fea, 0x3c },
    { 0x4feb, 0x68 },
    { 0x4fec, 0xd3 },
    { 0x4fed, 0x0d },
    { 0x4fee, 0x98 },
    { 0x4fef, 0x62 },
    { 0x4ff0, 0xe5 },
    { 0x4ff1, 0x2b },
    { 0x4ff2, 0x84 },
    { 0x4ff3, 0x66 },
    { 0x4ff4, 0x54 },
    { 0x4ff5, 0x16 },
    { 0x4ff6, 0x9e },
    { 0x4ff7, 0xe9 },
    { 0x4ff8, 0xd0 },
    { 0x4ff9, 0x2b },
    { 0x4ffa, 0xa5 },
    { 0x4ffb, 0xbb },
    { 0x4ffc, 0x2b },
    { 0x4ffd, 0x89 },
    { 0x4ffe, 0x2f },
    { 0x4fff, 0xc6 },
    { 0x5000, 0x3c },
    { 0x5001, 0xc4 },
    { 0x5002, 0xe4 },
    { 0x5003, 0xc4 },
    { 0x5004, 0x35 },
    { 0x5005, 0x2f },
    { 0x5006, 0x27 },
    { 0x5007, 0x26 },
    { 0x5008, 0xc1 },
    { 0x5009, 0x19 },
    { 0x500a, 0x88 },
    { 0x500b, 0x5d },
    { 0x500c, 0x67 },
    { 0x500d, 0x31 },
    { 0x500e, 0xba },
    { 0x500f, 0x21 },
    { 0x5010, 0x88 },
    { 0x5011, 0x1f },
    { 0x5012, 0xf1 },
    { 0x5013, 0xbb },
    { 0x5014, 0xec },
    { 0x5015, 0x01 },
    { 0x5016, 0xa2 },
    { 0x5017, 0x7e },
    { 0x5018, 0xb2 },
    { 0x5019, 0x02 },
    { 0x501a, 0x4e },
    { 0x501b, 0x41 },
    { 0x501c, 0xab },
    { 0x501d, 0x7b },
    { 0x501e, 0x32 },
    { 0x501f, 0x66 },
    { 0x5020, 0xbf },
    { 0x5021, 0x9c },
    { 0x5022, 0xd5 },
    { 0x5023, 0xb5 },
    { 0x5024, 0x2a },
    { 0x5025, 0x11 },
    { 0x5026, 0x46 },
    { 0x5027, 0xaf },
    { 0x5028, 0xbc },
    { 0x5029, 0xc6 },
    { 0x502a, 0x65 },
    { 0x502b, 0x7a },
    { 0x502c, 0x21 },
    { 0x502d, 0x60 },
    { 0x502e, 0xd5 },
    { 0x502f, 0x9b },
    { 0x5030, 0xe2 },
    { 0x5031, 0xa4 },
    { 0x5032, 0x06 },
    { 0x5033, 0x6a },
    { 0x5034, 0x4a },
    { 0x5035, 0xd8 },
    { 0x5036, 0x89 },
    { 0x5037, 0x19 },
    { 0x5038, 0x5c },
    { 0x5039, 0x71 },
    { 0x503a, 0xbf },
    { 0x503b, 0x09 },
    { 0x503c, 0x26 },
    { 0x503d, 0x40 },
    { 0x503e, 0x49 },
    { 0x503f, 0xe8 },
    { 0x5040, 0xf0 },
    { 0x5041, 0x38 },
    { 0x5042, 0x57 },
    { 0x5043, 0xfc },
    { 0x5044, 0x53 },
    { 0x5045, 0x35 },
    { 0x5046, 0xda },
    { 0x5047, 0xfc },
    { 0x5048, 0x3a },
    { 0x5049, 0xaf },
    { 0x504a, 0xde },
    { 0x504b, 0x95 },
    { 0x504c, 0x3c },
    { 0x504d, 0x14 },
    { 0x504e, 0xf4 },
    { 0x504f, 0xf8 },
    { 0x5050, 0x93 },
    { 0x5051, 0xe1 },
    { 0x5052, 0xca },
    { 0x5053, 0x2b },
    { 0x5054, 0x82 },
    { 0x5055, 0x21 },
    { 0x5056, 0xca },
    { 0x5057, 0xba },
    { 0x5058, 0x38 },
    { 0x5059, 0x56 },
    { 0x505a, 0x71 },
    { 0x505b, 0x69 },
    { 0x505c, 0xca },
    { 0x505d, 0xe4 },
    { 0x505e, 0x57 },
    { 0x505f, 0x3d },
    { 0x5060, 0x64 },
    { 0x5061, 0x6f },
    { 0x5062, 0xcb },
    { 0x5063, 0x8d },
    { 0x5064, 0x9a },
    { 0x5065, 0x03 },
    { 0x5066, 0xa1 },
    { 0x5067, 0xf6 },
    { 0x5068, 0x09 },
    { 0x5069, 0x06 },
    { 0x506a, 0x77 },
    { 0x506b, 0x15 },
    { 0x506c, 0xb4 },
    { 0x506d, 0x56 },
    { 0x506e, 0xfc },
    { 0x506f, 0x61 },
    { 0x5070, 0xce },
    { 0x5071, 0xd7 },
    { 0x5072, 0xae },
    { 0x5073, 0x63 },
    { 0x5074, 0x26 },
    { 0x5075, 0xdd },
    { 0x5076, 0x76 },
    { 0x5077, 0xd2 },
    { 0x5078, 0x52 },
    { 0x5079, 0x10 },
    { 0x507a, 0xe9 },
    { 0x507b, 0x3d },
    { 0x507c, 0x46 },
    { 0x507d, 0x57 },
    { 0x507e, 0x71 },
    { 0x507f, 0x85 },
    { 0x5080, 0xff },
    { 0x5081, 0x01 },
    { 0x5082, 0xf0 },
    { 0x5083, 0x96 },
    { 0x5084, 0x41 },
    { 0x5085, 0x26 },
    { 0x5086, 0xf6 },
    { 0x5087, 0xc9 },
    { 0x5088, 0xa6 },
    { 0x5089, 0x00 },
    { 0x508a, 0x78 },
    { 0x508b, 0x81 },
    { 0x508c, 0x5b },
    { 0x508d, 0x10 },
    { 0x508e, 0x78 },
    { 0x508f, 0x89 },
    { 0x5090, 0x75 },
    { 0x5091, 0x2b },
    { 0x5092, 0x9b },
    { 0x5093, 0x4f },
    { 0x5094, 0xcb },
    { 0x5095, 0xbc },
    { 0x5096, 0xba },
    { 0x5097, 0x22 },
    { 0x5098, 0x70 },
    { 0x5099, 0x0a },
    { 0x509a, 0x5d },
    { 0x509b, 0xa3 },
    { 0x509c, 0xbf },
    { 0x509d, 0x05 },
    { 0x509e, 0x75 },
    { 0x509f, 0x91 },
    { 0x50a0, 0xe7 },
    { 0x50a1, 0x81 },
    { 0x50a2, 0xe7 },
    { 0x50a3, 0x8f },
    { 0x50a4, 0xc9 },
    { 0x50a5, 0xbd },
    { 0x50a6, 0x95 },
    { 0x50a7, 0x3b },
    { 0x50a8, 0xa5 },
    { 0x50a9, 0x63 },
    { 0x50aa, 0xfa },
    { 0x50ab, 0x60 },
    { 0x50ac, 0x72 },
    { 0x50ad, 0x8b },
    { 0x50ae, 0xf9 },
    { 0x50af, 0xf0 },
    { 0x50b0, 0xb0 },
    { 0x50b1, 0x82 },
    { 0x50b2, 0x50 },
    { 0x50b3, 0x17 },
    { 0x50b4, 0x5d },
    { 0x50b5, 0x50 },
    { 0x50b6, 0xb0 },
    { 0x50b7, 0x07 },
    { 0x50b8, 0x37 },
    { 0x50b9, 0xda },
    { 0x50ba, 0xcb },
    { 0x50bb, 0xfb },
    { 0x50bc, 0x3c },
    { 0x50bd, 0xd9 },
    { 0x50be, 0xe9 },
    { 0x50bf, 0x63 },
    { 0x50c0, 0x66 },
    { 0x50c1, 0xa3 },
    { 0x50c2, 0x16 },
    { 0x50c3, 0x1d },
    { 0x50c4, 0x36 },
    { 0x50c5, 0xf2 },
    { 0x50c6, 0x8b },
    { 0x50c7, 0xf7 },
    { 0x50c8, 0xd5 },
    { 0x50c9, 0x85 },
    { 0x50ca, 0x02 },
    { 0x50cb, 0x05 },
    { 0x50cc, 0x74 },
    { 0x50cd, 0x8b },
    { 0x50ce, 0xd2 },
    { 0x50cf, 0x64 },
    { 0x50d0, 0xba },
    { 0x50d1, 0x6b },
    { 0x50d2, 0x17 },
    { 0x50d3, 0xbf },
    { 0x50d4, 0x22 },
    { 0x50d5, 0x31 },
    { 0x50d6, 0x1d },
    { 0x50d7, 0x35 },
    { 0x50d8, 0x66 },
    { 0x50d9, 0xd2 },
    { 0x50da, 0x75 },
    { 0x50db, 0xd7 },
    { 0x50dc, 0xca },
    { 0x50dd, 0x6f },
    { 0x50de, 0x24 },
    { 0x50df, 0x6e },
    { 0x50e0, 0xaf },
    { 0x50e1, 0x26 },
    { 0x50e2, 0x4b },
    { 0x50e3, 0xea },
    { 0x50e4, 0xa9 },
    { 0x50e5, 0x83 },
    { 0x50e6, 0x1a },
    { 0x50e7, 0x03 },
    { 0x50e8, 0xeb },
    { 0x50e9, 0x28 },
    { 0x50ea, 0xdc },
    { 0x50eb, 0xc7 },
    { 0x50ec, 0xb9 },
    { 0x50ed, 0xde },
    { 0x50ee, 0x24 },
    { 0x50ef, 0xfc },
    { 0x50f0, 0x3e },
    { 0x50f1, 0xde },
    { 0x50f2, 0x87 },
    { 0x50f3, 0x6e },
    { 0x50f4, 0x3c },
    { 0x50f5, 0x86 },
    { 0x50f6, 0x93 },
    { 0x50f7, 0x33 },
    { 0x50f8, 0xca },
    { 0x50f9, 0x74 },
    { 0x50fa, 0xc4 },
    { 0x50fb, 0x6b },
    { 0x50fc, 0xf4 },
    { 0x50fd, 0xf0 },
    { 0x50fe, 0x99 },
    { 0x50ff, 0x36 },
    { 0x5100, 0x8d },
    { 0x5101, 0xef },
    { 0x5102, 0x6c },
    { 0x5103, 0xf0 },
    { 0x5104, 0x24 },
    { 0x5105, 0xda },
    { 0x5106, 0xdb },
    { 0x5107, 0xd1 },
    { 0x5108, 0x5e },
    { 0x5109, 0xc8 },
    { 0x510a, 0xf3 },
    { 0x510b, 0xc3 },
    { 0x510c, 0xd1 },
    { 0x510d, 0x88 },
    { 0x510e, 0xad },
    { 0x510f, 0x04 },
    { 0x5110, 0x7c },
    { 0x5111, 0x58 },
    { 0x5112, 0xd5 },
    { 0x5113, 0x28 },
    { 0x5114, 0x1a },
    { 0x5115, 0x18 },
    { 0x5116, 0xea },
    { 0x5117, 0x2c },
    { 0x5118, 0xa2 },
    { 0x5119, 0x75 },
    { 0x511a, 0x60 },
    { 0x511b, 0x6d },
    { 0x511c, 0xb3 },
    { 0x511d, 0xdd },
    { 0x511e, 0xcb },
    { 0x511f, 0x22 },
    { 0x5120, 0x96 },
    { 0x5121, 0xb8 },
    { 0x5122, 0xc2 },
    { 0x5123, 0x4b },
    { 0x5124, 0x0f },
    { 0x5125, 0x6f },
    { 0x5126, 0xa7 },
    { 0x5127, 0xf5 },
    { 0x5128, 0x17 },
    { 0x5129, 0x08 },
    { 0x512a, 0x28 },
    { 0x512b, 0xad },
    { 0x512c, 0x11 },
    { 0x512d, 0xaf },
    { 0x512e, 0x5a },
    { 0x512f, 0x63 },
    { 0x5130, 0x00 },
    { 0x5131, 0xa8 },
    { 0x5132, 0x4d },
    { 0x5133, 0x20 },
    { 0x5134, 0x4c },
    { 0x5135, 0x32 },
    { 0x5136, 0x2e },
    { 0x5137, 0x2c },
    { 0x5138, 0x84 },
    { 0x5139, 0x84 },
    { 0x513a, 0x6f },
    { 0x513b, 0xe5 },
    { 0x513c, 0xbe },
    { 0x513d, 0x72 },
    { 0x513e, 0x0f },
    { 0x513f, 0x3f },
    { 0x5140, 0x1a },
    { 0x5141, 0xda },
    { 0x5142, 0x65 },
    { 0x5143, 0xc7 },
    { 0x5144, 0xfe },
    { 0x5145, 0x0e },
    { 0x5146, 0x1d },
    { 0x5147, 0xe9 },
    { 0x5148, 0x0d },
    { 0x5149, 0x2c },
    { 0x514a, 0x5b },
    { 0x514b, 0x05 },
    { 0x514c, 0xc5 },
    { 0x514d, 0xc7 },
    { 0x514e, 0x7e },
    { 0x514f, 0x77 },
    { 0x5150, 0xf1 },
    { 0x5151, 0xe1 },
    { 0x5152, 0x83 },
    { 0x5153, 0x57 },
    { 0x5154, 0xe1 },
    { 0x5155, 0xae },
    { 0x5156, 0x7d },
    { 0x5157, 0xdc },
    { 0x5158, 0x9a },
    { 0x5159, 0xa4 },
    { 0x515a, 0xe8 },
    { 0x515b, 0x4f },
    { 0x515c, 0xdd },
    { 0x515d, 0x45 },
    { 0x515e, 0x02 },
    { 0x515f, 0x6e },
    { 0x5160, 0x78 },
    { 0x5161, 0x04 },
    { 0x5162, 0xfd },
    { 0x5163, 0xea },
    { 0x5164, 0xdb },
    { 0x5165, 0xe6 },
    { 0x5166, 0xb1 },
    { 0x5167, 0x9e },
    { 0x5168, 0x72 },
    { 0x5169, 0x8d },
    { 0x516a, 0x26 },
    { 0x516b, 0xf3 },
    { 0x516c, 0x01 },
    { 0x516d, 0x55 },
    { 0x516e, 0xe6 },
    { 0x516f, 0xe6 },
    { 0x5170, 0x03 },
    { 0x5171, 0x57 },
    { 0x5172, 0xd9 },
    { 0x5173, 0xb3 },
    { 0x5174, 0x3c },
    { 0x5175, 0x60 },
    { 0x5176, 0xf8 },
    { 0x5177, 0x16 },
    { 0x5178, 0x61 },
    { 0x5179, 0xdd },
    { 0x517a, 0x6e },
    { 0x517b, 0xc8 },
    { 0x517c, 0xfb },
    { 0x517d, 0x0e },
    { 0x517e, 0xde },
    { 0x517f, 0xe1 },
    { 0x5180, 0x40 },
    { 0x5181, 0x58 },
    { 0x5182, 0x65 },
    { 0x5183, 0x4d },
    { 0x5184, 0x8e },
    { 0x5185, 0x20 },
    { 0x5186, 0x04 },
    { 0x5187, 0x83 },
    { 0x5188, 0xbd },
    { 0x5189, 0xbe },
    { 0x518a, 0xf8 },
    { 0x518b, 0x52 },
    { 0x518c, 0x59 },
    { 0x518d, 0xc6 },
    { 0x518e, 0x66 },
    { 0x518f, 0x69 },
    { 0x5190, 0x7a },
    { 0x5191, 0x0a },
    { 0x5192, 0xfe },
    { 0x5193, 0x13 },
    { 0x5194, 0x54 },
    { 0x5195, 0x8f },
    { 0x5196, 0xfc },
    { 0x5197, 0xf1 },
    { 0x5198, 0xa7 },
    { 0x5199, 0x83 },
    { 0x519a, 0x7d },
    { 0x519b, 0x76 },
    { 0x519c, 0x86 },
    { 0x519d, 0xbf },
    { 0x519e, 0x04 },
    { 0x519f, 0x47 },
    { 0x51a0, 0x00 },
    { 0x51a1, 0x99 },
    { 0x51a2, 0x45 },
    { 0x51a3, 0xed },
    { 0x51a4, 0x0b },
    { 0x51a5, 0x37 },
    { 0x51a6, 0xb1 },
    { 0x51a7, 0x12 },
    { 0x51a8, 0x29 },
    { 0x51a9, 0x76 },
    { 0x51aa, 0x89 },
    { 0x51ab, 0x5c },
    { 0x51ac, 0xf8 },
    { 0x51ad, 0xa8 },
    { 0x51ae, 0x30 },
    { 0x51af, 0x7c },
    { 0x51b0, 0xf4 },
    { 0x51b1, 0x95 },
    { 0x51b2, 0x21 },
    { 0x51b3, 0x9e },
    { 0x51b4, 0xf3 },
    { 0x51b5, 0x14 },
    { 0x51b6, 0x2a },
    { 0x51b7, 0x11 },
    { 0x51b8, 0xd5 },
    { 0x51b9, 0x41 },
    { 0x51ba, 0xba },
    { 0x51bb, 0x5a },
    { 0x51bc, 0xf2 },
    { 0x51bd, 0x0f },
    { 0x51be, 0x5e },
    { 0x51bf, 0xfe },
    { 0x51c0, 0xc5 },
    { 0x51c1, 0x36 },
    { 0x51c2, 0x11 },
    { 0x51c3, 0x22 },
    { 0x51c4, 0x71 },
    { 0x51c5, 0x22 },
    { 0x51c6, 0x60 },
    { 0x51c7, 0xa0 },
    { 0x51c8, 0x24 },
    { 0x51c9, 0xb7 },
    { 0x51ca, 0xc6 },
    { 0x51cb, 0x94 },
    { 0x51cc, 0x14 },
    { 0x51cd, 0xc0 },
    { 0x51ce, 0x8f },
    { 0x51cf, 0x50 },
    { 0x51d0, 0x64 },
    { 0x51d1, 0x71 },
    { 0x51d2, 0xc8 },
    { 0x51d3, 0x03 },
    { 0x51d4, 0x0e },
    { 0x51d5, 0x17 },
    { 0x51d6, 0x4c },
    { 0x51d7, 0x3e },
    { 0x51d8, 0x15 },
    { 0x51d9, 0xbc },
    { 0x51da, 0xed },
    { 0x51db, 0x35 },
    { 0x51dc, 0x1e },
    { 0x51dd, 0xe5 },
    { 0x51de, 0xc5 },
    { 0x51df, 0xb6 },
    { 0x51e0, 0xca },
    { 0x51e1, 0x60 },
    { 0x51e2, 0x60 },
    { 0x51e3, 0x22 },
    { 0x51e4, 0x5c },
    { 0x51e5, 0x80 },
    { 0x51e6, 0x0c },
    { 0x51e7, 0x26 },
    { 0x51e8, 0xa0 },
    { 0x51e9, 0x84 },
    { 0x51ea, 0x95 },
    { 0x51eb, 0xe6 },
    { 0x51ec, 0x38 },
    { 0x51ed, 0x15 },
    { 0x51ee, 0x28 },
    { 0x51ef, 0xa7 },
    { 0x51f0, 0xcc },
    { 0x51f1, 0x1d },
    { 0x51f2, 0xd0 },
    { 0x51f3, 0xcd },
    { 0x51f4, 0x56 },
    { 0x51f5, 0xd5 },
    { 0x51f6, 0x5c },
    { 0x51f7, 0x41 },
    { 0x51f8, 0xad },
    { 0x51f9, 0x3a },
    { 0x51fa, 0x0e },
    { 0x51fb, 0x32 },
    { 0x51fc, 0xc5 },
    { 0x51fd, 0xd8 },
    { 0x51fe, 0xe5 },
    { 0x51ff, 0x07 },
    { 0x5200, 0x31 },
    { 0x5201, 0xbf },
    { 0x5202, 0x2e },
    { 0x5203, 0x6c },
    { 0x5204, 0xa7 },
    { 0x5205, 0x7c },
    { 0x5206, 0x92 },
    { 0x5207, 0xeb },
    { 0x5208, 0xf2 },
    { 0x5209, 0x46 },
    { 0x520a, 0x48 },
    { 0x520b, 0x9c },
    { 0x520c, 0xf8 },
    { 0x520d, 0x87 },
    { 0x520e, 0x47 },
    { 0x520f, 0xba },
    { 0x5210, 0x7c },
    { 0x5211, 0xda },
    { 0x5212, 0x6e },
    { 0x5213, 0x0d },
    { 0x5214, 0xfa },
    { 0x5215, 0xa1 },
    { 0x5216, 0x64 },
    { 0x5217, 0x15 },
    { 0x5218, 0xad },
    { 0x5219, 0x37 },
    { 0x521a, 0xc1 },
    { 0x521b, 0x27 },
    { 0x521c, 0x99 },
    { 0x521d, 0x10 },
    { 0x521e, 0xda },
    { 0x521f, 0xd7 },
    { 0x5220, 0x25 },
    { 0x5221, 0xbe },
    { 0x5222, 0x4d },
    { 0x5223, 0x0b },
    { 0x5224, 0xbd },
    { 0x5225, 0x5e },
    { 0x5226, 0x45 },
    { 0x5227, 0xfd },
    { 0x5228, 0xb7 },
    { 0x5229, 0x13 },
    { 0x522a, 0xd0 },
    { 0x522b, 0x0c },
    { 0x522c, 0x53 },
    { 0x522d, 0x54 },
    { 0x522e, 0x6e },
    { 0x522f, 0xc6 },
    { 0x5230, 0x84 },
    { 0x5231, 0x0c },
    { 0x5232, 0x6b },
    { 0x5233, 0x63 },
    { 0x5234, 0x6d },
    { 0x5235, 0xae },
    { 0x5236, 0x3c },
    { 0x5237, 0x2d },
    { 0x5238, 0x49 },
    { 0x5239, 0x33 },
    { 0x523a, 0x4d },
    { 0x523b, 0xc0 },
    { 0x523c, 0xf4 },
    { 0x523d, 0x77 },
    { 0x523e, 0x08 },
    { 0x523f, 0x3d },
    { 0x5240, 0xde },
    { 0x5241, 0xe7 },
    { 0x5242, 0x48 },
    { 0x5243, 0xec },
    { 0x5244, 0x88 },
    { 0x5245, 0xa8 },
    { 0x5246, 0x07 },
    { 0x5247, 0xdc },
    { 0x5248, 0xbf },
    { 0x5249, 0x9d },
    { 0x524a, 0xa1 },
    { 0x524b, 0xe2 },
    { 0x524c, 0xec },
    { 0x524d, 0xf0 },
    { 0x524e, 0x48 },
    { 0x524f, 0x80 },
    { 0x5250, 0x5d },
    { 0x5251, 0x01 },
    { 0x5252, 0xf0 },
    { 0x5253, 0xa0 },
    { 0x5254, 0xc9 },
    { 0x5255, 0x97 },
    { 0x5256, 0xa5 },
    { 0x5257, 0x7e },
    { 0x5258, 0xeb },
    { 0x5259, 0xd5 },
    { 0x525a, 0xab },
    { 0x525b, 0xe5 },
    { 0x525c, 0x96 },
    { 0x525d, 0x77 },
    { 0x525e, 0x47 },
    { 0x525f, 0x0f },
    { 0x5260, 0x4c },
    { 0x5261, 0x79 },
    { 0x5262, 0x36 },
    { 0x5263, 0x93 },
    { 0x5264, 0xc3 },
    { 0x5265, 0x3f },
    { 0x5266, 0x96 },
    { 0x5267, 0xe7 },
    { 0x5268, 0xa9 },
    { 0x5269, 0x54 },
    { 0x526a, 0xec },
    { 0x526b, 0x77 },
    { 0x526c, 0x03 },
    { 0x526d, 0x3c },
    { 0x526e, 0x03 },
    { 0x526f, 0x3f },
    { 0x5270, 0x79 },
    { 0x5271, 0xb2 },
    { 0x5272, 0x2a },
    { 0x5273, 0x70 },
    { 0x5274, 0x0c },
    { 0x5275, 0xb0 },
    { 0x5276, 0x48 },
    { 0x5277, 0xb0 },
    { 0x5278, 0x79 },
    { 0x5279, 0x78 },
    { 0x527a, 0x35 },
    { 0x527b, 0x14 },
    { 0x527c, 0x8f },
    { 0x527d, 0x2c },
    { 0x527e, 0x17 },
    { 0x527f, 0x74 },
    { 0x5280, 0x62 },
    { 0x5281, 0xa1 },
    { 0x5282, 0x14 },
    { 0x5283, 0xeb },
    { 0x5284, 0xb0 },
    { 0x5285, 0x7a },
    { 0x5286, 0x1a },
    { 0x5287, 0xea },
    { 0x5288, 0x71 },
    { 0x5289, 0xa1 },
    { 0x528a, 0xa2 },
    { 0x528b, 0x9a },
    { 0x528c, 0x8b },
    { 0x528d, 0xae },
    { 0x528e, 0x6b },
    { 0x528f, 0xf0 },
    { 0x5290, 0x5d },
    { 0x5291, 0xd8 },
    { 0x5292, 0x5c },
    { 0x5293, 0x5d },
    { 0x5294, 0x19 },
    { 0x5295, 0x3f },
    { 0x5296, 0xc4 },
    { 0x5297, 0x72 },
    { 0x5298, 0x0e },
    { 0x5299, 0xad },
    { 0x529a, 0xc6 },
    { 0x529b, 0x51 },
    { 0x529c, 0xfa },
    { 0x529d, 0xff },
    { 0x529e, 0xf1 },
    { 0x529f, 0x04 },
    { 0x52a0, 0x9a },
    { 0x52a1, 0x4d },
    { 0x52a2, 0x29 },
    { 0x52a3, 0x26 },
    { 0x52a4, 0x7d },
    { 0x52a5, 0xfd },
    { 0x52a6, 0x70 },
    { 0x52a7, 0xb7 },
    { 0x52a8, 0xe7 },
    { 0x52a9, 0xd8 },
    { 0x52aa, 0x51 },
    { 0x52ab, 0xba },
    { 0x52ac, 0xd7 },
    { 0x52ad, 0x9e },
    { 0x52ae, 0x1c },
    { 0x52af, 0xd8 },
    { 0x52b0, 0xcc },
    { 0x52b1, 0xa3 },
    { 0x52b2, 0x0a },
    { 0x52b3, 0xc6 },
    { 0x52b4, 0x8d },
    { 0x52b5, 0xbe },
    { 0x52b6, 0xe9 },
    { 0x52b7, 0x94 },
    { 0x52b8, 0x29 },
    { 0x52b9, 0x73 },
    { 0x52ba, 0x37 },
    { 0x52bb, 0x69 },
    { 0x52bc, 0x2e },
    { 0x52bd, 0xec },
    { 0x52be, 0x9c },
    { 0x52bf, 0xee },
    { 0x52c0, 0x68 },
    { 0x52c1, 0xc1 },
    { 0x52c2, 0xcf },
    { 0x52c3, 0x6d },
    { 0x52c4, 0xff },
    { 0x52c5, 0x55 },
    { 0x52c6, 0x01 },
    { 0x52c7, 0x96 },
    { 0x52c8, 0x9a },
    { 0x52c9, 0x0d },
    { 0x52ca, 0x15 },
    { 0x52cb, 0x20 },
    { 0x52cc, 0x15 },
    { 0x52cd, 0xdf },
    { 0x52ce, 0xf9 },
    { 0x52cf, 0xac },
    { 0x52d0, 0x06 },
    { 0x52d1, 0x9f },
    { 0x52d2, 0xbf },
    { 0x52d3, 0x95 },
    { 0x52d4, 0xf2 },
    { 0x52d5, 0x8d },
    { 0x52d6, 0x80 },
    { 0x52d7, 0xcb },
    { 0x52d8, 0xf2 },
    { 0x52d9, 0xd1 },
    { 0x52da, 0x2e },
    { 0x52db, 0x42 },
    { 0x52dc, 0x92 },
    { 0x52dd, 0xc5 },
    { 0x52de, 0x8a },
    { 0x52df, 0x2b },
    { 0x52e0, 0x36 },
    { 0x52e1, 0x6b },
    { 0x52e2, 0x66 },
    { 0x52e3, 0xc4 },
    { 0x52e4, 0x0d },
    { 0x52e5, 0x13 },
    { 0x52e6, 0xcd },
    { 0x52e7, 0x0d },
    { 0x52e8, 0xa6 },
    { 0x52e9, 0x2a },
    { 0x52ea, 0xa7 },
    { 0x52eb, 0x02 },
    { 0x52ec, 0x33 },
    { 0x52ed, 0x43 },
    { 0x52ee, 0xdc },
    { 0x52ef, 0xea },
    { 0x52f0, 0x34 },
    { 0x52f1, 0xec },
    { 0x52f2, 0xf5 },
    { 0x52f3, 0xd5 },
    { 0x52f4, 0x2b },
    { 0x52f5, 0x9e },
    { 0x52f6, 0xd7 },
    { 0x52f7, 0x4d },
    { 0x52f8, 0x1c },
    { 0x52f9, 0xc2 },
    { 0x52fa, 0x0c },
    { 0x52fb, 0x6e },
    { 0x52fc, 0x68 },
    { 0x52fd, 0x12 },
    { 0x52fe, 0x97 },
    { 0x52ff, 0xc6 },
    { 0x5300, 0x50 },
    { 0x5301, 0x58 },
    { 0x5302, 0x5b },
    { 0x5303, 0x15 },
    { 0x5304, 0x1c },
    { 0x5305, 0xd2 },
    { 0x5306, 0x3e },
    { 0x5307, 0x54 },
    { 0x5308, 0xc2 },
    { 0x5309, 0xf4 },
    { 0x530a, 0xa9 },
    { 0x530b, 0x20 },
    { 0x530c, 0x4c },
    { 0x530d, 0xf6 },
    { 0x530e, 0x17 },
    { 0x530f, 0xaa },
    { 0x5310, 0xa4 },
    { 0x5311, 0x54 },
    { 0x5312, 0x6d },
    { 0x5313, 0x83 },
    { 0x5314, 0x5b },
    { 0x5315, 0xa4 },
    { 0x5316, 0xfa },
    { 0x5317, 0x01 },
    { 0x5318, 0xf8 },
    { 0x5319, 0x56 },
    { 0x531a, 0x2e },
    { 0x531b, 0x59 },
    { 0x531c, 0xc4 },
    { 0x531d, 0xfd },
    { 0x531e, 0xf4 },
    { 0x531f, 0xe7 },
    { 0x5320, 0x00 },
    { 0x5321, 0xce },
    { 0x5322, 0x70 },
    { 0x5323, 0x29 },
    { 0x5324, 0xe2 },
    { 0x5325, 0x39 },
    { 0x5326, 0x6b },
    { 0x5327, 0xa6 },
    { 0x5328, 0x92 },
    { 0x5329, 0x8e },
    { 0x532a, 0x3a },
    { 0x532b, 0x6f },
    { 0x532c, 0xf8 },
    { 0x532d, 0xec },
    { 0x532e, 0xf8 },
    { 0x532f, 0x0f },
    { 0x5330, 0x23 },
    { 0x5331, 0xa4 },
    { 0x5332, 0x19 },
    { 0x5333, 0xa1 },
    { 0x5334, 0xc1 },
    { 0x5335, 0xc4 },
    { 0x5336, 0xd1 },
    { 0x5337, 0xf8 },
    { 0x5338, 0xac },
    { 0x5339, 0x4a },
    { 0x533a, 0x67 },
    { 0x533b, 0xa0 },
    { 0x533c, 0x7f },
    { 0x533d, 0x2a },
    { 0x533e, 0xa0 },
    { 0x533f, 0x55 },
    { 0x5340, 0x54 },
    { 0x5341, 0x37 },
    { 0x5342, 0xdd },
    { 0x5343, 0xec },
    { 0x5344, 0xe8 },
    { 0x5345, 0x20 },
    { 0x5346, 0xf7 },
    { 0x5347, 0xa9 },
    { 0x5348, 0x8c },
    { 0x5349, 0x02 },
    { 0x534a, 0x98 },
    { 0x534b, 0x46 },
    { 0x534c, 0x7a },
    { 0x534d, 0xaa },
    { 0x534e, 0x54 },
    { 0x534f, 0x0f },
    { 0x5350, 0x85 },
    { 0x5351, 0x6f },
    { 0x5352, 0xbe },
    { 0x5353, 0x49 },
    { 0x5354, 0x0b },
    { 0x5355, 0x8d },
    { 0x5356, 0xd1 },
    { 0x5357, 0xb5 },
    { 0x5358, 0xc8 },
    { 0x5359, 0x3d },
    { 0x535a, 0xa7 },
    { 0x535b, 0x0e },
    { 0x535c, 0x84 },
    { 0x535d, 0x41 },
    { 0x535e, 0x78 },
    { 0x535f, 0xe0 },
    { 0x5360, 0x9b },
    { 0x5361, 0x4e },
    { 0x5362, 0xac },
    { 0x5363, 0x3b },
    { 0x5364, 0x5e },
    { 0x5365, 0x22 },
    { 0x5366, 0xe7 },
    { 0x5367, 0x46 },
    { 0x5368, 0x89 },
    { 0x5369, 0x90 },
    { 0x536a, 0x33 },
    { 0x536b, 0x51 },
    { 0x536c, 0xcf },
    { 0x536d, 0x92 },
    { 0x536e, 0x4b },
    { 0x536f, 0xa9 },
    { 0x5370, 0xd0 },
    { 0x5371, 0x24 },
    { 0x5372, 0x56 },
    { 0x5373, 0x4b },
    { 0x5374, 0x8d },
    { 0x5375, 0x1d },
    { 0x5376, 0xa9 },
    { 0x5377, 0xb9 },
    { 0x5378, 0x33 },
    { 0x5379, 0x17 },
    { 0x537a, 0xbb },
    { 0x537b, 0x98 },
    { 0x537c, 0xc8 },
    { 0x537d, 0x60 },
    { 0x537e, 0x9a },
    { 0x537f, 0x53 },
    { 0x5380, 0xf0 },
    { 0x5381, 0x48 },
    { 0x5382, 0x0d },
    { 0x5383, 0x39 },
    { 0x5384, 0xfa },
    { 0x5385, 0xc3 },
    { 0x5386, 0xac },
    { 0x5387, 0x73 },
    { 0x5388, 0xd1 },
    { 0x5389, 0xa1 },
    { 0x538a, 0xed },
    { 0x538b, 0x89 },
    { 0x538c, 0x2a },
    { 0x538d, 0xad },
    { 0x538e, 0x90 },
    { 0x538f, 0xd4 },
    { 0x5390, 0x1c },
    { 0x5391, 0xba },
    { 0x5392, 0x20 },
    { 0x5393, 0xf6 },
    { 0x5394, 0xbe },
    { 0x5395, 0xe2 },
    { 0x5396, 0x15 },
    { 0x5397, 0x44 },
    { 0x5398, 0x08 },
    { 0x5399, 0x79 },
    { 0x539a, 0x41 },
    { 0x539b, 0x81 },
    { 0x539c, 0xb8 },
    { 0x539d, 0xac },
    { 0x539e, 0xe7 },
    { 0x539f, 0xdd },
    { 0x53a0, 0xf2 },
    { 0x53a1, 0xc8 },
    { 0x53a2, 0xf9 },
    { 0x53a3, 0x24 },
    { 0x53a4, 0x71 },
    { 0x53a5, 0xdf },
    { 0x53a6, 0xdd },
    { 0x53a7, 0xaf },
    { 0x53a8, 0xd3 },
    { 0x53a9, 0xe2 },
    { 0x53aa, 0xa6 },
    { 0x53ab, 0x70 },
    { 0x53ac, 0xd1 },
    { 0x53ad, 0x8e },
    { 0x53ae, 0xd6 },
    { 0x53af, 0x0c },
    { 0x53b0, 0xbf },
    { 0x53b1, 0x2d },
    { 0x53b2, 0x95 },
    { 0x53b3, 0x7e },
    { 0x53b4, 0x5a },
    { 0x53b5, 0xca },
    { 0x53b6, 0x75 },
    { 0x53b7, 0xfe },
    { 0x53b8, 0xb0 },
    { 0x53b9, 0x80 },
    { 0x53ba, 0x7d },
    { 0x53bb, 0xdc },
    { 0x53bc, 0x27 },
    { 0x53bd, 0xbe },
    { 0x53be, 0xda },
    { 0x53bf, 0x7c },
    { 0x53c0, 0x35 },
    { 0x53c1, 0x51 },
    { 0x53c2, 0xbd },
    { 0x53c3, 0x26 },
    { 0x53c4, 0xb5 },
    { 0x53c5, 0x8f },
    { 0x53c6, 0x3f },
    { 0x53c7, 0x6c },
    { 0x53c8, 0x61 },
    { 0x53c9, 0xbe },
    { 0x53ca, 0x59 },
    { 0x53cb, 0xf7 },
    { 0x53cc, 0xe0 },
    { 0x53cd, 0xfc },
    { 0x53ce, 0x51 },
    { 0x53cf, 0xa5 },
    { 0x53d0, 0x62 },
    { 0x53d1, 0x93 },
    { 0x53d2, 0x81 },
    { 0x53d3, 0x22 },
    { 0x53d4, 0xae },
    { 0x53d5, 0x29 },
    { 0x53d6, 0x4a },
    { 0x53d7, 0x9b },
    { 0x53d8, 0xfe },
    { 0x53d9, 0x38 },
    { 0x53da, 0x45 },
    { 0x53db, 0x39 },
    { 0x53dc, 0x42 },
    { 0x53dd, 0xbc },
    { 0x53de, 0x4b },
    { 0x53df, 0x5a },
    { 0x53e0, 0x95 },
    { 0x53e1, 0x9c },
    { 0x53e2, 0xdb },
    { 0x53e3, 0xc5 },
    { 0x53e4, 0x08 },
    { 0x53e5, 0xd0 },
    { 0x53e6, 0x1f },
    { 0x53e7, 0x36 },
    { 0x53e8, 0x8c },
    { 0x53e9, 0x1f },
    { 0x53ea, 0xc8 },
    { 0x53eb, 0xa6 },
    { 0x53ec, 0x92 },
    { 0x53ed, 0x4d },
    { 0x53ee, 0x3d },
    { 0x53ef, 0xf5 },
    { 0x53f0, 0xae },
    { 0x53f1, 0x24 },
    { 0x53f2, 0x09 },
    { 0x53f3, 0x40 },
    { 0x53f4, 0xeb },
    { 0x53f5, 0xdf },
    { 0x53f6, 0x9f },
    { 0x53f7, 0xf2 },
    { 0x53f8, 0xb9 },
    { 0x53f9, 0x72 },
    { 0x53fa, 0xb1 },
    { 0x53fb, 0x8f },
    { 0x53fc, 0x61 },
    { 0x53fd, 0x9c },
    { 0x53fe, 0xfa },
    { 0x53ff, 0x43 },
    { 0x5400, 0x07 },
    { 0x5401, 0xc8 },
    { 0x5402, 0x67 },
    { 0x5403, 0x5b },
    { 0x5404, 0x66 },
    { 0x5405, 0xa2 },
    { 0x5406, 0xf2 },
    { 0x5407, 0x3d },
    { 0x5408, 0xcb },
    { 0x5409, 0xfd },
    { 0x540a, 0xcf },
    { 0x540b, 0x97 },
    { 0x540c, 0x73 },
    { 0x540d, 0x7c },
    { 0x540e, 0x9f },
    { 0x540f, 0xdd },
    { 0x5410, 0x29 },
    { 0x5411, 0x7c },
    { 0x5412, 0x42 },
    { 0x5413, 0x61 },
    { 0x5414, 0xc4 },
    { 0x5415, 0xc4 },
    { 0x5416, 0x85 },
    { 0x5417, 0x0f },
    { 0x5418, 0xec },
    { 0x5419, 0x8d },
    { 0x541a, 0xac },
    { 0x541b, 0x03 },
    { 0x541c, 0x27 },
    { 0x541d, 0xae },
    { 0x541e, 0x4a },
    { 0x541f, 0xa1 },
    { 0x5420, 0x31 },
    { 0x5421, 0x47 },
    { 0x5422, 0x3f },
    { 0x5423, 0x7d },
    { 0x5424, 0x7f },
    { 0x5425, 0x40 },
    { 0x5426, 0x90 },
    { 0x5427, 0xc3 },
    { 0x5428, 0x04 },
    { 0x5429, 0x13 },
    { 0x542a, 0xc6 },
    { 0x542b, 0x4e },
    { 0x542c, 0x8e },
    { 0x542d, 0xe9 },
    { 0x542e, 0x85 },
    { 0x542f, 0xde },
    { 0x5430, 0x70 },
    { 0x5431, 0xab },
    { 0x5432, 0xa8 },
    { 0x5433, 0xff },
    { 0x5434, 0xfe },
    { 0x5435, 0xa5 },
    { 0x5436, 0xcb },
    { 0x5437, 0x12 },
    { 0x5438, 0x26 },
    { 0x5439, 0xc4 },
    { 0x543a, 0x80 },
    { 0x543b, 0xc6 },
    { 0x543c, 0x42 },
    { 0x543d, 0xbb },
    { 0x543e, 0x0e },
    { 0x543f, 0x08 },
    { 0x5440, 0xc0 },
    { 0x5441, 0xdd },
    { 0x5442, 0xa6 },
    { 0x5443, 0x11 },
    { 0x5444, 0x37 },
    { 0x5445, 0x5a },
    { 0x5446, 0xcf },
    { 0x5447, 0x0a },
    { 0x5448, 0xb4 },
    { 0x5449, 0x0f },
    { 0x544a, 0xa4 },
    { 0x544b, 0x38 },
    { 0x544c, 0x8e },
    { 0x544d, 0x8f },
    { 0x544e, 0x03 },
    { 0x544f, 0xaa },
    { 0x5450, 0xc2 },
    { 0x5451, 0xdf },
    { 0x5452, 0x4c },
    { 0x5453, 0x37 },
    { 0x5454, 0x37 },
    { 0x5455, 0xd6 },
    { 0x5456, 0x7d },
    { 0x5457, 0x61 },
    { 0x5458, 0xe9 },
    { 0x5459, 0xd9 },
    { 0x545a, 0x1c },
    { 0x545b, 0x3f },
    { 0x545c, 0xbb },
    { 0x545d, 0x83 },
    { 0x545e, 0x35 },
    { 0x545f, 0xc2 },
    { 0x5460, 0xfb },
    { 0x5461, 0xc3 },
    { 0x5462, 0x97 },
    { 0x5463, 0xb8 },
    { 0x5464, 0x62 },
    { 0x5465, 0x9f },
    { 0x5466, 0x49 },
    { 0x5467, 0xd8 },
    { 0x5468, 0xfa },
    { 0x5469, 0xb1 },
    { 0x546a, 0x7b },
    { 0x546b, 0x3c },
    { 0x546c, 0x69 },
    { 0x546d, 0x74 },
    { 0x546e, 0x3d },
    { 0x546f, 0x23 },
    { 0x5470, 0xcd },
    { 0x5471, 0xfe },
    { 0x5472, 0x54 },
    { 0x5473, 0x20 },
    { 0x5474, 0x4d },
    { 0x5475, 0x05 },
    { 0x5476, 0x62 },
    { 0x5477, 0x84 },
    { 0x5478, 0xc5 },
    { 0x5479, 0x52 },
    { 0x547a, 0x80 },
    { 0x547b, 0xff },
    { 0x547c, 0xcd },
    { 0x547d, 0x34 },
    { 0x547e, 0x1b },
    { 0x547f, 0x2a },
    { 0x5480, 0x98 },
    { 0x5481, 0x4e },
    { 0x5482, 0x01 },
    { 0x5483, 0x45 },
    { 0x5484, 0xf1 },
    { 0x5485, 0x01 },
    { 0x5486, 0x5e },
    { 0x5487, 0x61 },
    { 0x5488, 0xd1 },
    { 0x5489, 0xc0 },
    { 0x548a, 0x0b },
    { 0x548b, 0x4d },
    { 0x548c, 0x2f },
    { 0x548d, 0xa7 },
    { 0x548e, 0x46 },
    { 0x548f, 0xdc },
    { 0x5490, 0xae },
    { 0x5491, 0x73 },
    { 0x5492, 0x7d },
    { 0x5493, 0x25 },
    { 0x5494, 0xb8 },
    { 0x5495, 0x6c },
    { 0x5496, 0x87 },
    { 0x5497, 0x8d },
    { 0x5498, 0xd7 },
    { 0x5499, 0xd2 },
    { 0x549a, 0xf8 },
    { 0x549b, 0x0f },
    { 0x549c, 0x57 },
    { 0x549d, 0x65 },
    { 0x549e, 0x06 },
    { 0x549f, 0xdc },
    { 0x54a0, 0x05 },
    { 0x54a1, 0x2e },
    { 0x54a2, 0x74 },
    { 0x54a3, 0x54 },
    { 0x54a4, 0x07 },
    { 0x54a5, 0x61 },
    { 0x54a6, 0xe0 },
    { 0x54a7, 0x7b },
    { 0x54a8, 0x9e },
    { 0x54a9, 0x09 },
    { 0x54aa, 0x9b },
    { 0x54ab, 0x9f },
    { 0x54ac, 0x22 },
    { 0x54ad, 0xd3 },
    { 0x54ae, 0x88 },
    { 0x54af, 0x00 },
    { 0x54b0, 0x24 },
    { 0x54b1, 0x56 },
    { 0x54b2, 0xa7 },
    { 0x54b3, 0x79 },
    { 0x54b4, 0xca },
    { 0x54b5, 0x36 },
    { 0x54b6, 0x10 },
    { 0x54b7, 0xe0 },
    { 0x54b8, 0x90 },
    { 0x54b9, 0x6d },
    { 0x54ba, 0xf9 },
    { 0x54bb, 0x78 },
    { 0x54bc, 0x96 },
    { 0x54bd, 0x23 },
    { 0x54be, 0x2c },
    { 0x54bf, 0xe5 },
    { 0x54c0, 0xc6 },
    { 0x54c1, 0xaf },
    { 0x54c2, 0xe7 },
    { 0x54c3, 0x65 },
    { 0x54c4, 0x34 },
    { 0x54c5, 0x3b },
    { 0x54c6, 0xea },
    { 0x54c7, 0x2a },
    { 0x54c8, 0x0b },
    { 0x54c9, 0x47 },
    { 0x54ca, 0x71 },
    { 0x54cb, 0x47 },
    { 0x54cc, 0x57 },
    { 0x54cd, 0xde },
    { 0x54ce, 0x9d },
    { 0x54cf, 0x3b },
    { 0x54d0, 0xb1 },
    { 0x54d1, 0x6d },
    { 0x54d2, 0x8b },
    { 0x54d3, 0x1d },
    { 0x54d4, 0x8d },
    { 0x54d5, 0x1b },
    { 0x54d6, 0x11 },
    { 0x54d7, 0x34 },
    { 0x54d8, 0x7e },
    { 0x54d9, 0xd4 },
    { 0x54da, 0x01 },
    { 0x54db, 0x66 },
    { 0x54dc, 0x20 },
    { 0x54dd, 0x24 },
    { 0x54de, 0xb6 },
    { 0x54df, 0x9a },
    { 0x54e0, 0x84 },
    { 0x54e1, 0x39 },
    { 0x54e2, 0xc7 },
    { 0x54e3, 0x0e },
    { 0x54e4, 0xe9 },
    { 0x54e5, 0xc8 },
    { 0x54e6, 0x81 },
    { 0x54e7, 0x7d },
    { 0x54e8, 0x51 },
    { 0x54e9, 0x73 },
    { 0x54ea, 0x51 },
    { 0x54eb, 0x24 },
    { 0x54ec, 0x86 },
    { 0x54ed, 0x0d },
    { 0x54ee, 0xc2 },
    { 0x54ef, 0xb1 },
    { 0x54f0, 0xcf },
    { 0x54f1, 0x85 },
    { 0x54f2, 0x02 },
    { 0x54f3, 0x9f },
    { 0x54f4, 0x37 },
    { 0x54f5, 0x2b },
    { 0x54f6, 0xb0 },
    { 0x54f7, 0xa4 },
    { 0x54f8, 0x93 },
    { 0x54f9, 0x08 },
    { 0x54fa, 0x2f },
    { 0x54fb, 0x71 },
    { 0x54fc, 0x76 },
    { 0x54fd, 0x08 },
    { 0x54fe, 0x4d },
    { 0x54ff, 0x06 },
    { 0x5500, 0x26 },
    { 0x5501, 0x89 },
    { 0x5502, 0x11 },
    { 0x5503, 0xbf },
    { 0x5504, 0xa2 },
    { 0x5505, 0x14 },
    { 0x5506, 0xc3 },
    { 0x5507, 0xd7 },
    { 0x5508, 0x58 },
    { 0x5509, 0xb2 },
    { 0x550a, 0x89 },
    { 0x550b, 0x29 },
    { 0x550c, 0xb3 },
    { 0x550d, 0x49 },
    { 0x550e, 0x66 },
    { 0x550f, 0xf1 },
    { 0x5510, 0xc9 },
    { 0x5511, 0x62 },
    { 0x5512, 0x42 },
    { 0x5513, 0x6f },
    { 0x5514, 0x8b },
    { 0x5515, 0x11 },
    { 0x5516, 0x59 },
    { 0x5517, 0xd8 },
    { 0x5518, 0x74 },
    { 0x5519, 0xda },
    { 0x551a, 0xe1 },
    { 0x551b, 0xbd },
    { 0x551c, 0x4f },
    { 0x551d, 0x9a },
    { 0x551e, 0x80 },
    { 0x551f, 0x24 },
    { 0x5520, 0x16 },
    { 0x5521, 0x4c },
    { 0x5522, 0x4d },
    { 0x5523, 0x0c },
    { 0x5524, 0xc8 },
    { 0x5525, 0x12 },
    { 0x5526, 0x93 },
    { 0x5527, 0xb1 },
    { 0x5528, 0x7f },
    { 0x5529, 0xfb },
    { 0x552a, 0xb8 },
    { 0x552b, 0xd8 },
    { 0x552c, 0x4c },
    { 0x552d, 0x31 },
    { 0x552e, 0x2c },
    { 0x552f, 0x22 },
    { 0x5530, 0xb5 },
    { 0x5531, 0x32 },
    { 0x5532, 0xd8 },
    { 0x5533, 0x0f },
    { 0x5534, 0x75 },
    { 0x5535, 0x03 },
    { 0x5536, 0x99 },
    { 0x5537, 0x44 },
    { 0x5538, 0x65 },
    { 0x5539, 0x40 },
    { 0x553a, 0xa5 },
    { 0x553b, 0x55 },
    { 0x553c, 0x56 },
    { 0x553d, 0x8a },
    { 0x553e, 0xa5 },
    { 0x553f, 0x86 },
    { 0x5540, 0x69 },
    { 0x5541, 0x88 },
    { 0x5542, 0xc8 },
    { 0x5543, 0xc2 },
    { 0x5544, 0xb2 },
    { 0x5545, 0x78 },
    { 0x5546, 0x1b },
    { 0x5547, 0xb3 },
    { 0x5548, 0x71 },
    { 0x5549, 0xe6 },
    { 0x554a, 0x60 },
    { 0x554b, 0x4f },
    { 0x554c, 0x8b },
    { 0x554d, 0xf4 },
    { 0x554e, 0xa4 },
    { 0x554f, 0xe7 },
    { 0x5550, 0xeb },
    { 0x5551, 0x0c },
    { 0x5552, 0x2d },
    { 0x5553, 0x8c },
    { 0x5554, 0x2f },
    { 0x5555, 0xe2 },
    { 0x5556, 0x76 },
    { 0x5557, 0x97 },
    { 0x5558, 0x48 },
    { 0x5559, 0x84 },
    { 0x555a, 0x27 },
    { 0x555b, 0x60 },
    { 0x555c, 0xa0 },
    { 0x555d, 0x28 },
    { 0x555e, 0x99 },
    { 0x555f, 0x40 },
    { 0x5560, 0x3c },
    { 0x5561, 0x27 },
    { 0x5562, 0xdb },
    { 0x5563, 0x6a },
    { 0x5564, 0xe4 },
    { 0x5565, 0x13 },
    { 0x5566, 0x72 },
    { 0x5567, 0xe5 },
    { 0x5568, 0x5f },
    { 0x5569, 0x54 },
    { 0x556a, 0x48 },
    { 0x556b, 0x23 },
    { 0x556c, 0xb0 },
    { 0x556d, 0x01 },
    { 0x556e, 0x7c },
    { 0x556f, 0xfa },
    { 0x5570, 0xf9 },
    { 0x5571, 0x2d },
    { 0x5572, 0x71 },
    { 0x5573, 0xb0 },
    { 0x5574, 0x9b },
    { 0x5575, 0xfa },
    { 0x5576, 0xd0 },
    { 0x5577, 0x1f },
    { 0x5578, 0x26 },
    { 0x5579, 0x5d },
    { 0x557a, 0x18 },
    { 0x557b, 0x90 },
    { 0x557c, 0x7c },
    { 0x557d, 0x4c },
    { 0x557e, 0x40 },
    { 0x557f, 0xd4 },
    { 0x5580, 0x69 },
    { 0x5581, 0x77 },
    { 0x5582, 0x9c },
    { 0x5583, 0xf1 },
    { 0x5584, 0x1c },
    { 0x5585, 0xd3 },
    { 0x5586, 0x1e },
    { 0x5587, 0x22 },
    { 0x5588, 0xfe },
    { 0x5589, 0x7c },
    { 0x558a, 0x9f },
    { 0x558b, 0xad },
    { 0x558c, 0xe6 },
    { 0x558d, 0x56 },
    { 0x558e, 0x27 },
    { 0x558f, 0xae },
    { 0x5590, 0x72 },
    { 0x5591, 0xf4 },
    { 0x5592, 0x6e },
    { 0x5593, 0x07 },
    { 0x5594, 0x89 },
    { 0x5595, 0xd9 },
    { 0x5596, 0xe9 },
    { 0x5597, 0x54 },
    { 0x5598, 0xe4 },
    { 0x5599, 0xf1 },
    { 0x559a, 0xc4 },
    { 0x559b, 0x9c },
    { 0x559c, 0x60 },
    { 0x559d, 0x00 },
    { 0x559e, 0xae },
    { 0x559f, 0x6f },
    { 0x55a0, 0x3c },
    { 0x55a1, 0x48 },
    { 0x55a2, 0x5f },
    { 0x55a3, 0xfc },
    { 0x55a4, 0xc1 },
    { 0x55a5, 0x38 },
    { 0x55a6, 0x43 },
    { 0x55a7, 0xbd },
    { 0x55a8, 0x86 },
    { 0x55a9, 0x35 },
    { 0x55aa, 0xe3 },
    { 0x55ab, 0x80 },
    { 0x55ac, 0xad },
    { 0x55ad, 0xff },
    { 0x55ae, 0xdf },
    { 0x55af, 0x53 },
    { 0x55b0, 0x19 },
    { 0x55b1, 0xbc },
    { 0x55b2, 0x83 },
    { 0x55b3, 0x2f },
    { 0x55b4, 0xad },
    { 0x55b5, 0xe0 },
    { 0x55b6, 0x61 },
    { 0x55b7, 0xfe },
    { 0x55b8, 0x9f },
    { 0x55b9, 0x2d },
    { 0x55ba, 0xec },
    { 0x55bb, 0x34 },
    { 0x55bc, 0xc4 },
    { 0x55bd, 0xc2 },
    { 0x55be, 0xa1 },
    { 0x55bf, 0x5e },
    { 0x55c0, 0x9f },
    { 0x55c1, 0x51 },
    { 0x55c2, 0x5f },
    { 0x55c3, 0x32 },
    { 0x55c4, 0x4a },
    { 0x55c5, 0x8f },
    { 0x55c6, 0xb8 },
    { 0x55c7, 0xd7 },
    { 0x55c8, 0xb1 },
    { 0x55c9, 0xad },
    { 0x55ca, 0x72 },
    { 0x55cb, 0x8b },
    { 0x55cc, 0x0a },
    { 0x55cd, 0x1f },
    { 0x55ce, 0xcd },
    { 0x55cf, 0xf6 },
    { 0x55d0, 0xaf },
    { 0x55d1, 0x44 },
    { 0x55d2, 0x0c },
    { 0x55d3, 0x52 },
    { 0x55d4, 0x8b },
    { 0x55d5, 0xe6 },
    { 0x55d6, 0xc1 },
    { 0x55d7, 0xb8 },
    { 0x55d8, 0x5d },
    { 0x55d9, 0xf5 },
    { 0x55da, 0x1f },
    { 0x55db, 0xad },
    { 0x55dc, 0x35 },
    { 0x55dd, 0xed },
    { 0x55de, 0x59 },
    { 0x55df, 0x77 },
    { 0x55e0, 0x1c },
    { 0x55e1, 0xd1 },
    { 0x55e2, 0xab },
    { 0x55e3, 0x97 },
    { 0x55e4, 0xc2 },
    { 0x55e5, 0x4c },
    { 0x55e6, 0x86 },
    { 0x55e7, 0x62 },
    { 0x55e8, 0xf2 },
    { 0x55e9, 0x05 },
    { 0x55ea, 0x3e },
    { 0x55eb, 0xbc },
    { 0x55ec, 0xa3 },
    { 0x55ed, 0xe4 },
    { 0x55ee, 0x13 },
    { 0x55ef, 0x4d },
    { 0x55f0, 0x5a },
    { 0x55f1, 0x38 },
    { 0x55f2, 0x50 },
    { 0x55f3, 0x19 },
    { 0x55f4, 0x04 },
    { 0x55f5, 0xc0 },
    { 0x55f6, 0xf8 },
    { 0x55f7, 0x7f },
    { 0x55f8, 0xf1 },
    { 0x55f9, 0x5d },
    { 0x55fa, 0xde },
    { 0x55fb, 0x69 },
    { 0x55fc, 0x22 },
    { 0x55fd, 0xdb },
    { 0x55fe, 0xa9 },
    { 0x55ff, 0x85 },
    { 0x5600, 0x0e },
    { 0x5601, 0xd8 },
    { 0x5602, 0xb9 },
    { 0x5603, 0x00 },
    { 0x5604, 0xae },
    { 0x5605, 0xba },
    { 0x5606, 0x70 },
    { 0x5607, 0x0b },
    { 0x5608, 0x48 },
    { 0x5609, 0x18 },
    { 0x560a, 0x03 },
    { 0x560b, 0x14 },
    { 0x560c, 0x72 },
    { 0x560d, 0x60 },
    { 0x560e, 0xd8 },
    { 0x560f, 0x55 },
    { 0x5610, 0xfb },
    { 0x5611, 0xd6 },
    { 0x5612, 0xbc },
    { 0x5613, 0xce },
    { 0x5614, 0x8a },
    { 0x5615, 0x4b },
    { 0x5616, 0xc9 },
    { 0x5617, 0xbd },
    { 0x5618, 0x85 },
    { 0x5619, 0x34 },
    { 0x561a, 0x8c },
    { 0x561b, 0x7a },
    { 0x561c, 0x95 },
    { 0x561d, 0x4a },
    { 0x561e, 0xde },
    { 0x561f, 0x99 },
    { 0x5620, 0x89 },
    { 0x5621, 0x31 },
    { 0x5622, 0xd1 },
    { 0x5623, 0xd4 },
    { 0x5624, 0x88 },
    { 0x5625, 0x6d },
    { 0x5626, 0x77 },
    { 0x5627, 0x66 },
    { 0x5628, 0xc2 },
    { 0x5629, 0xff },
    { 0x562a, 0xb2 },
    { 0x562b, 0xb0 },
    { 0x562c, 0x1f },
    { 0x562d, 0xc1 },
    { 0x562e, 0x18 },
    { 0x562f, 0xbf },
    { 0x5630, 0x46 },
    { 0x5631, 0x6e },
    { 0x5632, 0x29 },
    { 0x5633, 0xa9 },
    { 0x5634, 0xfb },
    { 0x5635, 0xd1 },
    { 0x5636, 0x38 },
    { 0x5637, 0x2a },
    { 0x5638, 0x9c },
    { 0x5639, 0x18 },
    { 0x563a, 0xad },
    { 0x563b, 0xf6 },
    { 0x563c, 0xc5 },
    { 0x563d, 0xdd },
    { 0x563e, 0x13 },
    { 0x563f, 0xc5 },
    { 0x5640, 0x77 },
    { 0x5641, 0x91 },
    { 0x5642, 0x19 },
    { 0x5643, 0x68 },
    { 0x5644, 0xc0 },
    { 0x5645, 0x6e },
    { 0x5646, 0x57 },
    { 0x5647, 0x3e },
    { 0x5648, 0x6b },
    { 0x5649, 0xb8 },
    { 0x564a, 0x32 },
    { 0x564b, 0x1e },
    { 0x564c, 0x88 },
    { 0x564d, 0xf8 },
    { 0x564e, 0x1a },
    { 0x564f, 0x47 },
    { 0x5650, 0x37 },
    { 0x5651, 0x3b },
    { 0x5652, 0x7d },
    { 0x5653, 0x40 },
    { 0x5654, 0x00 },
    { 0x5655, 0x67 },
    { 0x5656, 0x2d },
    { 0x5657, 0x13 },
    { 0x5658, 0xfc },
    { 0x5659, 0x3c },
    { 0x565a, 0xe5 },
    { 0x565b, 0x3d },
    { 0x565c, 0xaa },
    { 0x565d, 0x67 },
    { 0x565e, 0x94 },
    { 0x565f, 0x6d },
    { 0x5660, 0xad },
    { 0x5661, 0xcb },
    { 0x5662, 0xb6 },
    { 0x5663, 0x21 },
    { 0x5664, 0xf2 },
    { 0x5665, 0x61 },
    { 0x5666, 0x0e },
    { 0x5667, 0x87 },
    { 0x5668, 0x3c },
    { 0x5669, 0x24 },
    { 0x566a, 0x37 },
    { 0x566b, 0x15 },
    { 0x566c, 0x7e },
    { 0x566d, 0xaf },
    { 0x566e, 0x4d },
    { 0x566f, 0x5d },
    { 0x5670, 0x09 },
    { 0x5671, 0x2a },
    { 0x5672, 0x15 },
    { 0x5673, 0xc5 },
    { 0x5674, 0xdb },
    { 0x5675, 0xab },
    { 0x5676, 0x10 },
    { 0x5677, 0xcc },
    { 0x5678, 0x73 },
    { 0x5679, 0xb3 },
    { 0x567a, 0x6e },
    { 0x567b, 0x8b },
    { 0x567c, 0x21 },
    { 0x567d, 0x3b },
    { 0x567e, 0x4e },
    { 0x567f, 0x76 },
    { 0x5680, 0x26 },
    { 0x5681, 0xed },
    { 0x5682, 0xb2 },
    { 0x5683, 0x9a },
    { 0x5684, 0x19 },
    { 0x5685, 0xaa },
    { 0x5686, 0x35 },
    { 0x5687, 0xb5 },
    { 0x5688, 0x3b },
    { 0x5689, 0x14 },
    { 0x568a, 0x27 },
    { 0x568b, 0x01 },
    { 0x568c, 0xe4 },
    { 0x568d, 0x75 },
    { 0x568e, 0x65 },
    { 0x568f, 0x16 },
    { 0x5690, 0xb9 },
    { 0x5691, 0x0b },
    { 0x5692, 0xc5 },
    { 0x5693, 0x91 },
    { 0x5694, 0x8a },
    { 0x5695, 0x85 },
    { 0x5696, 0x19 },
    { 0x5697, 0xdd },
    { 0x5698, 0x7a },
    { 0x5699, 0x43 },
    { 0x569a, 0x43 },
    { 0x569b, 0x65 },
    { 0x569c, 0xdb },
    { 0x569d, 0x8b },
    { 0x569e, 0x47 },
    { 0x569f, 0xdc },
    { 0x56a0, 0x1d },
    { 0x56a1, 0x80 },
    { 0x56a2, 0x1c },
    { 0x56a3, 0x10 },
    { 0x56a4, 0x4e },
    { 0x56a5, 0x0b },
    { 0x56a6, 0x6f },
    { 0x56a7, 0xd0 },
    { 0x56a8, 0xf6 },
    { 0x56a9, 0x41 },
    { 0x56aa, 0x66 },
    { 0x56ab, 0x11 },
    { 0x56ac, 0xce },
    { 0x56ad, 0x55 },
    { 0x56ae, 0x8f },
    { 0x56af, 0x5f },
    { 0x56b0, 0xff },
    { 0x56b1, 0x21 },
    { 0x56b2, 0xf6 },
    { 0x56b3, 0xae },
    { 0x56b4, 0x22 },
    { 0x56b5, 0x67 },
    { 0x56b6, 0x9a },
    { 0x56b7, 0xf6 },
    { 0x56b8, 0x31 },
    { 0x56b9, 0x09 },
    { 0x56ba, 0x78 },
    { 0x56bb, 0x03 },
    { 0x56bc, 0xff },
    { 0x56bd, 0xec },
    { 0x56be, 0x7f },
    { 0x56bf, 0x4e },
    { 0x56c0, 0x37 },
    { 0x56c1, 0x2e },
    { 0x56c2, 0xe8 },
    { 0x56c3, 0x61 },
    { 0x56c4, 0x38 },
    { 0x56c5, 0x7f },
    { 0x56c6, 0xe9 },
    { 0x56c7, 0xae },
    { 0x56c8, 0xa8 },
    { 0x56c9, 0x7c },
    { 0x56ca, 0xbd },
    { 0x56cb, 0x95 },
    { 0x56cc, 0x7f },
    { 0x56cd, 0xd0 },
    { 0x56ce, 0x45 },
    { 0x56cf, 0x83 },
    { 0x56d0, 0xa2 },
    { 0x56d1, 0xc7 },
    { 0x56d2, 0xe7 },
    { 0x56d3, 0xd0 },
    { 0x56d4, 0x8a },
    { 0x56d5, 0x6f },
    { 0x56d6, 0x3e },
    { 0x56d7, 0x6a },
    { 0x56d8, 0xb7 },
    { 0x56d9, 0x31 },
    { 0x56da, 0x1d },
    { 0x56db, 0xe3 },
    { 0x56dc, 0x42 },
    { 0x56dd, 0xef },
    { 0x56de, 0x79 },
    { 0x56df, 0xed },
    { 0x56e0, 0x21 },
    { 0x56e1, 0x2c },
    { 0x56e2, 0x3a },
    { 0x56e3, 0x71 },
    { 0x56e4, 0x18 },
    { 0x56e5, 0x44 },
    { 0x56e6, 0x4f },
    { 0x56e7, 0xa0 },
    { 0x56e8, 0x9f },
    { 0x56e9, 0x79 },
    { 0x56ea, 0x07 },
    { 0x56eb, 0x7b },
    { 0x56ec, 0xe3 },
    { 0x56ed, 0xf8 },
    { 0x56ee, 0x9f },
    { 0x56ef, 0xb9 },
    { 0x56f0, 0xae },
    { 0x56f1, 0xb5 },
    { 0x56f2, 0x2e },
    { 0x56f3, 0xc8 },
    { 0x56f4, 0x3f },
    { 0x56f5, 0x52 },
    { 0x56f6, 0xbb },
    { 0x56f7, 0xcd },
    { 0x56f8, 0x89 },
    { 0x56f9, 0x0f },
    { 0x56fa, 0xfb },
    { 0x56fb, 0x71 },
    { 0x56fc, 0x73 },
    { 0x56fd, 0xa1 },
    { 0x56fe, 0x19 },
    { 0x56ff, 0xe7 },
    { 0x5700, 0xf2 },
    { 0x5701, 0x09 },
    { 0x5702, 0xca },
    { 0x5703, 0x81 },
    { 0x5704, 0x14 },
    { 0x5705, 0xc6 },
    { 0x5706, 0x17 },
    { 0x5707, 0x32 },
    { 0x5708, 0x91 },
    { 0x5709, 0xa7 },
    { 0x570a, 0x5c },
    { 0x570b, 0x40 },
    { 0x570c, 0x0c },
    { 0x570d, 0x95 },
    { 0x570e, 0xd5 },
    { 0x570f, 0x3d },
    { 0x5710, 0x52 },
    { 0x5711, 0x0c },
    { 0x5712, 0x22 },
    { 0x5713, 0x01 },
    { 0x5714, 0x8f },
    { 0x5715, 0x98 },
    { 0x5716, 0xc9 },
    { 0x5717, 0x12 },
    { 0x5718, 0xfa },
    { 0x5719, 0xab },
    { 0x571a, 0x33 },
    { 0x571b, 0xc4 },
    { 0x571c, 0x0a },
    { 0x571d, 0x09 },
    { 0x571e, 0x9b },
    { 0x571f, 0xf6 },
    { 0x5720, 0x2d },
    { 0x5721, 0x7f },
    { 0x5722, 0xd5 },
    { 0x5723, 0x21 },
    { 0x5724, 0x71 },
    { 0x5725, 0x08 },
    { 0x5726, 0x81 },
    { 0x5727, 0xbd },
    { 0x5728, 0x01 },
    { 0x5729, 0x66 },
    { 0x572a, 0x5c },
    { 0x572b, 0x06 },
    { 0x572c, 0x7e },
    { 0x572d, 0xf8 },
    { 0x572e, 0x3b },
    { 0x572f, 0x8c },
    { 0x5730, 0xfd },
    { 0x5731, 0xc2 },
    { 0x5732, 0x27 },
    { 0x5733, 0xfb },
    { 0x5734, 0x9a },
    { 0x5735, 0xef },
    { 0x5736, 0xbf },
    { 0x5737, 0xca },
    { 0x5738, 0xd1 },
    { 0x5739, 0x9e },
    { 0x573a, 0xb6 },
    { 0x573b, 0x6f },
    { 0x573c, 0x2c },
    { 0x573d, 0x8b },
    { 0x573e, 0x82 },
    { 0x573f, 0xbf },
    { 0x5740, 0x36 },
    { 0x5741, 0xfd },
    { 0x5742, 0x59 },
    { 0x5743, 0xf8 },
    { 0x5744, 0x32 },
    { 0x5745, 0xdc },
    { 0x5746, 0xbc },
    { 0x5747, 0xc6 },
    { 0x5748, 0x31 },
    { 0x5749, 0x9d },
    { 0x574a, 0xf0 },
    { 0x574b, 0xb7 },
    { 0x574c, 0xff },
    { 0x574d, 0xf7 },
    { 0x574e, 0x3d },
    { 0x574f, 0x4c },
    { 0x5750, 0xb0 },
    { 0x5751, 0xc5 },
    { 0x5752, 0x1b },
    { 0x5753, 0xd3 },
    { 0x5754, 0xe7 },
    { 0x5755, 0x9e },
    { 0x5756, 0xc7 },
    { 0x5757, 0xe0 },
    { 0x5758, 0x56 },
    { 0x5759, 0xe4 },
    { 0x575a, 0x35 },
    { 0x575b, 0x1a },
    { 0x575c, 0x3d },
    { 0x575d, 0x7f },
    { 0x575e, 0x89 },
    { 0x575f, 0x41 },
    { 0x5760, 0x0c },
    { 0x5761, 0x85 },
    { 0x5762, 0x2b },
    { 0x5763, 0xef },
    { 0x5764, 0xf8 },
    { 0x5765, 0x86 },
    { 0x5766, 0x95 },
    { 0x5767, 0x3b },
    { 0x5768, 0x67 },
    { 0x5769, 0x97 },
    { 0x576a, 0xb6 },
    { 0x576b, 0x9c },
    { 0x576c, 0x75 },
    { 0x576d, 0xea },
    { 0x576e, 0xda },
    { 0x576f, 0x64 },
    { 0x5770, 0x73 },
    { 0x5771, 0x15 },
    { 0x5772, 0x2c },
    { 0x5773, 0x9e },
    { 0x5774, 0x8d },
    { 0x5775, 0x22 },
    { 0x5776, 0xd3 },
    { 0x5777, 0x19 },
    { 0x5778, 0xc6 },
    { 0x5779, 0x99 },
    { 0x577a, 0xde },
    { 0x577b, 0x8b },
    { 0x577c, 0xc6 },
    { 0x577d, 0xc4 },
    { 0x577e, 0xf2 },
    { 0x577f, 0x13 },
    { 0x5780, 0xf8 },
    { 0x5781, 0x1e },
    { 0x5782, 0xa4 },
    { 0x5783, 0x11 },
    { 0x5784, 0x3d },
    { 0x5785, 0x98 },
    { 0x5786, 0x07 },
    { 0x5787, 0x4b },
    { 0x5788, 0x7e },
    { 0x5789, 0xc0 },
    { 0x578a, 0x99 },
    { 0x578b, 0x94 },
    { 0x578c, 0xcd },
    { 0x578d, 0xa6 },
    { 0x578e, 0xb8 },
    { 0x578f, 0x71 },
    { 0x5790, 0xd4 },
    { 0x5791, 0x0a },
    { 0x5792, 0x89 },
    { 0x5793, 0xd1 },
    { 0x5794, 0x9b },
    { 0x5795, 0x78 },
    { 0x5796, 0x26 },
    { 0x5797, 0x1b },
    { 0x5798, 0x42 },
    { 0x5799, 0xe9 },
    { 0x579a, 0xf6 },
    { 0x579b, 0x3b },
    { 0x579c, 0xcf },
    { 0x579d, 0xd7 },
    { 0x579e, 0x50 },
    { 0x579f, 0x09 },
    { 0x57a0, 0x7e },
    { 0x57a1, 0x02 },
    { 0x57a2, 0xff },
    { 0x57a3, 0x95 },
    { 0x57a4, 0xc2 },
    { 0x57a5, 0x89 },
    { 0x57a6, 0xcf },
    { 0x57a7, 0x1c },
    { 0x57a8, 0x24 },
    { 0x57a9, 0x10 },
    { 0x57aa, 0x84 },
    { 0x57ab, 0x15 },
    { 0x57ac, 0x45 },
    { 0x57ad, 0xcd },
    { 0x57ae, 0x62 },
    { 0x57af, 0xc3 },
    { 0x57b0, 0x7b },
    { 0x57b1, 0xff },
    { 0x57b2, 0x10 },
    { 0x57b3, 0x67 },
    { 0x57b4, 0xbf },
    { 0x57b5, 0x64 },
    { 0x57b6, 0xa4 },
    { 0x57b7, 0x57 },
    { 0x57b8, 0xff },
    { 0x57b9, 0x9d },
    { 0x57ba, 0x8c },
    { 0x57bb, 0xee },
    { 0x57bc, 0xea },
    { 0x57bd, 0x89 },
    { 0x57be, 0xb3 },
    { 0x57bf, 0x8d },
    { 0x57c0, 0xc3 },
    { 0x57c1, 0x24 },
    { 0x57c2, 0xa5 },
    { 0x57c3, 0xa8 },
    { 0x57c4, 0x9f },
    { 0x57c5, 0x9a },
    { 0x57c6, 0x1a },
    { 0x57c7, 0x03 },
    { 0x57c8, 0x9e },
    { 0x57c9, 0xfe },
    { 0x57ca, 0x0f },
    { 0x57cb, 0xf1 },
    { 0x57cc, 0x26 },
    { 0x57cd, 0x07 },
    { 0x57ce, 0xd9 },
    { 0x57cf, 0x3b },
    { 0x57d0, 0x9f },
    { 0x57d1, 0x81 },
    { 0x57d2, 0xc0 },
    { 0x57d3, 0x44 },
    { 0x57d4, 0x2b },
    { 0x57d5, 0x04 },
    { 0x57d6, 0x36 },
    { 0x57d7, 0x52 },
    { 0x57d8, 0x5c },
    { 0x57d9, 0xda },
    { 0x57da, 0xe7 },
    { 0x57db, 0xce },
    { 0x57dc, 0x78 },
    { 0x57dd, 0xd6 },
    { 0x57de, 0xc6 },
    { 0x57df, 0x2d },
    { 0x57e0, 0x45 },
    { 0x57e1, 0x2b },
    { 0x57e2, 0x10 },
    { 0x57e3, 0xbe },
    { 0x57e4, 0x7c },
    { 0x57e5, 0xf6 },
    { 0x57e6, 0x91 },
    { 0x57e7, 0x11 },
    { 0x57e8, 0x55 },
    { 0x57e9, 0x41 },
    { 0x57ea, 0xdc },
    { 0x57eb, 0xa4 },
    { 0x57ec, 0xa5 },
    { 0x57ed, 0x86 },
    { 0x57ee, 0xbb },
    { 0x57ef, 0xe9 },
    { 0x57f0, 0x0c },
    { 0x57f1, 0x9e },
    { 0x57f2, 0x84 },
    { 0x57f3, 0xa0 },
    { 0x57f4, 0x3a },
    { 0x57f5, 0x1a },
    { 0x57f6, 0x53 },
    { 0x57f7, 0xe6 },
    { 0x57f8, 0xe1 },
    { 0x57f9, 0x28 },
    { 0x57fa, 0x30 },
    { 0x57fb, 0x1d },
    { 0x57fc, 0xea },
    { 0x57fd, 0x77 },
    { 0x57fe, 0xe7 },
    { 0x57ff, 0x10 },
    { 0x5800, 0x97 },
    { 0x5801, 0x6d },
    { 0x5802, 0x19 },
    { 0x5803, 0x76 },
    { 0x5804, 0x72 },
    { 0x5805, 0xee },
    { 0x5806, 0xde },
    { 0x5807, 0x39 },
    { 0x5808, 0x0c },
    { 0x5809, 0x39 },
    { 0x580a, 0x1f },
    { 0x580b, 0xb6 },
    { 0x580c, 0xbe },
    { 0x580d, 0x27 },
    { 0x580e, 0x65 },
    { 0x580f, 0xaf },
    { 0x5810, 0xd4 },
    { 0x5811, 0xad },
    { 0x5812, 0xa3 },
    { 0x5813, 0xec },
    { 0x5814, 0x8f },
    { 0x5815, 0xef },
    { 0x5816, 0x5b },
    { 0x5817, 0x53 },
    { 0x5818, 0xc1 },
    { 0x5819, 0xd4 },
    { 0x581a, 0xee },
    { 0x581b, 0x69 },
    { 0x581c, 0x71 },
    { 0x581d, 0x48 },
    { 0x581e, 0xa8 },
    { 0x581f, 0x79 },
    { 0x5820, 0x88 },
    { 0x5821, 0x7d },
    { 0x5822, 0x7f },
    { 0x5823, 0x1f },
    { 0x5824, 0x66 },
    { 0x5825, 0x56 },
    { 0x5826, 0xa7 },
    { 0x5827, 0x34 },
    { 0x5828, 0x05 },
    { 0x5829, 0x9e },
    { 0x582a, 0x66 },
    { 0x582b, 0xd7 },
    { 0x582c, 0xf8 },
    { 0x582d, 0xd9 },
    { 0x582e, 0x92 },
    { 0x582f, 0x70 },
    { 0x5830, 0x57 },
    { 0x5831, 0x17 },
    { 0x5832, 0xc2 },
    { 0x5833, 0x08 },
    { 0x5834, 0x04 },
    { 0x5835, 0x9a },
    { 0x5836, 0x7b },
    { 0x5837, 0xcd },
    { 0x5838, 0x3a },
    { 0x5839, 0x4b },
    { 0x583a, 0x92 },
    { 0x583b, 0xc4 },
    { 0x583c, 0x4a },
    { 0x583d, 0x0a },
    { 0x583e, 0x94 },
    { 0x583f, 0x24 },
    { 0x5840, 0x7d },
    { 0x5841, 0x7e },
    { 0x5842, 0x0e },
    { 0x5843, 0x72 },
    { 0x5844, 0xdd },
    { 0x5845, 0x80 },
    { 0x5846, 0x92 },
    { 0x5847, 0x62 },
    { 0x5848, 0x1a },
    { 0x5849, 0x34 },
    { 0x584a, 0x51 },
    { 0x584b, 0xae },
    { 0x584c, 0xe1 },
    { 0x584d, 0x4b },
    { 0x584e, 0x35 },
    { 0x584f, 0xe4 },
    { 0x5850, 0xe9 },
    { 0x5851, 0x58 },
    { 0x5852, 0x4b },
    { 0x5853, 0xc3 },
    { 0x5854, 0xb5 },
    { 0x5855, 0x23 },
    { 0x5856, 0x89 },
    { 0x5857, 0xd7 },
    { 0x5858, 0x08 },
    { 0x5859, 0xfa },
    { 0x585a, 0xa9 },
    { 0x585b, 0x04 },
    { 0x585c, 0xaf },
    { 0x585d, 0x72 },
    { 0x585e, 0x4c },
    { 0x585f, 0x0a },
    { 0x5860, 0xc8 },
    { 0x5861, 0x47 },
    { 0x5862, 0x18 },
    { 0x5863, 0xc2 },
    { 0x5864, 0x11 },
    { 0x5865, 0x2d },
    { 0x5866, 0x31 },
    { 0x5867, 0x43 },
    { 0x5868, 0xac },
    { 0x5869, 0x61 },
    { 0x586a, 0x0d },
    { 0x586b, 0x86 },
    { 0x586c, 0x2a },
    { 0x586d, 0x46 },
    { 0x586e, 0x6d },
    { 0x586f, 0xc9 },
    { 0x5870, 0x43 },
    { 0x5871, 0xa3 },
    { 0x5872, 0x1e },
    { 0x5873, 0xfd },
    { 0x5874, 0x33 },
    { 0x5875, 0x60 },
    { 0x5876, 0x05 },
    { 0x5877, 0xc7 },
    { 0x5878, 0x57 },
    { 0x5879, 0x36 },
    { 0x587a, 0x31 },
    { 0x587b, 0x8d },
    { 0x587c, 0x1d },
    { 0x587d, 0x6f },
    { 0x587e, 0xd9 },
    { 0x587f, 0x8f },
    { 0x5880, 0x5d },
    { 0x5881, 0xe8 },
    { 0x5882, 0xd4 },
    { 0x5883, 0x9f },
    { 0x5884, 0xcb },
    { 0x5885, 0xa1 },
    { 0x5886, 0x34 },
    { 0x5887, 0x60 },
    { 0x5888, 0x41 },
    { 0x5889, 0x3a },
    { 0x588a, 0x56 },
    { 0x588b, 0xd0 },
    { 0x588c, 0x7b },
    { 0x588d, 0xc5 },
    { 0x588e, 0x48 },
    { 0x588f, 0xfb },
    { 0x5890, 0xed },
    { 0x5891, 0x05 },
    { 0x5892, 0x75 },
    { 0x5893, 0xea },
    { 0x5894, 0x78 },
    { 0x5895, 0x88 },
    { 0x5896, 0xd7 },
    { 0x5897, 0xa9 },
    { 0x5898, 0xc6 },
    { 0x5899, 0x61 },
    { 0x589a, 0xfe },
    { 0x589b, 0x80 },
    { 0x589c, 0xaf },
    { 0x589d, 0x76 },
    { 0x589e, 0x83 },
    { 0x589f, 0xec },
    { 0x58a0, 0x45 },
    { 0x58a1, 0x1a },
    { 0x58a2, 0xfe },
    { 0x58a3, 0x65 },
    { 0x58a4, 0xb6 },
    { 0x58a5, 0xbf },
    { 0x58a6, 0x02 },
    { 0x58a7, 0xd7 },
    { 0x58a8, 0x11 },
    { 0x58a9, 0x5c },
    { 0x58aa, 0x37 },
    { 0x58ab, 0xb5 },
    { 0x58ac, 0x37 },
    { 0x58ad, 0x2d },
    { 0x58ae, 0x3f },
    { 0x58af, 0xce },
    { 0x58b0, 0xa2 },
    { 0x58b1, 0xae },
    { 0x58b2, 0x29 },
    { 0x58b3, 0x5b },
    { 0x58b4, 0x3b },
    { 0x58b5, 0x3e },
    { 0x58b6, 0x59 },
    { 0x58b7, 0x68 },
    { 0x58b8, 0xa3 },
    { 0x58b9, 0xa4 },
    { 0x58ba, 0x4f },
    { 0x58bb, 0x9d },
    { 0x58bc, 0x23 },
    { 0x58bd, 0x36 },
    { 0x58be, 0x44 },
    { 0x58bf, 0x74 },
    { 0x58c0, 0x8b },
    { 0x58c1, 0xfd },
    { 0x58c2, 0xfa },
    { 0x58c3, 0xe0 },
    { 0x58c4, 0xcb },
    { 0x58c5, 0xb2 },
    { 0x58c6, 0x71 },
    { 0x58c7, 0x5f },
    { 0x58c8, 0xa8 },
    { 0x58c9, 0x51 },
    { 0x58ca, 0x3f },
    { 0x58cb, 0xcc },
    { 0x58cc, 0x3f },
    { 0x58cd, 0xdd },
    { 0x58ce, 0xaf },
    { 0x58cf, 0x84 },
    { 0x58d0, 0xd2 },
    { 0x58d1, 0xed },
    { 0x58d2, 0xf7 },
    { 0x58d3, 0x97 },
    { 0x58d4, 0xb3 },
    { 0x58d5, 0x6e },
    { 0x58d6, 0xb1 },
    { 0x58d7, 0xde },
    { 0x58d8, 0xbf },
    { 0x58d9, 0x09 },
    { 0x58da, 0x42 },
    { 0x58db, 0xb8 },
    { 0x58dc, 0x6d },
    { 0x58dd, 0x56 },
    { 0x58de, 0x96 },
    { 0x58df, 0xc8 },
    { 0x58e0, 0x9e },
    { 0x58e1, 0x67 },
    { 0x58e2, 0xfe },
    { 0x58e3, 0xfe },
    { 0x58e4, 0x48 },
    { 0x58e5, 0x4e },
    { 0x58e6, 0x8c },
    { 0x58e7, 0xfe },
    { 0x58e8, 0x80 },
    { 0x58e9, 0x13 },
    { 0x58ea, 0x0c },
    { 0x58eb, 0xb1 },
    { 0x58ec, 0x2f },
    { 0x58ed, 0x42 },
    { 0x58ee, 0x11 },
    { 0x58ef, 0x7b },
    { 0x58f0, 0x7f },
    { 0x58f1, 0x16 },
    { 0x58f2, 0x12 },
    { 0x58f3, 0x8e },
    { 0x58f4, 0x35 },
    { 0x58f5, 0x59 },
    { 0x58f6, 0x8e },
    { 0x58f7, 0x08 },
    { 0x58f8, 0x27 },
    { 0x58f9, 0x3e },
    { 0x58fa, 0x36 },
    { 0x58fb, 0x05 },
    { 0x58fc, 0x27 },
    { 0x58fd, 0xa4 },
    { 0x58fe, 0xdd },
    { 0x58ff, 0x81 },
    { 0x5900, 0x03 },
    { 0x5901, 0xda },
    { 0x5902, 0xea },
    { 0x5903, 0x44 },
    { 0x5904, 0x63 },
    { 0x5905, 0xbe },
    { 0x5906, 0xe6 },
    { 0x5907, 0xe9 },
    { 0x5908, 0xdd },
    { 0x5909, 0x7e },
    { 0x590a, 0x93 },
    { 0x590b, 0x58 },
    { 0x590c, 0xb2 },
    { 0x590d, 0xd3 },
    { 0x590e, 0x4f },
    { 0x590f, 0xdb },
    { 0x5910, 0xed },
    { 0x5911, 0x5f },
    { 0x5912, 0xc8 },
    { 0x5913, 0xd7 },
    { 0x5914, 0x70 },
    { 0x5915, 0x8f },
    { 0x5916, 0x1e },
    { 0x5917, 0x4c },
    { 0x5918, 0xa7 },
    { 0x5919, 0x29 },
    { 0x591a, 0x1c },
    { 0x591b, 0x82 },
    { 0x591c, 0x39 },
    { 0x591d, 0x78 },
    { 0x591e, 0x56 },
    { 0x591f, 0x51 },
    { 0x5920, 0xba },
    { 0x5921, 0xc5 },
    { 0x5922, 0x67 },
    { 0x5923, 0x38 },
    { 0x5924, 0xd2 },
    { 0x5925, 0xb3 },
    { 0x5926, 0xac },
    { 0x5927, 0x9a },
    { 0x5928, 0x97 },
    { 0x5929, 0xb5 },
    { 0x592a, 0x4a },
    { 0x592b, 0x3c },
    { 0x592c, 0x6f },
    { 0x592d, 0x80 },
    { 0x592e, 0xd0 },
    { 0x592f, 0xed },
    { 0x5930, 0xc1 },
    { 0x5931, 0xb5 },
    { 0x5932, 0x42 },
    { 0x5933, 0x4e },
    { 0x5934, 0x77 },
    { 0x5935, 0x70 },
    { 0x5936, 0x31 },
    { 0x5937, 0x94 },
    { 0x5938, 0x19 },
    { 0x5939, 0xa0 },
    { 0x593a, 0x00 },
    { 0x593b, 0xb9 },
    { 0x593c, 0x99 },
    { 0x593d, 0xe9 },
    { 0x593e, 0xea },
    { 0x593f, 0x56 },
    { 0x5940, 0xd2 },
    { 0x5941, 0x1b },
    { 0x5942, 0x10 },
    { 0x5943, 0xbf },
    { 0x5944, 0x7a },
    { 0x5945, 0x74 },
    { 0x5946, 0x27 },
    { 0x5947, 0x00 },
    { 0x5948, 0xc4 },
    { 0x5949, 0x7e },
    { 0x594a, 0x99 },
    { 0x594b, 0x41 },
    { 0x594c, 0xbc },
    { 0x594d, 0x6f },
    { 0x594e, 0x82 },
    { 0x594f, 0x8e },
    { 0x5950, 0x05 },
    { 0x5951, 0x56 },
    { 0x5952, 0xda },
    { 0x5953, 0x4d },
    { 0x5954, 0xb8 },
    { 0x5955, 0x38 },
    { 0x5956, 0x84 },
    { 0x5957, 0x15 },
    { 0x5958, 0x26 },
    { 0x5959, 0x7d },
    { 0x595a, 0x88 },
    { 0x595b, 0x56 },
    { 0x595c, 0x46 },
    { 0x595d, 0xdd },
    { 0x595e, 0x01 },
    { 0x595f, 0x8c },
    { 0x5960, 0xfc },
    { 0x5961, 0x74 },
    { 0x5962, 0x16 },
    { 0x5963, 0x4f },
    { 0x5964, 0x38 },
    { 0x5965, 0xf6 },
    { 0x5966, 0x97 },
    { 0x5967, 0x93 },
    { 0x5968, 0x1e },
    { 0x5969, 0x3c },
    { 0x596a, 0x21 },
    { 0x596b, 0x10 },
    { 0x596c, 0xd2 },
    { 0x596d, 0xfb },
    { 0x596e, 0x70 },
    { 0x596f, 0x94 },
    { 0x5970, 0xfa },
    { 0x5971, 0x22 },
    { 0x5972, 0x09 },
    { 0x5973, 0xcb },
    { 0x5974, 0x88 },
    { 0x5975, 0x46 },
    { 0x5976, 0xde },
    { 0x5977, 0x3e },
    { 0x5978, 0x54 },
    { 0x5979, 0xac },
    { 0x597a, 0x67 },
    { 0x597b, 0xf9 },
    { 0x597c, 0xb7 },
    { 0x597d, 0xa9 },
    { 0x597e, 0x4a },
    { 0x597f, 0x2e },
    { 0x5980, 0xa7 },
    { 0x5981, 0xbd },
    { 0x5982, 0xc6 },
    { 0x5983, 0xa2 },
    { 0x5984, 0x04 },
    { 0x5985, 0x35 },
    { 0x5986, 0xd7 },
    { 0x5987, 0xba },
    { 0x5988, 0x20 },
    { 0x5989, 0x59 },
    { 0x598a, 0x3a },
    { 0x598b, 0x14 },
    { 0x598c, 0xae },
    { 0x598d, 0xf7 },
    { 0x598e, 0x37 },
    { 0x598f, 0xd0 },
    { 0x5990, 0x5e },
    { 0x5991, 0x1c },
    { 0x5992, 0x02 },
    { 0x5993, 0x86 },
    { 0x5994, 0x24 },
    { 0x5995, 0xf3 },
    { 0x5996, 0x86 },
    { 0x5997, 0x41 },
    { 0x5998, 0xe7 },
    { 0x5999, 0xb0 },
    { 0x599a, 0x80 },
    { 0x599b, 0x7a },
    { 0x599c, 0x8a },
    { 0x599d, 0xb5 },
    { 0x599e, 0x94 },
    { 0x599f, 0x3b },
    { 0x59a0, 0xab },
    { 0x59a1, 0xcd },
    { 0x59a2, 0x65 },
    { 0x59a3, 0xe7 },
    { 0x59a4, 0xff },
    { 0x59a5, 0xa9 },
    { 0x59a6, 0x60 },
    { 0x59a7, 0xb3 },
    { 0x59a8, 0x26 },
    { 0x59a9, 0xd8 },
    { 0x59aa, 0x46 },
    { 0x59ab, 0xab },
    { 0x59ac, 0xdd },
    { 0x59ad, 0xf3 },
    { 0x59ae, 0xf5 },
    { 0x59af, 0x01 },
    { 0x59b0, 0xe5 },
    { 0x59b1, 0xf3 },
    { 0x59b2, 0xf9 },
    { 0x59b3, 0x82 },
    { 0x59b4, 0xf5 },
    { 0x59b5, 0xc1 },
    { 0x59b6, 0xdb },
    { 0x59b7, 0xc1 },
    { 0x59b8, 0x65 },
    { 0x59b9, 0x13 },
    { 0x59ba, 0xfc },
    { 0x59bb, 0x9c },
    { 0x59bc, 0x28 },
    { 0x59bd, 0xa6 },
    { 0x59be, 0xdf },
    { 0x59bf, 0xab },
    { 0x59c0, 0xc8 },
    { 0x59c1, 0x7c },
    { 0x59c2, 0x9f },
    { 0x59c3, 0x05 },
    { 0x59c4, 0x5c },
    { 0x59c5, 0xaa },
    { 0x59c6, 0x12 },
    { 0x59c7, 0x8c },
    { 0x59c8, 0xcf },
    { 0x59c9, 0x04 },
    { 0x59ca, 0x87 },
    { 0x59cb, 0xe4 },
    { 0x59cc, 0x39 },
    { 0x59cd, 0xa7 },
    { 0x59ce, 0xc0 },
    { 0x59cf, 0xa3 },
    { 0x59d0, 0x1a },
    { 0x59d1, 0x76 },
    { 0x59d2, 0xf9 },
    { 0x59d3, 0xea },
    { 0x59d4, 0x59 },
    { 0x59d5, 0xda },
    { 0x59d6, 0x5f },
    { 0x59d7, 0xe4 },
    { 0x59d8, 0xbe },
    { 0x59d9, 0xf7 },
    { 0x59da, 0xc9 },
    { 0x59db, 0x69 },
    { 0x59dc, 0x52 },
    { 0x59dd, 0x67 },
    { 0x59de, 0x2b },
    { 0x59df, 0x37 },
    { 0x59e0, 0x1f },
    { 0x59e1, 0x26 },
    { 0x59e2, 0x17 },
    { 0x59e3, 0x76 },
    { 0x59e4, 0x11 },
    { 0x59e5, 0x30 },
    { 0x59e6, 0x5f },
    { 0x59e7, 0x2d },
    { 0x59e8, 0xd5 },
    { 0x59e9, 0x2f },
    { 0x59ea, 0xcb },
    { 0x59eb, 0xb8 },
    { 0x59ec, 0xd7 },
    { 0x59ed, 0x60 },
    { 0x59ee, 0xd1 },
    { 0x59ef, 0x6f },
    { 0x59f0, 0x60 },
    { 0x59f1, 0x1c },
    { 0x59f2, 0x1b },
    { 0x59f3, 0x27 },
    { 0x59f4, 0xfa },
    { 0x59f5, 0xb7 },
    { 0x59f6, 0xfa },
    { 0x59f7, 0x6f },
    { 0x59f8, 0x71 },
    { 0x59f9, 0x85 },
    { 0x59fa, 0xee },
    { 0x59fb, 0x3b },
    { 0x59fc, 0x05 },
    { 0x59fd, 0x45 },
    { 0x59fe, 0x9e },
    { 0x59ff, 0x5d },
    { 0x5a00, 0x37 },
    { 0x5a01, 0x02 },
    { 0x5a02, 0xf4 },
    { 0x5a03, 0xce },
    { 0x5a04, 0x31 },
    { 0x5a05, 0x76 },
    { 0x5a06, 0xe9 },
    { 0x5a07, 0x8b },
    { 0x5a08, 0xda },
    { 0x5a09, 0x82 },
    { 0x5a0a, 0x8d },
    { 0x5a0b, 0xdf },
    { 0x5a0c, 0x77 },
    { 0x5a0d, 0x84 },
    { 0x5a0e, 0x59 },
    { 0x5a0f, 0xb2 },
    { 0x5a10, 0x5a },
    { 0x5a11, 0x65 },
    { 0x5a12, 0x0c },
    { 0x5a13, 0x29 },
    { 0x5a14, 0xfa },
    { 0x5a15, 0xef },
    { 0x5a16, 0x9d },
    { 0x5a17, 0x52 },
    { 0x5a18, 0x48 },
    { 0x5a19, 0x88 },
    { 0x5a1a, 0xf9 },
    { 0x5a1b, 0x4e },
    { 0x5a1c, 0x5a },
    { 0x5a1d, 0x63 },
    { 0x5a1e, 0x0c },
    { 0x5a1f, 0x4d },
    { 0x5a20, 0x26 },
    { 0x5a21, 0x0f },
    { 0x5a22, 0xc2 },
    { 0x5a23, 0x9a },
    { 0x5a24, 0x26 },
    { 0x5a25, 0x7b },
    { 0x5a26, 0xd4 },
    { 0x5a27, 0x00 },
    { 0x5a28, 0xa9 },
    { 0x5a29, 0x10 },
    { 0x5a2a, 0x35 },
    { 0x5a2b, 0x9b },
    { 0x5a2c, 0x7a },
    { 0x5a2d, 0x29 },
    { 0x5a2e, 0x87 },
    { 0x5a2f, 0x96 },
    { 0x5a30, 0x32 },
    { 0x5a31, 0xa0 },
    { 0x5a32, 0x1e },
    { 0x5a33, 0xe3 },
    { 0x5a34, 0xc9 },
    { 0x5a35, 0x03 },
    { 0x5a36, 0x15 },
    { 0x5a37, 0xa7 },
    { 0x5a38, 0xb1 },
    { 0x5a39, 0x46 },
    { 0x5a3a, 0x78 },
    { 0x5a3b, 0xa2 },
    { 0x5a3c, 0xa8 },
    { 0x5a3d, 0xb4 },
    { 0x5a3e, 0x69 },
    { 0x5a3f, 0xa9 },
    { 0x5a40, 0x8c },
    { 0x5a41, 0xc4 },
    { 0x5a42, 0x0d },
    { 0x5a43, 0x57 },
    { 0x5a44, 0x38 },
    { 0x5a45, 0xe7 },
    { 0x5a46, 0xce },
    { 0x5a47, 0x2e },
    { 0x5a48, 0xd5 },
    { 0x5a49, 0xa4 },
    { 0x5a4a, 0x85 },
    { 0x5a4b, 0x6a },
    { 0x5a4c, 0xd4 },
    { 0x5a4d, 0xc6 },
    { 0x5a4e, 0xa9 },
    { 0x5a4f, 0x68 },
    { 0x5a50, 0x24 },
    { 0x5a51, 0xb7 },
    { 0x5a52, 0x8d },
    { 0x5a53, 0x2c },
    { 0x5a54, 0x32 },
    { 0x5a55, 0xff },
    { 0x5a56, 0xb8 },
    { 0x5a57, 0xef },
    { 0x5a58, 0xc3 },
    { 0x5a59, 0x0f },
    { 0x5a5a, 0x34 },
    { 0x5a5b, 0x3a },
    { 0x5a5c, 0xec },
    { 0x5a5d, 0x37 },
    { 0x5a5e, 0x40 },
    { 0x5a5f, 0xf3 },
    { 0x5a60, 0x15 },
    { 0x5a61, 0x38 },
    { 0x5a62, 0x46 },
    { 0x5a63, 0xea },
    { 0x5a64, 0xbc },
    { 0x5a65, 0xaa },
    { 0x5a66, 0x81 },
    { 0x5a67, 0x78 },
    { 0x5a68, 0xd3 },
    { 0x5a69, 0x40 },
    { 0x5a6a, 0xe5 },
    { 0x5a6b, 0x93 },
    { 0x5a6c, 0x86 },
    { 0x5a6d, 0x51 },
    { 0x5a6e, 0x0a },
    { 0x5a6f, 0xad },
    { 0x5a70, 0xd0 },
    { 0x5a71, 0x91 },
    { 0x5a72, 0x9f },
    { 0x5a73, 0x9e },
    { 0x5a74, 0x52 },
    { 0x5a75, 0x78 },
    { 0x5a76, 0x45 },
    { 0x5a77, 0x6d },
    { 0x5a78, 0x17 },
    { 0x5a79, 0xf8 },
    { 0x5a7a, 0x4c },
    { 0x5a7b, 0x11 },
    { 0x5a7c, 0x8b },
    { 0x5a7d, 0xd3 },
    { 0x5a7e, 0x5b },
    { 0x5a7f, 0x35 },
    { 0x5a80, 0xff },
    { 0x5a81, 0x11 },
    { 0x5a82, 0xb4 },
    { 0x5a83, 0xd5 },
    { 0x5a84, 0x79 },
    { 0x5a85, 0x25 },
    { 0x5a86, 0x95 },
    { 0x5a87, 0x94 },
    { 0x5a88, 0x12 },
    { 0x5a89, 0x7d },
    { 0x5a8a, 0x6a },
    { 0x5a8b, 0x42 },
    { 0x5a8c, 0x66 },
    { 0x5a8d, 0xaf },
    { 0x5a8e, 0x40 },
    { 0x5a8f, 0x40 },
    { 0x5a90, 0x42 },
    { 0x5a91, 0x5e },
    { 0x5a92, 0x68 },
    { 0x5a93, 0x42 },
    { 0x5a94, 0xf4 },
    { 0x5a95, 0x08 },
    { 0x5a96, 0xba },
    { 0x5a97, 0xc9 },
    { 0x5a98, 0xda },
    { 0x5a99, 0x59 },
    { 0x5a9a, 0x59 },
    { 0x5a9b, 0xf3 },
    { 0x5a9c, 0xe5 },
    { 0x5a9d, 0xa2 },
    { 0x5a9e, 0x41 },
    { 0x5a9f, 0x97 },
    { 0x5aa0, 0x52 },
    { 0x5aa1, 0xa7 },
    { 0x5aa2, 0x91 },
    { 0x5aa3, 0x18 },
    { 0x5aa4, 0x47 },
    { 0x5aa5, 0x70 },
    { 0x5aa6, 0x0e },
    { 0x5aa7, 0xd5 },
    { 0x5aa8, 0xd8 },
    { 0x5aa9, 0x3c },
    { 0x5aaa, 0xf4 },
    { 0x5aab, 0x88 },
    { 0x5aac, 0xf5 },
    { 0x5aad, 0x75 },
    { 0x5aae, 0x35 },
    { 0x5aaf, 0x90 },
    { 0x5ab0, 0xfd },
    { 0x5ab1, 0x50 },
    { 0x5ab2, 0xb1 },
    { 0x5ab3, 0xa5 },
    { 0x5ab4, 0xa4 },
    { 0x5ab5, 0xef },
    { 0x5ab6, 0xc5 },
    { 0x5ab7, 0x6a },
    { 0x5ab8, 0x8b },
    { 0x5ab9, 0x7d },
    { 0x5aba, 0x91 },
    { 0x5abb, 0x91 },
    { 0x5abc, 0x6c },
    { 0x5abd, 0xdb },
    { 0x5abe, 0x9b },
    { 0x5abf, 0x47 },
    { 0x5ac0, 0x77 },
    { 0x5ac1, 0x17 },
    { 0x5ac2, 0xe1 },
    { 0x5ac3, 0xd6 },
    { 0x5ac4, 0x51 },
    { 0x5ac5, 0x67 },
    { 0x5ac6, 0xe8 },
    { 0x5ac7, 0x3b },
    { 0x5ac8, 0x70 },
    { 0x5ac9, 0x27 },
    { 0x5aca, 0x32 },
    { 0x5acb, 0xac },
    { 0x5acc, 0x3a },
    { 0x5acd, 0x95 },
    { 0x5ace, 0x8d },
    { 0x5acf, 0x51 },
    { 0x5ad0, 0xb2 },
    { 0x5ad1, 0x8d },
    { 0x5ad2, 0x5e },
    { 0x5ad3, 0xfd },
    { 0x5ad4, 0x9a },
    { 0x5ad5, 0x57 },
    { 0x5ad6, 0x87 },
    { 0x5ad7, 0x04 },
    { 0x5ad8, 0x9b },
    { 0x5ad9, 0x6e },
    { 0x5ada, 0xb5 },
    { 0x5adb, 0xf2 },
    { 0x5adc, 0x00 },
    { 0x5add, 0x3f },
    { 0x5ade, 0x91 },
    { 0x5adf, 0x52 },
    { 0x5ae0, 0x62 },
    { 0x5ae1, 0x40 },
    { 0x5ae2, 0x11 },
    { 0x5ae3, 0xd8 },
    { 0x5ae4, 0x51 },
    { 0x5ae5, 0x13 },
    { 0x5ae6, 0x29 },
    { 0x5ae7, 0x8b },
    { 0x5ae8, 0x8f },
    { 0x5ae9, 0x2c },
    { 0x5aea, 0x19 },
    { 0x5aeb, 0x92 },
    { 0x5aec, 0xd2 },
    { 0x5aed, 0x9c },
    { 0x5aee, 0x26 },
    { 0x5aef, 0x9f },
    { 0x5af0, 0xf5 },
    { 0x5af1, 0xc5 },
    { 0x5af2, 0x6a },
    { 0x5af3, 0x19 },
    { 0x5af4, 0x56 },
    { 0x5af5, 0xe8 },
    { 0x5af6, 0x5c },
    { 0x5af7, 0x01 },
    { 0x5af8, 0xfb },
    { 0x5af9, 0x9d },
    { 0x5afa, 0x27 },
    { 0x5afb, 0xdb },
    { 0x5afc, 0xaf },
    { 0x5afd, 0x23 },
    { 0x5afe, 0x53 },
    { 0x5aff, 0xe3 },
    { 0x5b00, 0x0a },
    { 0x5b01, 0x70 },
    { 0x5b02, 0x14 },
    { 0x5b03, 0x47 },
    { 0x5b04, 0x2f },
    { 0x5b05, 0x72 },
    { 0x5b06, 0xfc },
    { 0x5b07, 0xd1 },
    { 0x5b08, 0xe8 },
    { 0x5b09, 0x92 },
    { 0x5b0a, 0xdb },
    { 0x5b0b, 0x3c },
    { 0x5b0c, 0x20 },
    { 0x5b0d, 0x6b },
    { 0x5b0e, 0x6e },
    { 0x5b0f, 0x20 },
    { 0x5b10, 0x96 },
    { 0x5b11, 0xcd },
    { 0x5b12, 0x3f },
    { 0x5b13, 0xc7 },
    { 0x5b14, 0x27 },
    { 0x5b15, 0xa8 },
    { 0x5b16, 0x44 },
    { 0x5b17, 0x73 },
    { 0x5b18, 0x34 },
    { 0x5b19, 0x21 },
    { 0x5b1a, 0x54 },
    { 0x5b1b, 0xa5 },
    { 0x5b1c, 0xce },
    { 0x5b1d, 0x81 },
    { 0x5b1e, 0x3d },
    { 0x5b1f, 0xa5 },
    { 0x5b20, 0x4d },
    { 0x5b21, 0x80 },
    { 0x5b22, 0x4d },
    { 0x5b23, 0x0d },
    { 0x5b24, 0x6f },
    { 0x5b25, 0x1f },
    { 0x5b26, 0xc5 },
    { 0x5b27, 0x35 },
    { 0x5b28, 0xcd },
    { 0x5b29, 0x6a },
    { 0x5b2a, 0x10 },
    { 0x5b2b, 0xfd },
    { 0x5b2c, 0x27 },
    { 0x5b2d, 0x95 },
    { 0x5b2e, 0x0a },
    { 0x5b2f, 0xba },
    { 0x5b30, 0x52 },
    { 0x5b31, 0x17 },
    { 0x5b32, 0x89 },
    { 0x5b33, 0x6a },
    { 0x5b34, 0x6d },
    { 0x5b35, 0xff },
    { 0x5b36, 0xe5 },
    { 0x5b37, 0xcc },
    { 0x5b38, 0xd2 },
    { 0x5b39, 0x9e },
    { 0x5b3a, 0x5c },
    { 0x5b3b, 0xea },
    { 0x5b3c, 0x2a },
    { 0x5b3d, 0xc7 },
    { 0x5b3e, 0x32 },
    { 0x5b3f, 0x5c },
    { 0x5b40, 0x30 },
    { 0x5b41, 0x2a },
    { 0x5b42, 0x27 },
    { 0x5b43, 0x9c },
    { 0x5b44, 0xf2 },
    { 0x5b45, 0x9e },
    { 0x5b46, 0xfc },
    { 0x5b47, 0x24 },
    { 0x5b48, 0xbc },
    { 0x5b49, 0xc7 },
    { 0x5b4a, 0xb7 },
    { 0x5b4b, 0x09 },
    { 0x5b4c, 0x85 },
    { 0x5b4d, 0x62 },
    { 0x5b4e, 0xc9 },
    { 0x5b4f, 0x94 },
    { 0x5b50, 0x92 },
    { 0x5b51, 0x2c },
    { 0x5b52, 0xe9 },
    { 0x5b53, 0x4a },
    { 0x5b54, 0xa3 },
    { 0x5b55, 0x95 },
    { 0x5b56, 0xf4 },
    { 0x5b57, 0xca },
    { 0x5b58, 0x46 },
    { 0x5b59, 0x56 },
    { 0x5b5a, 0xd1 },
    { 0x5b5b, 0x4a },
    { 0x5b5c, 0xf1 },
    { 0x5b5d, 0x7f },
    { 0x5b5e, 0x98 },
    { 0x5b5f, 0xbe },
    { 0x5b60, 0x39 },
    { 0x5b61, 0x9b },
    { 0x5b62, 0xfb },
    { 0x5b63, 0x06 },
    { 0x5b64, 0xe5 },
    { 0x5b65, 0x58 },
    { 0x5b66, 0x96 },
    { 0x5b67, 0x9c },
    { 0x5b68, 0xbe },
    { 0x5b69, 0xe9 },
    { 0x5b6a, 0x19 },
    { 0x5b6b, 0x02 },
    { 0x5b6c, 0x9c },
    { 0x5b6d, 0x35 },
    { 0x5b6e, 0x33 },
    { 0x5b6f, 0x9e },
    { 0x5b70, 0x55 },
    { 0x5b71, 0x3b },
    { 0x5b72, 0x15 },
    { 0x5b73, 0x7b },
    { 0x5b74, 0xd5 },
    { 0x5b75, 0xa6 },
    { 0x5b76, 0xd3 },
    { 0x5b77, 0xd7 },
    { 0x5b78, 0xe1 },
    { 0x5b79, 0xbf },
    { 0x5b7a, 0xfe },
    { 0x5b7b, 0x0a },
    { 0x5b7c, 0x60 },
    { 0x5b7d, 0x36 },
    { 0x5b7e, 0x2a },
    { 0x5b7f, 0x46 },
    { 0x5b80, 0x04 },
    { 0x5b81, 0xf4 },
    { 0x5b82, 0x85 },
    { 0x5b83, 0x4c },
    { 0x5b84, 0x12 },
    { 0x5b85, 0xe3 },
    { 0x5b86, 0x56 },
    { 0x5b87, 0x0b },
    { 0x5b88, 0xbe },
    { 0x5b89, 0x0b },
    { 0x5b8a, 0xce },
    { 0x5b8b, 0x01 },
    { 0x5b8c, 0x81 },
    { 0x5b8d, 0x22 },
    { 0x5b8e, 0x4e },
    { 0x5b8f, 0x0b },
    { 0x5b90, 0xa6 },
    { 0x5b91, 0xb6 },
    { 0x5b92, 0xa5 },
    { 0x5b93, 0xa2 },
    { 0x5b94, 0xdc },
    { 0x5b95, 0x9b },
    { 0x5b96, 0x55 },
    { 0x5b97, 0x6a },
    { 0x5b98, 0x9d },
    { 0x5b99, 0x18 },
    { 0x5b9a, 0x3c },
    { 0x5b9b, 0x33 },
    { 0x5b9c, 0xf0 },
    { 0x5b9d, 0xbb },
    { 0x5b9e, 0xbd },
    { 0x5b9f, 0x4b },
    { 0x5ba0, 0x82 },
    { 0x5ba1, 0x5e },
    { 0x5ba2, 0x04 },
    { 0x5ba3, 0x46 },
    { 0x5ba4, 0xf5 },
    { 0x5ba5, 0x8a },
    { 0x5ba6, 0xd4 },
    { 0x5ba7, 0x3a },
    { 0x5ba8, 0x41 },
    { 0x5ba9, 0xeb },
    { 0x5baa, 0x50 },
    { 0x5bab, 0xd6 },
    { 0x5bac, 0x5f },
    { 0x5bad, 0xc2 },
    { 0x5bae, 0x99 },
    { 0x5baf, 0x6f },
    { 0x5bb0, 0x15 },
    { 0x5bb1, 0x0c },
    { 0x5bb2, 0x77 },
    { 0x5bb3, 0x44 },
    { 0x5bb4, 0xc0 },
    { 0x5bb5, 0x92 },
    { 0x5bb6, 0x8c },
    { 0x5bb7, 0x18 },
    { 0x5bb8, 0x54 },
    { 0x5bb9, 0x4b },
    { 0x5bba, 0x02 },
    { 0x5bbb, 0x26 },
    { 0x5bbc, 0xe9 },
    { 0x5bbd, 0x14 },
    { 0x5bbe, 0x35 },
    { 0x5bbf, 0xcd },
    { 0x5bc0, 0x80 },
    { 0x5bc1, 0x90 },
    { 0x5bc2, 0xeb },
    { 0x5bc3, 0x35 },
    { 0x5bc4, 0x33 },
    { 0x5bc5, 0x38 },
    { 0x5bc6, 0x66 },
    { 0x5bc7, 0xd2 },
    { 0x5bc8, 0x57 },
    { 0x5bc9, 0x65 },
    { 0x5bca, 0xbd },
    { 0x5bcb, 0x4a },
    { 0x5bcc, 0xc3 },
    { 0x5bcd, 0x6d },
    { 0x5bce, 0x2d },
    { 0x5bcf, 0x99 },
    { 0x5bd0, 0xf4 },
    { 0x5bd1, 0x6a },
    { 0x5bd2, 0xe0 },
    { 0x5bd3, 0x7b },
    { 0x5bd4, 0x72 },
    { 0x5bd5, 0x84 },
    { 0x5bd6, 0x39 },
    { 0x5bd7, 0x17 },
    { 0x5bd8, 0x8d },
    { 0x5bd9, 0x14 },
    { 0x5bda, 0x41 },
    { 0x5bdb, 0x5c },
    { 0x5bdc, 0x98 },
    { 0x5bdd, 0x3a },
    { 0x5bde, 0xfe },
    { 0x5bdf, 0xdd },
    { 0x5be0, 0x60 },
    { 0x5be1, 0x5f },
    { 0x5be2, 0x9a },
    { 0x5be3, 0x5b },
    { 0x5be4, 0x7f },
    { 0x5be5, 0x7d },
    { 0x5be6, 0xd5 },
    { 0x5be7, 0xa0 },
    { 0x5be8, 0xb8 },
    { 0x5be9, 0xac },
    { 0x5bea, 0xca },
    { 0x5beb, 0x82 },
    { 0x5bec, 0x6c },
    { 0x5bed, 0x94 },
    { 0x5bee, 0x27 },
    { 0x5bef, 0xb5 },
    { 0x5bf0, 0xff },
    { 0x5bf1, 0x20 },
    { 0x5bf2, 0xdf },
    { 0x5bf3, 0xf6 },
    { 0x5bf4, 0xde },
    { 0x5bf5, 0xb8 },
    { 0x5bf6, 0x65 },
    { 0x5bf7, 0x88 },
    { 0x5bf8, 0x54 },
    { 0x5bf9, 0x2a },
    { 0x5bfa, 0x18 },
    { 0x5bfb, 0xa6 },
    { 0x5bfc, 0xa9 },
    { 0x5bfd, 0x8f },
    { 0x5bfe, 0xeb },
    { 0x5bff, 0x3b },
    { 0x5c00, 0xe7 },
    { 0x5c01, 0x4c },
    { 0x5c02, 0x4d },
    { 0x5c03, 0x76 },
    { 0x5c04, 0xb7 },
    { 0x5c05, 0xcb },
    { 0x5c06, 0x8a },
    { 0x5c07, 0x86 },
    { 0x5c08, 0xf5 },
    { 0x5c09, 0x52 },
    { 0x5c0a, 0x78 },
    { 0x5c0b, 0x99 },
    { 0x5c0c, 0xdd },
    { 0x5c0d, 0x9c },
    { 0x5c0e, 0xf7 },
    { 0x5c0f, 0x75 },
    { 0x5c10, 0xb6 },
    { 0x5c11, 0x17 },
    { 0x5c12, 0xbb },
    { 0x5c13, 0xc0 },
    { 0x5c14, 0x72 },
    { 0x5c15, 0xaa },
    { 0x5c16, 0xb0 },
    { 0x5c17, 0x59 },
    { 0x5c18, 0x8a },
    { 0x5c19, 0x41 },
    { 0x5c1a, 0x40 },
    { 0x5c1b, 0x37 },
    { 0x5c1c, 0xd2 },
    { 0x5c1d, 0xbc },
    { 0x5c1e, 0xa9 },
    { 0x5c1f, 0x8d },
    { 0x5c20, 0x10 },
    { 0x5c21, 0xcf },
    { 0x5c22, 0x88 },
    { 0x5c23, 0x6c },
    { 0x5c24, 0xf6 },
    { 0x5c25, 0x3b },
    { 0x5c26, 0x6e },
    { 0x5c27, 0x1d },
    { 0x5c28, 0xed },
    { 0x5c29, 0x2d },
    { 0x5c2a, 0x25 },
    { 0x5c2b, 0xe3 },
    { 0x5c2c, 0xc5 },
    { 0x5c2d, 0xd8 },
    { 0x5c2e, 0xc9 },
    { 0x5c2f, 0xfe },
    { 0x5c30, 0xd8 },
    { 0x5c31, 0x9b },
    { 0x5c32, 0x94 },
    { 0x5c33, 0xf7 },
    { 0x5c34, 0x93 },
    { 0x5c35, 0x57 },
    { 0x5c36, 0xff },
    { 0x5c37, 0xb3 },
    { 0x5c38, 0x40 },
    { 0x5c39, 0xd3 },
    { 0x5c3a, 0xf7 },
    { 0x5c3b, 0xb7 },
    { 0x5c3c, 0xfb },
    { 0x5c3d, 0x8c },
    { 0x5c3e, 0xd0 },
    { 0x5c3f, 0x80 },
    { 0x5c40, 0x0f },
    { 0x5c41, 0x85 },
    { 0x5c42, 0x6d },
    { 0x5c43, 0x27 },
    { 0x5c44, 0x5c },
    { 0x5c45, 0xdc },
    { 0x5c46, 0xef },
    { 0x5c47, 0xc7 },
    { 0x5c48, 0xcb },
    { 0x5c49, 0xd3 },
    { 0x5c4a, 0xc0 },
    { 0x5c4b, 0x71 },
    { 0x5c4c, 0x8b },
    { 0x5c4d, 0xcd },
    { 0x5c4e, 0x3d },
    { 0x5c4f, 0xfe },
    { 0x5c50, 0x86 },
    { 0x5c51, 0xe2 },
    { 0x5c52, 0x01 },
    { 0x5c53, 0x96 },
    { 0x5c54, 0x9e },
    { 0x5c55, 0xe3 },
    { 0x5c56, 0xab },
    { 0x5c57, 0x98 },
    { 0x5c58, 0x54 },
    { 0x5c59, 0xf0 },
    { 0x5c5a, 0xe0 },
    { 0x5c5b, 0xce },
    { 0x5c5c, 0x74 },
    { 0x5c5d, 0xb5 },
    { 0x5c5e, 0x42 },
    { 0x5c5f, 0x13 },
    { 0x5c60, 0x99 },
    { 0x5c61, 0x38 },
    { 0x5c62, 0x74 },
    { 0x5c63, 0x0c },
    { 0x5c64, 0xd7 },
    { 0x5c65, 0x90 },
    { 0x5c66, 0x1c },
    { 0x5c67, 0x1b },
    { 0x5c68, 0xe7 },
    { 0x5c69, 0xe8 },
    { 0x5c6a, 0xd9 },
    { 0x5c6b, 0x8b },
    { 0x5c6c, 0xf7 },
    { 0x5c6d, 0x64 },
    { 0x5c6e, 0x6d },
    { 0x5c6f, 0xfe },
    { 0x5c70, 0x53 },
    { 0x5c71, 0x1e },
    { 0x5c72, 0x5e },
    { 0x5c73, 0xa2 },
    { 0x5c74, 0xd3 },
    { 0x5c75, 0x0d },
    { 0x5c76, 0x2b },
    { 0x5c77, 0x06 },
    { 0x5c78, 0x91 },
    { 0x5c79, 0x50 },
    { 0x5c7a, 0xd7 },
    { 0x5c7b, 0x40 },
    { 0x5c7c, 0xae },
    { 0x5c7d, 0xcb },
    { 0x5c7e, 0xd7 },
    { 0x5c7f, 0xbd },
    { 0x5c80, 0x0c },
    { 0x5c81, 0x04 },
    { 0x5c82, 0x5b },
    { 0x5c83, 0xcf },
    { 0x5c84, 0xc5 },
    { 0x5c85, 0xad },
    { 0x5c86, 0x79 },
    { 0x5c87, 0xf2 },
    { 0x5c88, 0x04 },
    { 0x5c89, 0x5d },
    { 0x5c8a, 0x21 },
    { 0x5c8b, 0xa9 },
    { 0x5c8c, 0xd3 },
    { 0x5c8d, 0xa1 },
    { 0x5c8e, 0xb7 },
    { 0x5c8f, 0x88 },
    { 0x5c90, 0xf6 },
    { 0x5c91, 0x15 },
    { 0x5c92, 0xf3 },
    { 0x5c93, 0xfd },
    { 0x5c94, 0xa4 },
    { 0x5c95, 0x9b },
    { 0x5c96, 0x78 },
    { 0x5c97, 0x9d },
    { 0x5c98, 0xa5 },
    { 0x5c99, 0x82 },
    { 0x5c9a, 0xd9 },
    { 0x5c9b, 0x04 },
    { 0x5c9c, 0xf3 },
    { 0x5c9d, 0xd0 },
    { 0x5c9e, 0x81 },
    { 0x5c9f, 0x96 },
    { 0x5ca0, 0x6d },
    { 0x5ca1, 0x0a },
    { 0x5ca2, 0xc4 },
    { 0x5ca3, 0x03 },
    { 0x5ca4, 0x5c },
    { 0x5ca5, 0x11 },
    { 0x5ca6, 0x92 },
    { 0x5ca7, 0x98 },
    { 0x5ca8, 0x07 },
    { 0x5ca9, 0x59 },
    { 0x5caa, 0x4f },
    { 0x5cab, 0xde },
    { 0x5cac, 0xbb },
    { 0x5cad, 0x69 },
    { 0x5cae, 0x71 },
    { 0x5caf, 0xdf },
    { 0x5cb0, 0xbe },
    { 0x5cb1, 0x2c },
    { 0x5cb2, 0xda },
    { 0x5cb3, 0x5e },
    { 0x5cb4, 0x16 },
    { 0x5cb5, 0xaf },
    { 0x5cb6, 0x9b },
    { 0x5cb7, 0x8c },
    { 0x5cb8, 0x63 },
    { 0x5cb9, 0xd1 },
    { 0x5cba, 0xb5 },
    { 0x5cbb, 0x64 },
    { 0x5cbc, 0x2b },
    { 0x5cbd, 0xf0 },
    { 0x5cbe, 0x06 },
    { 0x5cbf, 0x3f },
    { 0x5cc0, 0xcb },
    { 0x5cc1, 0x61 },
    { 0x5cc2, 0x56 },
    { 0x5cc3, 0x90 },
    { 0x5cc4, 0x0d },
    { 0x5cc5, 0x78 },
    { 0x5cc6, 0x2f },
    { 0x5cc7, 0x8c },
    { 0x5cc8, 0x95 },
    { 0x5cc9, 0xc5 },
    { 0x5cca, 0xdf },
    { 0x5ccb, 0x80 },
    { 0x5ccc, 0x8f },
    { 0x5ccd, 0xa0 },
    { 0x5cce, 0xcc },
    { 0x5ccf, 0x60 },
    { 0x5cd0, 0xe7 },
    { 0x5cd1, 0xa5 },
    { 0x5cd2, 0x11 },
    { 0x5cd3, 0x31 },
    { 0x5cd4, 0x05 },
    { 0x5cd5, 0xf8 },
    { 0x5cd6, 0xb8 },
    { 0x5cd7, 0x67 },
    { 0x5cd8, 0x8d },
    { 0x5cd9, 0xca },
    { 0x5cda, 0xef },
    { 0x5cdb, 0xa6 },
    { 0x5cdc, 0x81 },
    { 0x5cdd, 0x5a },
    { 0x5cde, 0xe1 },
    { 0x5cdf, 0xdf },
    { 0x5ce0, 0x00 },
    { 0x5ce1, 0xeb },
    { 0x5ce2, 0x50 },
    { 0x5ce3, 0x0b },
    { 0x5ce4, 0xfd },
    { 0x5ce5, 0x79 },
    { 0x5ce6, 0x73 },
    { 0x5ce7, 0x99 },
    { 0x5ce8, 0x11 },
    { 0x5ce9, 0xa0 },
    { 0x5cea, 0xaf },
    { 0x5ceb, 0xff },
    { 0x5cec, 0xc2 },
    { 0x5ced, 0x79 },
    { 0x5cee, 0x11 },
    { 0x5cef, 0xa7 },
    { 0x5cf0, 0x92 },
    { 0x5cf1, 0xaa },
    { 0x5cf2, 0xc0 },
    { 0x5cf3, 0x1e },
    { 0x5cf4, 0x2e },
    { 0x5cf5, 0xd2 },
    { 0x5cf6, 0xbc },
    { 0x5cf7, 0xa7 },
    { 0x5cf8, 0x01 },
    { 0x5cf9, 0x46 },
    { 0x5cfa, 0xcf },
    { 0x5cfb, 0x3a },
    { 0x5cfc, 0x58 },
    { 0x5cfd, 0x33 },
    { 0x5cfe, 0x01 },
    { 0x5cff, 0x53 },
    { 0x5d00, 0xa0 },
    { 0x5d01, 0x39 },
    { 0x5d02, 0xfc },
    { 0x5d03, 0xda },
    { 0x5d04, 0xbd },
    { 0x5d05, 0xe5 },
    { 0x5d06, 0xbd },
    { 0x5d07, 0x79 },
    { 0x5d08, 0x62 },
    { 0x5d09, 0xdb },
    { 0x5d0a, 0x86 },
    { 0x5d0b, 0x4a },
    { 0x5d0c, 0x5e },
    { 0x5d0d, 0x73 },
    { 0x5d0e, 0xf6 },
    { 0x5d0f, 0x2b },
    { 0x5d10, 0x59 },
    { 0x5d11, 0x18 },
    { 0x5d12, 0xca },
    { 0x5d13, 0x8b },
    { 0x5d14, 0x68 },
    { 0x5d15, 0x33 },
    { 0x5d16, 0x4a },
    { 0x5d17, 0x3d },
    { 0x5d18, 0x75 },
    { 0x5d19, 0xfe },
    { 0x5d1a, 0x29 },
    { 0x5d1b, 0x87 },
    { 0x5d1c, 0x4a },
    { 0x5d1d, 0x75 },
    { 0x5d1e, 0x14 },
    { 0x5d1f, 0x54 },
    { 0x5d20, 0x12 },
    { 0x5d21, 0x87 },
    { 0x5d22, 0x63 },
    { 0x5d23, 0x3a },
    { 0x5d24, 0x75 },
    { 0x5d25, 0x10 },
    { 0x5d26, 0x14 },
    { 0x5d27, 0x45 },
    { 0x5d28, 0x33 },
    { 0x5d29, 0x05 },
    { 0x5d2a, 0xde },
    { 0x5d2b, 0xc3 },
    { 0x5d2c, 0xa8 },
    { 0x5d2d, 0x22 },
    { 0x5d2e, 0x3b },
    { 0x5d2f, 0x1a },
    { 0x5d30, 0x61 },
    { 0x5d31, 0x11 },
    { 0x5d32, 0x8e },
    { 0x5d33, 0xf8 },
    { 0x5d34, 0xf5 },
    { 0x5d35, 0x56 },
    { 0x5d36, 0x90 },
    { 0x5d37, 0xe8 },
    { 0x5d38, 0x83 },
    { 0x5d39, 0x55 },
    { 0x5d3a, 0xb3 },
    { 0x5d3b, 0xc6 },
    { 0x5d3c, 0x5d },
    { 0x5d3d, 0x21 },
    { 0x5d3e, 0x45 },
    { 0x5d3f, 0x18 },
    { 0x5d40, 0x49 },
    { 0x5d41, 0x6f },
    { 0x5d42, 0xe3 },
    { 0x5d43, 0x5b },
    { 0x5d44, 0x77 },
    { 0x5d45, 0x2c },
    { 0x5d46, 0x86 },
    { 0x5d47, 0xe6 },
    { 0x5d48, 0x7c },
    { 0x5d49, 0xbc },
    { 0x5d4a, 0x6b },
    { 0x5d4b, 0xf4 },
    { 0x5d4c, 0x84 },
    { 0x5d4d, 0x7d },
    { 0x5d4e, 0x52 },
    { 0x5d4f, 0x60 },
    { 0x5d50, 0x25 },
    { 0x5d51, 0xbe },
    { 0x5d52, 0x44 },
    { 0x5d53, 0x54 },
    { 0x5d54, 0x5d },
    { 0x5d55, 0x6f },
    { 0x5d56, 0x99 },
    { 0x5d57, 0x5a },
    { 0x5d58, 0x72 },
    { 0x5d59, 0xf2 },
    { 0x5d5a, 0x50 },
    { 0x5d5b, 0x63 },
    { 0x5d5c, 0xf3 },
    { 0x5d5d, 0xea },
    { 0x5d5e, 0x24 },
    { 0x5d5f, 0xce },
    { 0x5d60, 0xdd },
    { 0x5d61, 0xc4 },
    { 0x5d62, 0x23 },
    { 0x5d63, 0x24 },
    { 0x5d64, 0xd8 },
    { 0x5d65, 0xc4 },
    { 0x5d66, 0x71 },
    { 0x5d67, 0xee },
    { 0x5d68, 0x40 },
    { 0x5d69, 0xe3 },
    { 0x5d6a, 0x13 },
    { 0x5d6b, 0xd9 },
    { 0x5d6c, 0x7a },
    { 0x5d6d, 0x5e },
    { 0x5d6e, 0x17 },
    { 0x5d6f, 0x17 },
    { 0x5d70, 0xec },
    { 0x5d71, 0x32 },
    { 0x5d72, 0x83 },
    { 0x5d73, 0x19 },
    { 0x5d74, 0x6b },
    { 0x5d75, 0x98 },
    { 0x5d76, 0x6f },
    { 0x5d77, 0x92 },
    { 0x5d78, 0x22 },
    { 0x5d79, 0xfb },
    { 0x5d7a, 0x98 },
    { 0x5d7b, 0x6e },
    { 0x5d7c, 0xfd },
    { 0x5d7d, 0x61 },
    { 0x5d7e, 0xf5 },
    { 0x5d7f, 0x6a },
    { 0x5d80, 0x6b },
    { 0x5d81, 0x68 },
    { 0x5d82, 0xbf },
    { 0x5d83, 0xfb },
    { 0x5d84, 0x26 },
    { 0x5d85, 0xfa },
    { 0x5d86, 0xac },
    { 0x5d87, 0x8a },
    { 0x5d88, 0x70 },
    { 0x5d89, 0xd7 },
    { 0x5d8a, 0x96 },
    { 0x5d8b, 0xc0 },
    { 0x5d8c, 0xa2 },
    { 0x5d8d, 0x93 },
    { 0x5d8e, 0x31 },
    { 0x5d8f, 0xc6 },
    { 0x5d90, 0xae },
    { 0x5d91, 0x08 },
    { 0x5d92, 0x4a },
    { 0x5d93, 0xe5 },
    { 0x5d94, 0x76 },
    { 0x5d95, 0x6b },
    { 0x5d96, 0x3b },
    { 0x5d97, 0x19 },
    { 0x5d98, 0xe0 },
    { 0x5d99, 0x6a },
    { 0x5d9a, 0x63 },
    { 0x5d9b, 0xef },
    { 0x5d9c, 0x13 },
    { 0x5d9d, 0x63 },
    { 0x5d9e, 0xf8 },
    { 0x5d9f, 0x86 },
    { 0x5da0, 0xda },
    { 0x5da1, 0xcd },
    { 0x5da2, 0xac },
    { 0x5da3, 0x4b },
    { 0x5da4, 0x39 },
    { 0x5da5, 0xee },
    { 0x5da6, 0x64 },
    { 0x5da7, 0xe7 },
    { 0x5da8, 0x71 },
    { 0x5da9, 0xd0 },
    { 0x5daa, 0x84 },
    { 0x5dab, 0x4d },
    { 0x5dac, 0x00 },
    { 0x5dad, 0xac },
    { 0x5dae, 0x34 },
    { 0x5daf, 0x3d },
    { 0x5db0, 0xf1 },
    { 0x5db1, 0x24 },
    { 0x5db2, 0xd6 },
    { 0x5db3, 0x20 },
    { 0x5db4, 0x8b },
    { 0x5db5, 0x9b },
    { 0x5db6, 0x86 },
    { 0x5db7, 0x1a },
    { 0x5db8, 0x30 },
    { 0x5db9, 0x22 },
    { 0x5dba, 0x1b },
    { 0x5dbb, 0x62 },
    { 0x5dbc, 0xe3 },
    { 0x5dbd, 0x3b },
    { 0x5dbe, 0x27 },
    { 0x5dbf, 0x98 },
    { 0x5dc0, 0xfd },
    { 0x5dc1, 0xae },
    { 0x5dc2, 0xc8 },
    { 0x5dc3, 0xb3 },
    { 0x5dc4, 0x91 },
    { 0x5dc5, 0x03 },
    { 0x5dc6, 0xd7 },
    { 0x5dc7, 0xa8 },
    { 0x5dc8, 0xf7 },
    { 0x5dc9, 0x7c },
    { 0x5dca, 0x8a },
    { 0x5dcb, 0xcb },
    { 0x5dcc, 0x2d },
    { 0x5dcd, 0x92 },
    { 0x5dce, 0x5f },
    { 0x5dcf, 0x21 },
    { 0x5dd0, 0xf2 },
    { 0x5dd1, 0xf3 },
    { 0x5dd2, 0x50 },
    { 0x5dd3, 0x72 },
    { 0x5dd4, 0x2b },
    { 0x5dd5, 0xb4 },
    { 0x5dd6, 0xff },
    { 0x5dd7, 0x1a },
    { 0x5dd8, 0xce },
    { 0x5dd9, 0x47 },
    { 0x5dda, 0x42 },
    { 0x5ddb, 0x09 },
    { 0x5ddc, 0xf0 },
    { 0x5ddd, 0x10 },
    { 0x5dde, 0xd8 },
    { 0x5ddf, 0xce },
    { 0x5de0, 0xe9 },
    { 0x5de1, 0xa9 },
    { 0x5de2, 0xc1 },
    { 0x5de3, 0xa7 },
    { 0x5de4, 0xc1 },
    { 0x5de5, 0x16 },
    { 0x5de6, 0xa5 },
    { 0x5de7, 0xbe },
    { 0x5de8, 0xa7 },
    { 0x5de9, 0xba },
    { 0x5dea, 0x88 },
    { 0x5deb, 0xda },
    { 0x5dec, 0x26 },
    { 0x5ded, 0xc0 },
    { 0x5dee, 0xd8 },
    { 0x5def, 0xdf },
    { 0x5df0, 0x30 },
    { 0x5df1, 0xc2 },
    { 0x5df2, 0xfb },
    { 0x5df3, 0xce },
    { 0x5df4, 0xb1 },
    { 0x5df5, 0x6b },
    { 0x5df6, 0x64 },
    { 0x5df7, 0x98 },
    { 0x5df8, 0xdc },
    { 0x5df9, 0x12 },
    { 0x5dfa, 0x81 },
    { 0x5dfb, 0x22 },
    { 0x5dfc, 0x71 },
    { 0x5dfd, 0x07 },
    { 0x5dfe, 0x33 },
    { 0x5dff, 0xe3 },
    { 0x5e00, 0xf2 },
    { 0x5e01, 0xd2 },
    { 0x5e02, 0x63 },
    { 0x5e03, 0x0d },
    { 0x5e04, 0xd8 },
    { 0x5e05, 0xae },
    { 0x5e06, 0x4b },
    { 0x5e07, 0x0c },
    { 0x5e08, 0xce },
    { 0x5e09, 0x7c },
    { 0x5e0a, 0xec },
    { 0x5e0b, 0xc2 },
    { 0x5e0c, 0xe2 },
    { 0x5e0d, 0xc0 },
    { 0x5e0e, 0x22 },
    { 0x5e0f, 0x5a },
    { 0x5e10, 0x53 },
    { 0x5e11, 0xf7 },
    { 0x5e12, 0xaf },
    { 0x5e13, 0x0f },
    { 0x5e14, 0x73 },
    { 0x5e15, 0xc3 },
    { 0x5e16, 0xbb },
    { 0x5e17, 0x7c },
    { 0x5e18, 0x5d },
    { 0x5e19, 0x26 },
    { 0x5e1a, 0x03 },
    { 0x5e1b, 0xd9 },
    { 0x5e1c, 0xac },
    { 0x5e1d, 0xd4 },
    { 0x5e1e, 0x2f },
    { 0x5e1f, 0xd9 },
    { 0x5e20, 0x0b },
    { 0x5e21, 0x25 },
    { 0x5e22, 0x80 },
    { 0x5e23, 0x50 },
    { 0x5e24, 0xc3 },
    { 0x5e25, 0x31 },
    { 0x5e26, 0xec },
    { 0x5e27, 0x57 },
    { 0x5e28, 0xe7 },
    { 0x5e29, 0x9f },
    { 0x5e2a, 0x03 },
    { 0x5e2b, 0x73 },
    { 0x5e2c, 0x70 },
    { 0x5e2d, 0x14 },
    { 0x5e2e, 0xb4 },
    { 0x5e2f, 0x96 },
    { 0x5e30, 0xcb },
    { 0x5e31, 0x5e },
    { 0x5e32, 0xbe },
    { 0x5e33, 0xc8 },
    { 0x5e34, 0x82 },
    { 0x5e35, 0x1d },
    { 0x5e36, 0x2f },
    { 0x5e37, 0xff },
    { 0x5e38, 0x8b },
    { 0x5e39, 0x0e },
    { 0x5e3a, 0xd2 },
    { 0x5e3b, 0x04 },
    { 0x5e3c, 0xf1 },
    { 0x5e3d, 0x5d },
    { 0x5e3e, 0xa7 },
    { 0x5e3f, 0xbc },
    { 0x5e40, 0x6e },
    { 0x5e41, 0x77 },
    { 0x5e42, 0x81 },
    { 0x5e43, 0xe0 },
    { 0x5e44, 0x77 },
    { 0x5e45, 0x45 },
    { 0x5e46, 0x10 },
    { 0x5e47, 0x57 },
    { 0x5e48, 0x0c },
    { 0x5e49, 0x75 },
    { 0x5e4a, 0x55 },
    { 0x5e4b, 0x7a },
    { 0x5e4c, 0xbd },
    { 0x5e4d, 0x5d },
    { 0x5e4e, 0xdd },
    { 0x5e4f, 0x8e },
    { 0x5e50, 0xa4 },
    { 0x5e51, 0xb1 },
    { 0x5e52, 0x46 },
    { 0x5e53, 0x64 },
    { 0x5e54, 0x25 },
    { 0x5e55, 0x35 },
    { 0x5e56, 0x6b },
    { 0x5e57, 0x0d },
    { 0x5e58, 0x96 },
    { 0x5e59, 0xc6 },
    { 0x5e5a, 0xbe },
    { 0x5e5b, 0x08 },
    { 0x5e5c, 0x04 },
    { 0x5e5d, 0xd4 },
    { 0x5e5e, 0x1b },
    { 0x5e5f, 0x76 },
    { 0x5e60, 0x07 },
    { 0x5e61, 0xa7 },
    { 0x5e62, 0xf1 },
    { 0x5e63, 0xd4 },
    { 0x5e64, 0x07 },
    { 0x5e65, 0x9a },
    { 0x5e66, 0xe9 },
    { 0x5e67, 0xea },
    { 0x5e68, 0x11 },
    { 0x5e69, 0x76 },
    { 0x5e6a, 0x7d },
    { 0x5e6b, 0xa3 },
    { 0x5e6c, 0xf7 },
    { 0x5e6d, 0x71 },
    { 0x5e6e, 0x51 },
    { 0x5e6f, 0x0c },
    { 0x5e70, 0x42 },
    { 0x5e71, 0x56 },
    { 0x5e72, 0x67 },
    { 0x5e73, 0x00 },
    { 0x5e74, 0x23 },
    { 0x5e75, 0x1c },
    { 0x5e76, 0x2e },
    { 0x5e77, 0x29 },
    { 0x5e78, 0xd6 },
    { 0x5e79, 0x4e },
    { 0x5e7a, 0x15 },
    { 0x5e7b, 0x9e },
    { 0x5e7c, 0xc1 },
    { 0x5e7d, 0xbf },
    { 0x5e7e, 0xc1 },
    { 0x5e7f, 0x9e },
    { 0x5e80, 0xf9 },
    { 0x5e81, 0x01 },
    { 0x5e82, 0x96 },
    { 0x5e83, 0x27 },
    { 0x5e84, 0x9a },
    { 0x5e85, 0xfa },
    { 0x5e86, 0x38 },
    { 0x5e87, 0x3c },
    { 0x5e88, 0x71 },
    { 0x5e89, 0x93 },
    { 0x5e8a, 0xad },
    { 0x5e8b, 0xd8 },
    { 0x5e8c, 0x18 },
    { 0x5e8d, 0xe9 },
    { 0x5e8e, 0xcc },
    { 0x5e8f, 0xb9 },
    { 0x5e90, 0xdf },
    { 0x5e91, 0xc1 },
    { 0x5e92, 0x86 },
    { 0x5e93, 0x9d },
    { 0x5e94, 0x2f },
    { 0x5e95, 0x14 },
    { 0x5e96, 0x47 },
    { 0x5e97, 0x45 },
    { 0x5e98, 0xb8 },
    { 0x5e99, 0x16 },
    { 0x5e9a, 0xd3 },
    { 0x5e9b, 0x52 },
    { 0x5e9c, 0xf1 },
    { 0x5e9d, 0x40 },
    { 0x5e9e, 0x5e },
    { 0x5e9f, 0x5f },
    { 0x5ea0, 0xf0 },
    { 0x5ea1, 0x58 },
    { 0x5ea2, 0x59 },
    { 0x5ea3, 0x9d },
    { 0x5ea4, 0x3c },
    { 0x5ea5, 0x32 },
    { 0x5ea6, 0x7a },
    { 0x5ea7, 0x12 },
    { 0x5ea8, 0x96 },
    { 0x5ea9, 0xe9 },
    { 0x5eaa, 0xa5 },
    { 0x5eab, 0xb8 },
    { 0x5eac, 0xd0 },
    { 0x5ead, 0x12 },
    { 0x5eae, 0xff },
    { 0x5eaf, 0x6f },
    { 0x5eb0, 0x55 },
    { 0x5eb1, 0x7d },
    { 0x5eb2, 0x48 },
    { 0x5eb3, 0xc9 },
    { 0x5eb4, 0x4a },
    { 0x5eb5, 0xbd },
    { 0x5eb6, 0xeb },
    { 0x5eb7, 0x33 },
    { 0x5eb8, 0x85 },
    { 0x5eb9, 0x9c },
    { 0x5eba, 0x13 },
    { 0x5ebb, 0x63 },
    { 0x5ebc, 0x28 },
    { 0x5ebd, 0x10 },
    { 0x5ebe, 0xcc },
    { 0x5ebf, 0xc0 },
    { 0x5ec0, 0xf6 },
    { 0x5ec1, 0x7c },
    { 0x5ec2, 0xb8 },
    { 0x5ec3, 0x18 },
    { 0x5ec4, 0x57 },
    { 0x5ec5, 0x00 },
    { 0x5ec6, 0xf9 },
    { 0x5ec7, 0x4e },
    { 0x5ec8, 0x02 },
    { 0x5ec9, 0x16 },
    { 0x5eca, 0x6d },
    { 0x5ecb, 0x21 },
    { 0x5ecc, 0xa8 },
    { 0x5ecd, 0x34 },
    { 0x5ece, 0x10 },
    { 0x5ecf, 0xeb },
    { 0x5ed0, 0xaa },
    { 0x5ed1, 0x02 },
    { 0x5ed2, 0x74 },
    { 0x5ed3, 0x7f },
    { 0x5ed4, 0xe0 },
    { 0x5ed5, 0x8d },
    { 0x5ed6, 0x72 },
    { 0x5ed7, 0x45 },
    { 0x5ed8, 0xdd },
    { 0x5ed9, 0xaf },
    { 0x5eda, 0xc8 },
    { 0x5edb, 0x33 },
    { 0x5edc, 0x15 },
    { 0x5edd, 0xf5 },
    { 0x5ede, 0x41 },
    { 0x5edf, 0xe1 },
    { 0x5ee0, 0xba },
    { 0x5ee1, 0xdd },
    { 0x5ee2, 0x14 },
    { 0x5ee3, 0x49 },
    { 0x5ee4, 0xb3 },
    { 0x5ee5, 0xee },
    { 0x5ee6, 0x17 },
    { 0x5ee7, 0xff },
    { 0x5ee8, 0x5c },
    { 0x5ee9, 0x84 },
    { 0x5eea, 0xa6 },
    { 0x5eeb, 0x2c },
    { 0x5eec, 0xbd },
    { 0x5eed, 0x88 },
    { 0x5eee, 0xaa },
    { 0x5eef, 0x7f },
    { 0x5ef0, 0xa4 },
    { 0x5ef1, 0x7a },
    { 0x5ef2, 0x96 },
    { 0x5ef3, 0xf0 },
    { 0x5ef4, 0x74 },
    { 0x5ef5, 0xb7 },
    { 0x5ef6, 0xda },
    { 0x5ef7, 0x5e },
    { 0x5ef8, 0xce },
    { 0x5ef9, 0xff },
    { 0x5efa, 0xa1 },
    { 0x5efb, 0xdc },
    { 0x5efc, 0x0d },
    { 0x5efd, 0xba },
    { 0x5efe, 0x89 },
    { 0x5eff, 0x03 },
    { 0x5f00, 0xd6 },
    { 0x5f01, 0x10 },
    { 0x5f02, 0x51 },
    { 0x5f03, 0x86 },
    { 0x5f04, 0xe2 },
    { 0x5f05, 0x94 },
    { 0x5f06, 0x60 },
    { 0x5f07, 0xef },
    { 0x5f08, 0x87 },
    { 0x5f09, 0x8c },
    { 0x5f0a, 0x32 },
    { 0x5f0b, 0x43 },
    { 0x5f0c, 0xd4 },
    { 0x5f0d, 0x77 },
    { 0x5f0e, 0x8e },
    { 0x5f0f, 0xe0 },
    { 0x5f10, 0xfc },
    { 0x5f11, 0x94 },
    { 0x5f12, 0xba },
    { 0x5f13, 0x7a },
    { 0x5f14, 0xe3 },
    { 0x5f15, 0xd8 },
    { 0x5f16, 0x35 },
    { 0x5f17, 0x10 },
    { 0x5f18, 0x76 },
    { 0x5f19, 0x8d },
    { 0x5f1a, 0x16 },
    { 0x5f1b, 0x3d },
    { 0x5f1c, 0x6b },
    { 0x5f1d, 0x21 },
    { 0x5f1e, 0xc8 },
    { 0x5f1f, 0x0e },
    { 0x5f20, 0x3c },
    { 0x5f21, 0xea },
    { 0x5f22, 0x73 },
    { 0x5f23, 0xbc },
    { 0x5f24, 0xfc },
    { 0x5f25, 0x1d },
    { 0x5f26, 0xed },
    { 0x5f27, 0xcb },
    { 0x5f28, 0x6d },
    { 0x5f29, 0x41 },
    { 0x5f2a, 0x1e },
    { 0x5f2b, 0x2e },
    { 0x5f2c, 0x2d },
    { 0x5f2d, 0xe2 },
    { 0x5f2e, 0x08 },
    { 0x5f2f, 0x45 },
    { 0x5f30, 0x83 },
    { 0x5f31, 0x48 },
    { 0x5f32, 0xe6 },
    { 0x5f33, 0x0c },
    { 0x5f34, 0x0b },
    { 0x5f35, 0x1c },
    { 0x5f36, 0x7d },
    { 0x5f37, 0xdd },
    { 0x5f38, 0xec },
    { 0x5f39, 0x7b },
    { 0x5f3a, 0x37 },
    { 0x5f3b, 0x3e },
    { 0x5f3c, 0x08 },
    { 0x5f3d, 0x45 },
    { 0x5f3e, 0x09 },
    { 0x5f3f, 0x6c },
    { 0x5f40, 0x64 },
    { 0x5f41, 0xd6 },
    { 0x5f42, 0x6c },
    { 0x5f43, 0x94 },
    { 0x5f44, 0x3c },
    { 0x5f45, 0xd6 },
    { 0x5f46, 0xb3 },
    { 0x5f47, 0xf4 },
    { 0x5f48, 0x81 },
    { 0x5f49, 0x43 },
    { 0x5f4a, 0x18 },
    { 0x5f4b, 0x85 },
    { 0x5f4c, 0xe5 },
    { 0x5f4d, 0x8a },
    { 0x5f4e, 0x2e },
    { 0x5f4f, 0x1d },
    { 0x5f50, 0xa8 },
    { 0x5f51, 0xe9 },
    { 0x5f52, 0x40 },
    { 0x5f53, 0x5f },
    { 0x5f54, 0xed },
    { 0x5f55, 0x87 },
    { 0x5f56, 0xba },
    { 0x5f57, 0x2d },
    { 0x5f58, 0xa2 },
    { 0x5f59, 0xfa },
    { 0x5f5a, 0xfc },
    { 0x5f5b, 0xbf },
    { 0x5f5c, 0xfb },
    { 0x5f5d, 0xbc },
    { 0x5f5e, 0xfb },
    { 0x5f5f, 0x52 },
    { 0x5f60, 0xd8 },
    { 0x5f61, 0x84 },
    { 0x5f62, 0x5e },
    { 0x5f63, 0xd0 },
    { 0x5f64, 0x1e },
    { 0x5f65, 0xfd },
    { 0x5f66, 0x1c },
    { 0x5f67, 0xe2 },
    { 0x5f68, 0xc4 },
    { 0x5f69, 0x22 },
    { 0x5f6a, 0x83 },
    { 0x5f6b, 0xd5 },
    { 0x5f6c, 0xc4 },
    { 0x5f6d, 0x24 },
    { 0x5f6e, 0x08 },
    { 0x5f6f, 0xa8 },
    { 0x5f70, 0x59 },
    { 0x5f71, 0x52 },
    { 0x5f72, 0xda },
    { 0x5f73, 0x57 },
    { 0x5f74, 0x1e },
    { 0x5f75, 0x38 },
    { 0x5f76, 0x50 },
    { 0x5f77, 0x23 },
    { 0x5f78, 0x07 },
    { 0x5f79, 0xb4 },
    { 0x5f7a, 0xfa },
    { 0x5f7b, 0x5f },
    { 0x5f7c, 0x52 },
    { 0x5f7d, 0xcf },
    { 0x5f7e, 0xd2 },
    { 0x5f7f, 0x59 },
    { 0x5f80, 0x1c },
    { 0x5f81, 0x9b },
    { 0x5f82, 0x40 },
    { 0x5f83, 0x7b },
    { 0x5f84, 0x2d },
    { 0x5f85, 0x3b },
    { 0x5f86, 0x3d },
    { 0x5f87, 0x03 },
    { 0x5f88, 0x22 },
    { 0x5f89, 0xfe },
    { 0x5f8a, 0x7e },
    { 0x5f8b, 0x49 },
    { 0x5f8c, 0xef },
    { 0x5f8d, 0x63 },
    { 0x5f8e, 0x34 },
    { 0x5f8f, 0x01 },
    { 0x5f90, 0x7a },
    { 0x5f91, 0x33 },
    { 0x5f92, 0x9c },
    { 0x5f93, 0x2b },
    { 0x5f94, 0xc5 },
    { 0x5f95, 0x9a },
    { 0x5f96, 0x21 },
    { 0x5f97, 0x7d },
    { 0x5f98, 0x01 },
    { 0x5f99, 0x43 },
    { 0x5f9a, 0x26 },
    { 0x5f9b, 0xba },
    { 0x5f9c, 0x66 },
    { 0x5f9d, 0xb5 },
    { 0x5f9e, 0x45 },
    { 0x5f9f, 0x66 },
    { 0x5fa0, 0x00 },
    { 0x5fa1, 0x4a },
    { 0x5fa2, 0xb0 },
    { 0x5fa3, 0x2c },
    { 0x5fa4, 0xf9 },
    { 0x5fa5, 0x80 },
    { 0x5fa6, 0x3e },
    { 0x5fa7, 0x52 },
    { 0x5fa8, 0xb2 },
    { 0x5fa9, 0x56 },
    { 0x5faa, 0x48 },
    { 0x5fab, 0xb8 },
    { 0x5fac, 0x3a },
    { 0x5fad, 0x9e },
    { 0x5fae, 0x92 },
    { 0x5faf, 0xf9 },
    { 0x5fb0, 0x78 },
    { 0x5fb1, 0xc3 },
    { 0x5fb2, 0x30 },
    { 0x5fb3, 0x4b },
    { 0x5fb4, 0x2b },
    { 0x5fb5, 0xa0 },
    { 0x5fb6, 0xf9 },
    { 0x5fb7, 0x7e },
    { 0x5fb8, 0x52 },
    { 0x5fb9, 0xdb },
    { 0x5fba, 0x61 },
    { 0x5fbb, 0x70 },
    { 0x5fbc, 0x89 },
    { 0x5fbd, 0x10 },
    { 0x5fbe, 0x3e },
    { 0x5fbf, 0x8a },
    { 0x5fc0, 0xd3 },
    { 0x5fc1, 0x19 },
    { 0x5fc2, 0x7f },
    { 0x5fc3, 0xce },
    { 0x5fc4, 0xbf },
    { 0x5fc5, 0x53 },
    { 0x5fc6, 0x47 },
    { 0x5fc7, 0xa2 },
    { 0x5fc8, 0x8a },
    { 0x5fc9, 0x5b },
    { 0x5fca, 0xb5 },
    { 0x5fcb, 0xbc },
    { 0x5fcc, 0xb3 },
    { 0x5fcd, 0xa4 },
    { 0x5fce, 0x64 },
    { 0x5fcf, 0x62 },
    { 0x5fd0, 0x8d },
    { 0x5fd1, 0xeb },
    { 0x5fd2, 0x80 },
    { 0x5fd3, 0xdd },
    { 0x5fd4, 0x17 },
    { 0x5fd5, 0xb3 },
    { 0x5fd6, 0x01 },
    { 0x5fd7, 0xce },
    { 0x5fd8, 0xe6 },
    { 0x5fd9, 0xf1 },
    { 0x5fda, 0x12 },
    { 0x5fdb, 0x8d },
    { 0x5fdc, 0x3f },
    { 0x5fdd, 0xa6 },
    { 0x5fde, 0x0b },
    { 0x5fdf, 0x50 },
    { 0x5fe0, 0x1f },
    { 0x5fe1, 0xc5 },
    { 0x5fe2, 0x68 },
    { 0x5fe3, 0x73 },
    { 0x5fe4, 0x40 },
    { 0x5fe5, 0x5f },
    { 0x5fe6, 0xee },
    { 0x5fe7, 0xa0 },
    { 0x5fe8, 0x0f },
    { 0x5fe9, 0xea },
    { 0x5fea, 0xbe },
    { 0x5feb, 0xc1 },
    { 0x5fec, 0xa2 },
    { 0x5fed, 0x73 },
    { 0x5fee, 0x0b },
    { 0x5fef, 0xf4 },
    { 0x5ff0, 0x13 },
    { 0x5ff1, 0x62 },
    { 0x5ff2, 0x40 },
    { 0x5ff3, 0x71 },
    { 0x0515, 0x12 },
    { VB1940_REG_DELAY, 100 },
    { 0x0af6, 0xfe },
    { 0x0af7, 0x00 },
    { 0x0af8, 0xf6 },
    { 0x0af9, 0x00 },
    { 0x0afa, 0xf6 },
    { 0x0afb, 0x00 },
    { 0x0b4a, 0x09 },
    { 0x0b92, 0x09 },
    { 0x0bda, 0x09 },
    { 0x0c22, 0x09 },
    { 0x0738, 0x00 },
    { 0x0739, 0x46 },
    { 0x073a, 0xc3 },
    { 0x073b, 0x23 },
    { 0x0934, 0x1a },
    { 0x0935, 0x1b },
    { 0x0ad5, 0x00 },
    { 0x0ad6, 0x04 },
    { 0x0ad7, 0x03 },
    { 0x0b40, 0x10 },
    { 0x0b41, 0x00 },
    { 0x0b42, 0x00 },
    { 0x0b43, 0x00 },
    { 0x0b46, 0x23 },
    { 0x0b47, 0x0C },
    { 0x090c, 0x00 },
    { 0x090d, 0x00 },
    { 0x090e, 0x00 },
    { 0x090f, 0x00 },
    { 0x0910, 0x00 },
    { 0x0911, 0x0a },
    { 0x0912, 0xc0 },
    { 0x0913, 0x07 },
    { 0x0914, 0x2b },
    { 0x0b48, 0x01 },
    { 0x0b44, 0x00 },
    { 0x0c7a, 0x64 },
    { 0x0c7b, 0x00 },
    { 0x0c79, 0x00 },
    { 0x0b49, 0x0f },
    { 0x0b88, 0x06 },
    { 0x0b89, 0x00 },
    { 0x0b8a, 0x00 },
    { 0x0b8b, 0x00 },
    { 0x0b8e, 0x09 },
    { 0x0b8f, 0x07 },
    { 0x0916, 0x00 },
    { 0x0917, 0x00 },
    { 0x0918, 0x00 },
    { 0x0919, 0x00 },
    { 0x091a, 0x00 },
    { 0x091b, 0x0a },
    { 0x091c, 0xc0 },
    { 0x091d, 0x07 },
    { 0x091e, 0x2b },
    { 0x0b90, 0x02 },
    { 0x0b8c, 0x00 },
    { 0x0ca2, 0x1d },
    { 0x0ca3, 0x02 },
    { 0x0ca1, 0x00 },
    { 0x0b91, 0x0f },
    { 0x0adc, 0x01 },
    { 0x0add, 0x00 },
    { 0x0ade, 0x00 },
    { 0x0adf, 0x00 },
    { 0x0ae4, 0x00 },
    { 0x0ac7, 0x00 },
    { 0x110c, 0x00 },
    // { 0x10FE, 0x03 },
    { 0x10FE, 0x00 },
    { 0x0937, 0x03 }, //mirror & flip

	{ VB1940_REG_END, 0x00 },
};

#endif /* __VB1940_REGS_H__ */
